{
  "report_directory": "E:\\_ranim\\ranim-bench\\ranim\\target\\criterion\\reports\\merged_gpu_render\\submit\\100",
  "iteration_count": [
    186,
    186,
    186,
    186,
    186,
    186,
    186,
    186,
    186,
    186,
    186,
    186,
    186,
    186,
    186,
    186,
    186,
    186,
    186,
    186,
    186,
    186,
    186,
    186,
    186,
    186,
    186,
    186,
    186,
    186,
    186,
    186,
    186,
    186,
    186,
    186,
    186,
    186,
    186,
    186,
    186,
    186,
    186,
    186,
    186,
    186,
    186,
    186,
    186,
    186
  ],
  "mean": {
    "estimate": 539120.9247311829,
    "lower_bound": 535630.8672043011,
    "unit": "ns",
    "upper_bound": 543070.6349462366
  },
  "median": {
    "estimate": 537146.7741935484,
    "lower_bound": 533752.1505376345,
    "unit": "ns",
    "upper_bound": 540570.9677419355
  },
  "slope": null,
  "throughput": [],
  "typical": {
    "estimate": 539120.9247311829,
    "lower_bound": 535630.8672043011,
    "unit": "ns",
    "upper_bound": 543070.6349462366
  },
  "change": {
    "change": "Improved",
    "mean": {
      "estimate": -0.6763254593009125,
      "lower_bound": -0.6799655779664808,
      "unit": "%",
      "upper_bound": -0.6725582686997306
    },
    "median": {
      "estimate": -0.6760134359216904,
      "lower_bound": -0.6789804966031543,
      "unit": "%",
      "upper_bound": -0.6721003641046459
    }
  },
  "median_abs_dev": {
    "estimate": 8954.983550694607,
    "lower_bound": 6159.166664846498,
    "unit": "ns",
    "upper_bound": 13018.5828333902
  },
  "unit": "ns",
  "measured_values": [
    100635200.0,
    101552800.0,
    102246000.0,
    99907600.0,
    100233000.0,
    101763300.0,
    98866300.0,
    108451800.0,
    98403200.0,
    99335900.0,
    99608600.0,
    98705400.0,
    99911000.0,
    98991300.0,
    102341900.0,
    97097900.0,
    100004800.0,
    103505300.0,
    105848200.0,
    100599700.0,
    99153600.0,
    99426500.0,
    99285000.0,
    99457900.0,
    101409400.0,
    100452900.0,
    97586600.0,
    98235700.0,
    98187300.0,
    98916200.0,
    96994500.0,
    98963300.0,
    102974200.0,
    100699000.0,
    98478900.0,
    100546200.0,
    98086400.0,
    100937400.0,
    100649100.0,
    99219900.0,
    97408900.0,
    101144600.0,
    100286400.0,
    99619400.0,
    101115900.0,
    102854200.0,
    109263800.0,
    96004800.0,
    98235500.0,
    100221900.0
  ]
}