{
  "measured_values": [
    102599900.0,
    96512900.0,
    101547200.0,
    99671400.0,
    104970000.0,
    102287800.0,
    104371300.0,
    98656300.0,
    97562900.0,
    102573900.0,
    99358600.0,
    93608400.0,
    93426900.0,
    104713400.0,
    96984700.0,
    98870700.0,
    104407300.0,
    96081100.0,
    97295000.0,
    104678000.0,
    99808800.0,
    96222600.0,
    96260600.0,
    104173800.0,
    96056300.0,
    98835200.0,
    98485100.0,
    97579200.0,
    108788000.0,
    97260800.0,
    98564400.0,
    103109800.0,
    96240100.0,
    95395600.0,
    96624500.0,
    96241400.0,
    97825800.0,
    96353500.0,
    96270100.0,
    98114900.0,
    98788400.0,
    96083500.0,
    94514700.0,
    96781600.0,
    96628100.0,
    96119300.0,
    99029700.0,
    97258500.0,
    98218600.0,
    97604200.0
  ],
  "median": {
    "estimate": 1007371.1340206186,
    "lower_bound": 999842.2680412373,
    "unit": "ns",
    "upper_bound": 1018437.113402062
  },
  "unit": "ns",
  "median_abs_dev": {
    "estimate": 22533.226919542925,
    "lower_bound": 14866.561073694633,
    "unit": "ns",
    "upper_bound": 38939.64765919847
  },
  "throughput": [],
  "mean": {
    "estimate": 1018436.0412371136,
    "lower_bound": 1009217.587628866,
    "unit": "ns",
    "upper_bound": 1028263.2082474226
  },
  "change": {
    "change": "Improved",
    "mean": {
      "estimate": -0.955419495613208,
      "lower_bound": -0.9558835540502544,
      "unit": "%",
      "upper_bound": -0.9549916959913988
    },
    "median": {
      "estimate": -0.9557759737325894,
      "lower_bound": -0.9561467550589492,
      "unit": "%",
      "upper_bound": -0.9552573157832178
    }
  },
  "slope": null,
  "typical": {
    "estimate": 1018436.0412371136,
    "lower_bound": 1009217.587628866,
    "unit": "ns",
    "upper_bound": 1028263.2082474226
  },
  "report_directory": "E:\\_ranim\\ranim-bench\\ranim\\target\\criterion\\reports\\merged_gpu_render\\submit\\1600",
  "iteration_count": [
    97,
    97,
    97,
    97,
    97,
    97,
    97,
    97,
    97,
    97,
    97,
    97,
    97,
    97,
    97,
    97,
    97,
    97,
    97,
    97,
    97,
    97,
    97,
    97,
    97,
    97,
    97,
    97,
    97,
    97,
    97,
    97,
    97,
    97,
    97,
    97,
    97,
    97,
    97,
    97,
    97,
    97,
    97,
    97,
    97,
    97,
    97,
    97,
    97,
    97
  ]
}