{
  "slope": null,
  "change": {
    "change": "Improved",
    "mean": {
      "estimate": -0.9604727725988196,
      "lower_bound": -0.9609048409403692,
      "unit": "%",
      "upper_bound": -0.960063069575822
    },
    "median": {
      "estimate": -0.9603365104258256,
      "lower_bound": -0.9608321701308928,
      "unit": "%",
      "upper_bound": -0.9600589598880968
    }
  },
  "throughput": [],
  "mean": {
    "estimate": 2031417.2244897955,
    "lower_bound": 2013424.6826530604,
    "unit": "ns",
    "upper_bound": 2050035.1326530608
  },
  "median_abs_dev": {
    "estimate": 64326.68457225862,
    "lower_bound": 35240.49366007042,
    "unit": "ns",
    "upper_bound": 83984.7499375442
  },
  "measured_values": [
    98354500.0,
    106359400.0,
    99897500.0,
    99446500.0,
    95243400.0,
    96090800.0,
    102233700.0,
    97641800.0,
    95998100.0,
    105025700.0,
    94827100.0,
    97035100.0,
    102041300.0,
    105604900.0,
    99488700.0,
    98352200.0,
    101454400.0,
    100820900.0,
    100333600.0,
    97202400.0,
    93983500.0,
    94099400.0,
    100431000.0,
    98042700.0,
    98836900.0,
    100353200.0,
    99686600.0,
    99332500.0,
    99776800.0,
    101785500.0,
    96682300.0,
    98490200.0,
    98829000.0,
    102954900.0,
    104579700.0,
    99739000.0,
    98641400.0,
    98103800.0,
    100576100.0,
    106443700.0,
    96737300.0,
    96784500.0,
    96611100.0,
    96074700.0,
    98137500.0,
    104130100.0,
    99792400.0,
    99819800.0,
    107995400.0,
    96069200.0
  ],
  "unit": "ns",
  "report_directory": "E:\\_ranim\\ranim-bench\\ranim\\target\\criterion\\reports\\merged_gpu_render\\submit\\3600",
  "iteration_count": [
    49,
    49,
    49,
    49,
    49,
    49,
    49,
    49,
    49,
    49,
    49,
    49,
    49,
    49,
    49,
    49,
    49,
    49,
    49,
    49,
    49,
    49,
    49,
    49,
    49,
    49,
    49,
    49,
    49,
    49,
    49,
    49,
    49,
    49,
    49,
    49,
    49,
    49,
    49,
    49,
    49,
    49,
    49,
    49,
    49,
    49,
    49,
    49,
    49,
    49
  ],
  "typical": {
    "estimate": 2031417.2244897955,
    "lower_bound": 2013424.6826530604,
    "unit": "ns",
    "upper_bound": 2050035.1326530608
  },
  "median": {
    "estimate": 2028357.1428571427,
    "lower_bound": 2005020.408163265,
    "unit": "ns",
    "upper_bound": 2037652.0408163264
  }
}