{
  "report_directory": "E:\\_ranim\\ranim-bench\\ranim\\target\\criterion\\reports\\merged_gpu_render\\submit\\400",
  "change": {
    "change": "Improved",
    "mean": {
      "estimate": -0.8881229675176217,
      "lower_bound": -0.8896668379593183,
      "unit": "%",
      "upper_bound": -0.8865775436454456
    },
    "median": {
      "estimate": -0.8884057823536942,
      "lower_bound": -0.8895566787250933,
      "unit": "%",
      "upper_bound": -0.8870038608674928
    }
  },
  "slope": null,
  "typical": {
    "estimate": 672909.9066666667,
    "lower_bound": 669166.5306666667,
    "unit": "ns",
    "upper_bound": 677580.8003333333
  },
  "unit": "ns",
  "throughput": [],
  "median": {
    "estimate": 670889.6666666667,
    "lower_bound": 669423.3333333334,
    "unit": "ns",
    "upper_bound": 672246.6666666666
  },
  "measured_values": [
    102049800.0,
    101143200.0,
    99800800.0,
    99900600.0,
    100754500.0,
    100603500.0,
    100850200.0,
    100536000.0,
    101117300.0,
    101573600.0,
    100319100.0,
    101046100.0,
    99357500.0,
    97847200.0,
    99927800.0,
    101041300.0,
    100515000.0,
    100514200.0,
    100383300.0,
    101041400.0,
    100293800.0,
    99437100.0,
    100682900.0,
    103237900.0,
    100820900.0,
    99961300.0,
    98766400.0,
    99474300.0,
    100837000.0,
    102026600.0,
    100413500.0,
    100938000.0,
    100775300.0,
    100514500.0,
    99556200.0,
    100520200.0,
    101067900.0,
    100663400.0,
    99431900.0,
    104256900.0,
    97840600.0,
    101284700.0,
    100235300.0,
    98300900.0,
    99703300.0,
    109476200.0,
    111813100.0,
    101814000.0,
    101585500.0,
    100772300.0
  ],
  "iteration_count": [
    150,
    150,
    150,
    150,
    150,
    150,
    150,
    150,
    150,
    150,
    150,
    150,
    150,
    150,
    150,
    150,
    150,
    150,
    150,
    150,
    150,
    150,
    150,
    150,
    150,
    150,
    150,
    150,
    150,
    150,
    150,
    150,
    150,
    150,
    150,
    150,
    150,
    150,
    150,
    150,
    150,
    150,
    150,
    150,
    150,
    150,
    150,
    150,
    150,
    150
  ],
  "mean": {
    "estimate": 672909.9066666667,
    "lower_bound": 669166.5306666667,
    "unit": "ns",
    "upper_bound": 677580.8003333333
  },
  "median_abs_dev": {
    "estimate": 4910.3711128234,
    "lower_bound": 3061.074745655002,
    "unit": "ns",
    "upper_bound": 8747.339844703589
  }
}