{
  "id": "render/transform_squares/10",
  "iteration_count": [
    1,
    2,
    3,
    4,
    5,
    6,
    7,
    8,
    9,
    10
  ],
  "measured_values": [
    1244297200.0,
    2475856600.0,
    3800176900.0,
    4957958300.0,
    6146326000.0,
    7548895500.0,
    8778125600.0,
    9880665600.0,
    11291168300.0,
    12243661100.0
  ],
  "unit": "ns",
  "typical": {
    "estimate": 1241565472.7272727,
    "lower_bound": 1230972884.2102733,
    "upper_bound": 1253278310.8695652,
    "unit": "ns"
  },
  "mean": {
    "estimate": 1244389666.674603,
    "lower_bound": 1236485935.3333335,
    "upper_bound": 1252376394.7113097,
    "unit": "ns"
  },
  "median": {
    "estimate": 1241893387.5,
    "lower_bound": 1233596750.0,
    "upper_bound": 1256083596.4285717,
    "unit": "ns"
  },
  "median_abs_dev": {
    "estimate": 18349207.95423649,
    "lower_bound": 3062537.9306290327,
    "upper_bound": 21980903.306761008,
    "unit": "ns"
  }
}