{
  "median": {
    "estimate": 585.4518487447416,
    "lower_bound": 583.5794906708408,
    "unit": "ns",
    "upper_bound": 586.72984108299
  },
  "measured_values": [
    1001542.0,
    1994666.0,
    2976667.0,
    3948333.0,
    5093083.0,
    6055250.0,
    6987875.0,
    8049833.0,
    8916666.0,
    10062167.0,
    11187125.0,
    12071292.0,
    12915333.0,
    13836708.0,
    14925125.0,
    15980709.0,
    17439083.0,
    17926042.0,
    19658125.0,
    20994833.0,
    22402666.0,
    23251542.0,
    23537334.0,
    25066541.0,
    27461333.0,
    27253875.0,
    29458542.0,
    29962500.0,
    31076250.0,
    31650500.0,
    32902791.0,
    33046500.0,
    34064708.0,
    35490250.0,
    37526875.0,
    38258833.0,
    37073958.0,
    38013333.0,
    37981834.0,
    40009750.0,
    40427833.0,
    40756625.0,
    42395708.0,
    43729959.0,
    44453458.0,
    45597084.0,
    46846042.0,
    47465875.0,
    49076334.0,
    49425084.0,
    50191750.0,
    51760292.0,
    51956875.0,
    53679500.0,
    54722125.0,
    54755209.0,
    57074000.0,
    57287959.0,
    58378500.0,
    58806709.0,
    59885667.0,
    60125292.0,
    62720125.0,
    64199333.0,
    64381709.0,
    65251500.0,
    66173833.0,
    67137458.0,
    68307750.0,
    69235000.0,
    70289500.0,
    71406875.0,
    72140459.0,
    73211083.0,
    73132000.0,
    75885375.0,
    76359041.0,
    77385583.0,
    77965625.0,
    79704042.0,
    80152958.0,
    81830917.0,
    82680209.0,
    83531083.0,
    84469917.0,
    85038167.0,
    86075166.0,
    87050458.0,
    87722375.0,
    90184792.0,
    90578333.0,
    92134792.0,
    92662875.0,
    92807750.0,
    94308792.0,
    95789875.0,
    95219583.0,
    96528875.0,
    97209084.0,
    98123208.0
  ],
  "typical": {
    "estimate": 584.518141493188,
    "lower_bound": 583.2144363157792,
    "unit": "ns",
    "upper_bound": 585.9880831841114
  },
  "slope": {
    "estimate": 584.518141493188,
    "lower_bound": 583.2144363157792,
    "unit": "ns",
    "upper_bound": 585.9880831841114
  },
  "throughput": [],
  "iteration_count": [
    1699,
    3398,
    5097,
    6796,
    8495,
    10194,
    11893,
    13592,
    15291,
    16990,
    18689,
    20388,
    22087,
    23786,
    25485,
    27184,
    28883,
    30582,
    32281,
    33980,
    35679,
    37378,
    39077,
    40776,
    42475,
    44174,
    45873,
    47572,
    49271,
    50970,
    52669,
    54368,
    56067,
    57766,
    59465,
    61164,
    62863,
    64562,
    66261,
    67960,
    69659,
    71358,
    73057,
    74756,
    76455,
    78154,
    79853,
    81552,
    83251,
    84950,
    86649,
    88348,
    90047,
    91746,
    93445,
    95144,
    96843,
    98542,
    100241,
    101940,
    103639,
    105338,
    107037,
    108736,
    110435,
    112134,
    113833,
    115532,
    117231,
    118930,
    120629,
    122328,
    124027,
    125726,
    127425,
    129124,
    130823,
    132522,
    134221,
    135920,
    137619,
    139318,
    141017,
    142716,
    144415,
    146114,
    147813,
    149512,
    151211,
    152910,
    154609,
    156308,
    158007,
    159706,
    161405,
    163104,
    164803,
    166502,
    168201,
    169900
  ],
  "change": {
    "change": "Regressed",
    "mean": {
      "estimate": 0.05855227371286542,
      "lower_bound": 0.05286056238679952,
      "unit": "%",
      "upper_bound": 0.06485959025691447
    },
    "median": {
      "estimate": 0.0539640583942016,
      "lower_bound": 0.04228783445157168,
      "unit": "%",
      "upper_bound": 0.056539530447283326
    }
  },
  "median_abs_dev": {
    "estimate": 6.036165252204796,
    "lower_bound": 4.3874454242476615,
    "unit": "ns",
    "upper_bound": 8.182347601858089
  },
  "mean": {
    "estimate": 590.9764312140411,
    "lower_bound": 587.959176843964,
    "unit": "ns",
    "upper_bound": 594.2245884177149
  },
  "report_directory": "/Volumes/Files/_ranim/ranim-bench/ranim/target/criterion/reports/extract/polygon/10",
  "unit": "ns"
}