{
  "measured_values": [
    1001917.0,
    2008708.0,
    3023542.0,
    4058000.0,
    4938375.0,
    5982833.0,
    7031333.0,
    7794958.0,
    8713375.0,
    9939125.0,
    10975791.0,
    11874750.0,
    13419916.0,
    14166125.0,
    15129416.0,
    16099000.0,
    16669042.0,
    17845375.0,
    19019667.0,
    19780875.0,
    20857292.0,
    21619625.0,
    23156209.0,
    23507708.0,
    24764292.0,
    26503708.0,
    27044000.0,
    27654291.0,
    28579917.0,
    29395542.0,
    30247250.0,
    31584042.0,
    32875500.0,
    33852333.0,
    34375125.0,
    35525250.0,
    36431292.0,
    37918083.0,
    38744042.0,
    39570583.0,
    40143333.0,
    41085542.0,
    42445125.0,
    43556500.0,
    44575917.0,
    45905417.0,
    47228208.0,
    48185417.0,
    48682834.0,
    48977584.0,
    50495042.0,
    51997875.0,
    53073958.0,
    54059959.0,
    54778708.0,
    55337708.0,
    56973250.0,
    57595958.0,
    58200458.0,
    60046709.0,
    61043292.0,
    61838792.0,
    62097000.0,
    63381000.0,
    65279875.0,
    65916416.0,
    66492125.0,
    67738792.0,
    68724291.0,
    69902125.0,
    70463667.0,
    71135666.0,
    72673167.0,
    73995708.0,
    74735250.0,
    75583959.0,
    76217916.0,
    77502000.0,
    77919166.0,
    79155833.0,
    79194959.0,
    81269334.0,
    82553125.0,
    83091375.0,
    82927750.0,
    85065667.0,
    85584292.0,
    86335750.0,
    86971083.0,
    88599541.0,
    89512833.0,
    90596292.0,
    92624041.0,
    92724500.0,
    93787625.0,
    95414584.0,
    95645958.0,
    97118958.0,
    96256000.0,
    99151000.0
  ],
  "unit": "ns",
  "typical": {
    "estimate": 1126.1117382405043,
    "lower_bound": 1123.917744656345,
    "unit": "ns",
    "upper_bound": 1128.281650310604
  },
  "throughput": [],
  "median": {
    "estimate": 1127.940683857919,
    "lower_bound": 1125.7821387940842,
    "unit": "ns",
    "upper_bound": 1130.9620867296962
  },
  "median_abs_dev": {
    "estimate": 10.02356633584418,
    "lower_bound": 7.939898633472331,
    "unit": "ns",
    "upper_bound": 12.782155081736342
  },
  "slope": {
    "estimate": 1126.1117382405043,
    "lower_bound": 1123.917744656345,
    "unit": "ns",
    "upper_bound": 1128.281650310604
  },
  "iteration_count": [
    879,
    1758,
    2637,
    3516,
    4395,
    5274,
    6153,
    7032,
    7911,
    8790,
    9669,
    10548,
    11427,
    12306,
    13185,
    14064,
    14943,
    15822,
    16701,
    17580,
    18459,
    19338,
    20217,
    21096,
    21975,
    22854,
    23733,
    24612,
    25491,
    26370,
    27249,
    28128,
    29007,
    29886,
    30765,
    31644,
    32523,
    33402,
    34281,
    35160,
    36039,
    36918,
    37797,
    38676,
    39555,
    40434,
    41313,
    42192,
    43071,
    43950,
    44829,
    45708,
    46587,
    47466,
    48345,
    49224,
    50103,
    50982,
    51861,
    52740,
    53619,
    54498,
    55377,
    56256,
    57135,
    58014,
    58893,
    59772,
    60651,
    61530,
    62409,
    63288,
    64167,
    65046,
    65925,
    66804,
    67683,
    68562,
    69441,
    70320,
    71199,
    72078,
    72957,
    73836,
    74715,
    75594,
    76473,
    77352,
    78231,
    79110,
    79989,
    80868,
    81747,
    82626,
    83505,
    84384,
    85263,
    86142,
    87021,
    87900
  ],
  "report_directory": "/Volumes/Files/_ranim/ranim-bench/ranim/target/criterion/reports/extract/polygon/40",
  "change": {
    "change": "Regressed",
    "mean": {
      "estimate": 0.022684970983457346,
      "lower_bound": 0.020272675264599135,
      "unit": "%",
      "upper_bound": 0.025109992481401715
    },
    "median": {
      "estimate": 0.02341443411459143,
      "lower_bound": 0.02105723718350692,
      "unit": "%",
      "upper_bound": 0.02640130062441992
    }
  },
  "mean": {
    "estimate": 1129.0381075562543,
    "lower_bound": 1126.7878540613674,
    "unit": "ns",
    "upper_bound": 1131.350415167782
  }
}