{
  "iteration_count": [
    86,
    86,
    86,
    86,
    86,
    86,
    86,
    86,
    86,
    86,
    86,
    86,
    86,
    86,
    86,
    86,
    86,
    86,
    86,
    86,
    86,
    86,
    86,
    86,
    86,
    86,
    86,
    86,
    86,
    86,
    86,
    86,
    86,
    86,
    86,
    86,
    86,
    86,
    86,
    86,
    86,
    86,
    86,
    86,
    86,
    86,
    86,
    86,
    86,
    86
  ],
  "measured_values": [
    96601703.0,
    96802830.0,
    97483052.0,
    96904330.0,
    98054961.0,
    97060662.0,
    98112789.0,
    98197617.0,
    100099984.0,
    97459249.0,
    98547563.0,
    98009558.0,
    97578511.0,
    97878302.0,
    98243415.0,
    98180657.0,
    97981955.0,
    97357108.0,
    97063950.0,
    97960426.0,
    98750003.0,
    97264195.0,
    97085561.0,
    97393547.0,
    98193292.0,
    97724856.0,
    98248666.0,
    98092674.0,
    97389640.0,
    98005712.0,
    97281519.0,
    97657872.0,
    99028936.0,
    97705061.0,
    97884887.0,
    98055486.0,
    97913921.0,
    97486252.0,
    99168868.0,
    97673072.0,
    97344889.0,
    96513905.0,
    97164292.0,
    96963767.0,
    99371809.0,
    96609965.0,
    97359476.0,
    96446600.0,
    97999262.0,
    97131370.0
  ],
  "throughput": [],
  "report_directory": "/home/user/workspaces/ranim-bench/ranim/target/criterion/reports/merged_gpu_render/submit/100",
  "median": {
    "estimate": 1135919.3779069767,
    "lower_bound": 1132483.1046511629,
    "unit": "ns",
    "upper_bound": 1139325.058139535
  },
  "median_abs_dev": {
    "estimate": 7165.353954184907,
    "lower_bound": 5068.416916500129,
    "unit": "ns",
    "upper_bound": 9963.468332415652
  },
  "unit": "ns",
  "change": null,
  "slope": null,
  "typical": {
    "estimate": 1136392.552790698,
    "lower_bound": 1134094.5500581402,
    "unit": "ns",
    "upper_bound": 1138819.1400406978
  },
  "mean": {
    "estimate": 1136392.552790698,
    "lower_bound": 1134094.5500581402,
    "unit": "ns",
    "upper_bound": 1138819.1400406978
  }
}