{
  "slope": null,
  "unit": "ns",
  "iteration_count": [
    21,
    21,
    21,
    21,
    21,
    21,
    21,
    21,
    21,
    21,
    21,
    21,
    21,
    21,
    21,
    21,
    21,
    21,
    21,
    21,
    21,
    21,
    21,
    21,
    21,
    21,
    21,
    21,
    21,
    21,
    21,
    21,
    21,
    21,
    21,
    21,
    21,
    21,
    21,
    21,
    21,
    21,
    21,
    21,
    21,
    21,
    21,
    21,
    21,
    21
  ],
  "median": {
    "estimate": 4740618.047619048,
    "lower_bound": 4722009.619047619,
    "unit": "ns",
    "upper_bound": 4767711.238095238
  },
  "change": null,
  "throughput": [],
  "mean": {
    "estimate": 4744294.956190477,
    "lower_bound": 4730058.380952381,
    "unit": "ns",
    "upper_bound": 4758487.863380953
  },
  "report_directory": "/home/user/workspaces/ranim-bench/ranim/target/criterion/reports/merged_gpu_render/submit/400",
  "measured_values": [
    101435118.0,
    100520839.0,
    101735691.0,
    99303995.0,
    98451471.0,
    100183480.0,
    101286421.0,
    98970141.0,
    98655673.0,
    98089253.0,
    100681651.0,
    100470476.0,
    99303816.0,
    99011580.0,
    98551349.0,
    99058958.0,
    100521664.0,
    98601403.0,
    99897286.0,
    97156692.0,
    99612414.0,
    99162202.0,
    100121936.0,
    100630509.0,
    99422460.0,
    100027040.0,
    101324556.0,
    100560257.0,
    100346588.0,
    98417460.0,
    98029886.0,
    100245579.0,
    100177742.0,
    99493544.0,
    99324798.0,
    97906236.0,
    100459671.0,
    101057489.0,
    99886058.0,
    99048743.0,
    98230091.0,
    101256090.0,
    99975736.0,
    99290145.0,
    99151586.0,
    97753893.0,
    98738063.0,
    98976789.0,
    99958175.0,
    101037011.0
  ],
  "median_abs_dev": {
    "estimate": 60441.435526949754,
    "lower_bound": 40524.22278055093,
    "unit": "ns",
    "upper_bound": 73227.09529995918
  },
  "typical": {
    "estimate": 4744294.956190477,
    "lower_bound": 4730058.380952381,
    "unit": "ns",
    "upper_bound": 4758487.863380953
  }
}