{
  "measured_values": [
    1013000.0,
    1927800.0,
    2871500.0,
    4717000.0,
    4815200.0,
    6564400.0,
    7017500.0,
    7975600.0,
    8751200.0,
    10482800.0,
    10831500.0,
    12076100.0,
    12577000.0,
    13498900.0,
    14534800.0,
    15433500.0,
    16351800.0,
    18872600.0,
    18630200.0,
    19530800.0,
    21663400.0,
    21466100.0,
    25727100.0,
    25463800.0,
    24887800.0,
    25439400.0,
    26508600.0,
    29406100.0,
    30020500.0,
    29342200.0,
    30760100.0,
    31481800.0,
    33747200.0,
    34587100.0,
    33651000.0,
    34650600.0,
    35072100.0,
    38701200.0,
    41186200.0,
    38617600.0,
    39037000.0,
    41007300.0,
    43944600.0,
    43451800.0,
    43124300.0,
    43972000.0,
    48820800.0,
    47551900.0,
    48598300.0,
    50099800.0,
    48481400.0,
    51342500.0,
    54401500.0,
    52945200.0,
    54137600.0,
    56466200.0,
    56023300.0,
    60000300.0,
    56250600.0,
    57381600.0,
    60919400.0,
    59286400.0,
    61042600.0,
    65047000.0,
    62030600.0,
    63409600.0,
    64358300.0,
    67340500.0,
    71872700.0,
    71617800.0,
    69425900.0,
    69200400.0,
    73521900.0,
    75167500.0,
    72373100.0,
    72765200.0,
    73258500.0,
    73911600.0,
    75923000.0,
    76666100.0,
    76631500.0,
    78470600.0,
    82492700.0,
    80624100.0,
    80606600.0,
    81891600.0,
    82650400.0,
    85691800.0,
    86260600.0,
    85465700.0,
    86773800.0,
    88274900.0,
    88961400.0,
    88917600.0,
    90030400.0,
    92668700.0,
    92769000.0,
    99520400.0,
    93976600.0,
    95324500.0
  ],
  "median": {
    "estimate": 1412.5152705471085,
    "lower_bound": 1396.4491377231066,
    "unit": "ns",
    "upper_bound": 1423.7427641099855
  },
  "slope": {
    "estimate": 1406.7799517407732,
    "lower_bound": 1398.254313887647,
    "unit": "ns",
    "upper_bound": 1416.6527784603104
  },
  "typical": {
    "estimate": 1406.7799517407732,
    "lower_bound": 1398.254313887647,
    "unit": "ns",
    "upper_bound": 1416.6527784603104
  },
  "report_directory": "E:\\_ranim\\ranim-bench\\ranim\\target\\criterion\\reports\\extract\\polygon\\10",
  "mean": {
    "estimate": 1427.8519075748422,
    "lower_bound": 1417.240606056885,
    "unit": "ns",
    "upper_bound": 1439.5047486341298
  },
  "median_abs_dev": {
    "estimate": 42.21940576370623,
    "lower_bound": 27.83153458019831,
    "unit": "ns",
    "upper_bound": 56.62569057879643
  },
  "throughput": [],
  "change": {
    "change": "Regressed",
    "mean": {
      "estimate": 0.5560342032174364,
      "lower_bound": 0.5428233801786809,
      "unit": "%",
      "upper_bound": 0.5704087097097224
    },
    "median": {
      "estimate": 0.5497068424935005,
      "lower_bound": 0.5306120079752468,
      "unit": "%",
      "upper_bound": 0.564071515396243
    }
  },
  "iteration_count": [
    691,
    1382,
    2073,
    2764,
    3455,
    4146,
    4837,
    5528,
    6219,
    6910,
    7601,
    8292,
    8983,
    9674,
    10365,
    11056,
    11747,
    12438,
    13129,
    13820,
    14511,
    15202,
    15893,
    16584,
    17275,
    17966,
    18657,
    19348,
    20039,
    20730,
    21421,
    22112,
    22803,
    23494,
    24185,
    24876,
    25567,
    26258,
    26949,
    27640,
    28331,
    29022,
    29713,
    30404,
    31095,
    31786,
    32477,
    33168,
    33859,
    34550,
    35241,
    35932,
    36623,
    37314,
    38005,
    38696,
    39387,
    40078,
    40769,
    41460,
    42151,
    42842,
    43533,
    44224,
    44915,
    45606,
    46297,
    46988,
    47679,
    48370,
    49061,
    49752,
    50443,
    51134,
    51825,
    52516,
    53207,
    53898,
    54589,
    55280,
    55971,
    56662,
    57353,
    58044,
    58735,
    59426,
    60117,
    60808,
    61499,
    62190,
    62881,
    63572,
    64263,
    64954,
    65645,
    66336,
    67027,
    67718,
    68409,
    69100
  ],
  "unit": "ns"
}