{
  "unit": "ns",
  "throughput": [],
  "typical": {
    "estimate": 2085.8836168121793,
    "lower_bound": 2078.1430605448195,
    "unit": "ns",
    "upper_bound": 2095.299615610308
  },
  "measured_values": [
    1003100.0,
    2002200.0,
    2948900.0,
    3989600.0,
    4895500.0,
    6145800.0,
    6888900.0,
    7823200.0,
    8878100.0,
    9822800.0,
    11055700.0,
    11905400.0,
    12778600.0,
    13720400.0,
    14667500.0,
    15862300.0,
    16675900.0,
    18629000.0,
    19436800.0,
    20229100.0,
    21987100.0,
    22792700.0,
    24056800.0,
    25436700.0,
    26134600.0,
    27421900.0,
    29363300.0,
    30070900.0,
    30378400.0,
    31492700.0,
    32029000.0,
    33224700.0,
    34446800.0,
    32821100.0,
    33934500.0,
    35570600.0,
    37028800.0,
    37190400.0,
    37386300.0,
    39244400.0,
    39315900.0,
    40310800.0,
    42114000.0,
    43121700.0,
    43337600.0,
    45793900.0,
    44995700.0,
    46523200.0,
    49399400.0,
    49401100.0,
    51210900.0,
    50080800.0,
    52421700.0,
    53802000.0,
    53629500.0,
    54502400.0,
    56215100.0,
    56254100.0,
    57201700.0,
    58507200.0,
    61980100.0,
    66992600.0,
    61799200.0,
    62577500.0,
    63157400.0,
    63350800.0,
    66333300.0,
    67160200.0,
    66833400.0,
    67643900.0,
    68910800.0,
    72605300.0,
    70682200.0,
    71055100.0,
    73144300.0,
    72830500.0,
    74965300.0,
    76764900.0,
    75899000.0,
    78250800.0,
    79151300.0,
    79709800.0,
    80214300.0,
    81745900.0,
    81707000.0,
    83710300.0,
    83396200.0,
    84772300.0,
    86909300.0,
    86586900.0,
    87474900.0,
    89528400.0,
    91958100.0,
    92832600.0,
    92202200.0,
    93249300.0,
    95218800.0,
    96740200.0,
    95896100.0,
    97193100.0
  ],
  "mean": {
    "estimate": 2111.8962497296748,
    "lower_bound": 2099.742709292573,
    "unit": "ns",
    "upper_bound": 2124.9430421475213
  },
  "median_abs_dev": {
    "estimate": 37.09533403161133,
    "lower_bound": 28.410832194899047,
    "unit": "ns",
    "upper_bound": 55.694205091219885
  },
  "median": {
    "estimate": 2090.590544223117,
    "lower_bound": 2083.4567444179584,
    "unit": "ns",
    "upper_bound": 2102.8354468260204
  },
  "change": {
    "change": "Regressed",
    "mean": {
      "estimate": 0.8852544157940085,
      "lower_bound": 0.8660234056703833,
      "unit": "%",
      "upper_bound": 0.9025790638061209
    },
    "median": {
      "estimate": 0.8843466344884416,
      "lower_bound": 0.8729889379018989,
      "unit": "%",
      "upper_bound": 0.8963704476099599
    }
  },
  "report_directory": "E:\\_ranim\\ranim-bench\\ranim\\target\\criterion\\reports\\extract\\polygon\\20",
  "iteration_count": [
    469,
    938,
    1407,
    1876,
    2345,
    2814,
    3283,
    3752,
    4221,
    4690,
    5159,
    5628,
    6097,
    6566,
    7035,
    7504,
    7973,
    8442,
    8911,
    9380,
    9849,
    10318,
    10787,
    11256,
    11725,
    12194,
    12663,
    13132,
    13601,
    14070,
    14539,
    15008,
    15477,
    15946,
    16415,
    16884,
    17353,
    17822,
    18291,
    18760,
    19229,
    19698,
    20167,
    20636,
    21105,
    21574,
    22043,
    22512,
    22981,
    23450,
    23919,
    24388,
    24857,
    25326,
    25795,
    26264,
    26733,
    27202,
    27671,
    28140,
    28609,
    29078,
    29547,
    30016,
    30485,
    30954,
    31423,
    31892,
    32361,
    32830,
    33299,
    33768,
    34237,
    34706,
    35175,
    35644,
    36113,
    36582,
    37051,
    37520,
    37989,
    38458,
    38927,
    39396,
    39865,
    40334,
    40803,
    41272,
    41741,
    42210,
    42679,
    43148,
    43617,
    44086,
    44555,
    45024,
    45493,
    45962,
    46431,
    46900
  ],
  "slope": {
    "estimate": 2085.8836168121793,
    "lower_bound": 2078.1430605448195,
    "unit": "ns",
    "upper_bound": 2095.299615610308
  }
}