{
  "change": {
    "change": "Improved",
    "mean": {
      "estimate": -0.027738265603433954,
      "lower_bound": -0.031202430475972785,
      "unit": "%",
      "upper_bound": -0.02418398988736148
    },
    "median": {
      "estimate": -0.026173755784281272,
      "lower_bound": -0.029160519908281946,
      "unit": "%",
      "upper_bound": -0.024143260837423356
    }
  },
  "iteration_count": [
    2191,
    4382,
    6573,
    8764,
    10955,
    13146,
    15337,
    17528,
    19719,
    21910,
    24101,
    26292,
    28483,
    30674,
    32865,
    35056,
    37247,
    39438,
    41629,
    43820,
    46011,
    48202,
    50393,
    52584,
    54775,
    56966,
    59157,
    61348,
    63539,
    65730,
    67921,
    70112,
    72303,
    74494,
    76685,
    78876,
    81067,
    83258,
    85449,
    87640,
    89831,
    92022,
    94213,
    96404,
    98595,
    100786,
    102977,
    105168,
    107359,
    109550,
    111741,
    113932,
    116123,
    118314,
    120505,
    122696,
    124887,
    127078,
    129269,
    131460,
    133651,
    135842,
    138033,
    140224,
    142415,
    144606,
    146797,
    148988,
    151179,
    153370,
    155561,
    157752,
    159943,
    162134,
    164325,
    166516,
    168707,
    170898,
    173089,
    175280,
    177471,
    179662,
    181853,
    184044,
    186235,
    188426,
    190617,
    192808,
    194999,
    197190,
    199381,
    201572,
    203763,
    205954,
    208145,
    210336,
    212527,
    214718,
    216909,
    219100
  ],
  "unit": "ns",
  "mean": {
    "estimate": 453.70708547485896,
    "lower_bound": 452.5041255494791,
    "unit": "ns",
    "upper_bound": 455.0018026643348
  },
  "report_directory": "/Volumes/Files/_ranim/ranim-bench/ranim/target/criterion/reports/extract/arc",
  "median": {
    "estimate": 454.3754925887514,
    "lower_bound": 453.1033927738591,
    "unit": "ns",
    "upper_bound": 455.002582046991
  },
  "typical": {
    "estimate": 449.80606226002,
    "lower_bound": 449.10198661194926,
    "unit": "ns",
    "upper_bound": 450.6465135208207
  },
  "median_abs_dev": {
    "estimate": 4.456294271741758,
    "lower_bound": 2.2594210127715155,
    "unit": "ns",
    "upper_bound": 7.511890586213719
  },
  "measured_values": [
    1039583.0,
    2023666.0,
    3027500.0,
    4105958.0,
    5067667.0,
    6231792.0,
    7285125.0,
    8377042.0,
    9024625.0,
    9615833.0,
    11024417.0,
    12120959.0,
    13100208.0,
    14069375.0,
    15013167.0,
    16075250.0,
    17069000.0,
    18016166.0,
    19141666.0,
    19982625.0,
    20853167.0,
    21944042.0,
    22885833.0,
    23910375.0,
    24830583.0,
    25923084.0,
    26966000.0,
    27840917.0,
    28984500.0,
    29822958.0,
    30779916.0,
    31932416.0,
    32875042.0,
    33881875.0,
    34920333.0,
    35937084.0,
    36841167.0,
    37896542.0,
    38908958.0,
    39908917.0,
    40938333.0,
    41740291.0,
    42875250.0,
    43875750.0,
    44855083.0,
    45816208.0,
    46852541.0,
    47963708.0,
    48822625.0,
    49936291.0,
    50949625.0,
    51759042.0,
    52907042.0,
    53801500.0,
    54407000.0,
    55090958.0,
    56110333.0,
    57118250.0,
    58062375.0,
    59052250.0,
    60541958.0,
    61844000.0,
    62889417.0,
    63837000.0,
    64461292.0,
    65277209.0,
    65507875.0,
    67284291.0,
    68811708.0,
    69761334.0,
    70433167.0,
    71555791.0,
    72645416.0,
    72940666.0,
    73199500.0,
    74218875.0,
    74856125.0,
    76545792.0,
    77366916.0,
    78636625.0,
    79481875.0,
    80464500.0,
    81425541.0,
    82409583.0,
    83393750.0,
    84307416.0,
    85468083.0,
    86456459.0,
    87231417.0,
    88255791.0,
    89085250.0,
    90022417.0,
    91357042.0,
    92129333.0,
    93354208.0,
    94124166.0,
    95098000.0,
    96042500.0,
    97116084.0,
    97856209.0
  ],
  "throughput": [],
  "slope": {
    "estimate": 449.80606226002,
    "lower_bound": 449.10198661194926,
    "unit": "ns",
    "upper_bound": 450.6465135208207
  }
}