{
  "report_directory": "/Volumes/Files/_ranim/ranim-bench/ranim/target/criterion/reports/extract/circle",
  "iteration_count": [
    2104,
    4208,
    6312,
    8416,
    10520,
    12624,
    14728,
    16832,
    18936,
    21040,
    23144,
    25248,
    27352,
    29456,
    31560,
    33664,
    35768,
    37872,
    39976,
    42080,
    44184,
    46288,
    48392,
    50496,
    52600,
    54704,
    56808,
    58912,
    61016,
    63120,
    65224,
    67328,
    69432,
    71536,
    73640,
    75744,
    77848,
    79952,
    82056,
    84160,
    86264,
    88368,
    90472,
    92576,
    94680,
    96784,
    98888,
    100992,
    103096,
    105200,
    107304,
    109408,
    111512,
    113616,
    115720,
    117824,
    119928,
    122032,
    124136,
    126240,
    128344,
    130448,
    132552,
    134656,
    136760,
    138864,
    140968,
    143072,
    145176,
    147280,
    149384,
    151488,
    153592,
    155696,
    157800,
    159904,
    162008,
    164112,
    166216,
    168320,
    170424,
    172528,
    174632,
    176736,
    178840,
    180944,
    183048,
    185152,
    187256,
    189360,
    191464,
    193568,
    195672,
    197776,
    199880,
    201984,
    204088,
    206192,
    208296,
    210400
  ],
  "throughput": [],
  "slope": {
    "estimate": 466.31346094696863,
    "lower_bound": 465.94993608554057,
    "unit": "ns",
    "upper_bound": 466.6622419538252
  },
  "change": {
    "change": "Improved",
    "mean": {
      "estimate": -0.04176071856978425,
      "lower_bound": -0.043636264196189496,
      "unit": "%",
      "upper_bound": -0.03977235800225985
    },
    "median": {
      "estimate": -0.0418709665691952,
      "lower_bound": -0.04358393995989829,
      "unit": "%",
      "upper_bound": -0.03991042173864109
    }
  },
  "median": {
    "estimate": 466.48628343672874,
    "lower_bound": 465.85395233795794,
    "unit": "ns",
    "upper_bound": 466.8359484946219
  },
  "measured_values": [
    1007166.0,
    2010583.0,
    2928458.0,
    3922625.0,
    4887166.0,
    5903583.0,
    6918500.0,
    7809167.0,
    8829917.0,
    9875708.0,
    10761666.0,
    11755583.0,
    12745417.0,
    13732792.0,
    14639500.0,
    15725792.0,
    16617375.0,
    17626417.0,
    18610750.0,
    19536166.0,
    20574333.0,
    21501250.0,
    22537625.0,
    23513125.0,
    24519125.0,
    25377083.0,
    26376375.0,
    27455000.0,
    28413125.0,
    29300583.0,
    30124583.0,
    31431125.0,
    32473375.0,
    33589208.0,
    34491875.0,
    35288541.0,
    36376833.0,
    37295250.0,
    38413500.0,
    39287458.0,
    40344791.0,
    41356333.0,
    42283917.0,
    42869250.0,
    43989250.0,
    44973625.0,
    45965750.0,
    46942042.0,
    47878041.0,
    48903708.0,
    49891583.0,
    50822500.0,
    51676417.0,
    52805000.0,
    53690917.0,
    54669917.0,
    55991917.0,
    57007041.0,
    57913375.0,
    58953208.0,
    59918666.0,
    60847541.0,
    61841833.0,
    62901000.0,
    63952709.0,
    65033417.0,
    65770333.0,
    66457666.0,
    67759667.0,
    68806959.0,
    69755042.0,
    70650292.0,
    71666334.0,
    72692292.0,
    73673209.0,
    74791792.0,
    75891917.0,
    76766291.0,
    77797959.0,
    78661334.0,
    79567291.0,
    80656166.0,
    81478125.0,
    82447708.0,
    83607916.0,
    84532291.0,
    85535000.0,
    86516042.0,
    87486084.0,
    88342500.0,
    89557417.0,
    90444667.0,
    90842209.0,
    92464167.0,
    93039709.0,
    93917125.0,
    94772250.0,
    95713666.0,
    96667958.0,
    97806750.0
  ],
  "unit": "ns",
  "typical": {
    "estimate": 466.31346094696863,
    "lower_bound": 465.94993608554057,
    "unit": "ns",
    "upper_bound": 466.6622419538252
  },
  "median_abs_dev": {
    "estimate": 1.63566639961961,
    "lower_bound": 1.2273653136916625,
    "unit": "ns",
    "upper_bound": 2.157120308796452
  },
  "mean": {
    "estimate": 466.3604752695909,
    "lower_bound": 465.9443193826376,
    "unit": "ns",
    "upper_bound": 466.8326445336232
  }
}