{
  "throughput": [],
  "mean": {
    "estimate": 326.52970555258264,
    "lower_bound": 325.53816806178963,
    "unit": "ns",
    "upper_bound": 327.5259806304322
  },
  "change": {
    "change": "Improved",
    "mean": {
      "estimate": -0.014901536646088507,
      "lower_bound": -0.01899650539460204,
      "unit": "%",
      "upper_bound": -0.011007227580108903
    },
    "median": {
      "estimate": -0.007192538529416037,
      "lower_bound": -0.009313861130640146,
      "unit": "%",
      "upper_bound": -0.0053097461598976825
    }
  },
  "unit": "ns",
  "typical": {
    "estimate": 323.33396453317846,
    "lower_bound": 321.9759451398741,
    "unit": "ns",
    "upper_bound": 324.97739118674207
  },
  "median": {
    "estimate": 328.6618069652365,
    "lower_bound": 328.2197080291971,
    "unit": "ns",
    "upper_bound": 328.92127740098874
  },
  "report_directory": "/Volumes/Files/_ranim/ranim-bench/ranim/target/criterion/reports/extract/square",
  "iteration_count": [
    3014,
    6028,
    9042,
    12056,
    15070,
    18084,
    21098,
    24112,
    27126,
    30140,
    33154,
    36168,
    39182,
    42196,
    45210,
    48224,
    51238,
    54252,
    57266,
    60280,
    63294,
    66308,
    69322,
    72336,
    75350,
    78364,
    81378,
    84392,
    87406,
    90420,
    93434,
    96448,
    99462,
    102476,
    105490,
    108504,
    111518,
    114532,
    117546,
    120560,
    123574,
    126588,
    129602,
    132616,
    135630,
    138644,
    141658,
    144672,
    147686,
    150700,
    153714,
    156728,
    159742,
    162756,
    165770,
    168784,
    171798,
    174812,
    177826,
    180840,
    183854,
    186868,
    189882,
    192896,
    195910,
    198924,
    201938,
    204952,
    207966,
    210980,
    213994,
    217008,
    220022,
    223036,
    226050,
    229064,
    232078,
    235092,
    238106,
    241120,
    244134,
    247148,
    250162,
    253176,
    256190,
    259204,
    262218,
    265232,
    268246,
    271260,
    274274,
    277288,
    280302,
    283316,
    286330,
    289344,
    292358,
    295372,
    298386,
    301400
  ],
  "median_abs_dev": {
    "estimate": 1.5053619614233724,
    "lower_bound": 0.9968282576920324,
    "unit": "ns",
    "upper_bound": 3.5209940902671395
  },
  "measured_values": [
    1021542.0,
    1994708.0,
    2978458.0,
    4015000.0,
    5002542.0,
    5945417.0,
    6828500.0,
    7918584.0,
    8974542.0,
    9892542.0,
    10920333.0,
    11905375.0,
    12903250.0,
    13911708.0,
    14863125.0,
    15892000.0,
    16833334.0,
    17851375.0,
    18877417.0,
    19815750.0,
    20829375.0,
    21788250.0,
    22806833.0,
    23768333.0,
    24761584.0,
    25767833.0,
    26698458.0,
    27739667.0,
    28680917.0,
    29770250.0,
    30788917.0,
    31787500.0,
    32723333.0,
    33795583.0,
    34781541.0,
    35754041.0,
    36674000.0,
    37642291.0,
    38732125.0,
    39673042.0,
    40667875.0,
    41642791.0,
    42702375.0,
    43594916.0,
    44691791.0,
    45617917.0,
    46744875.0,
    47663084.0,
    48633917.0,
    49658750.0,
    50673625.0,
    51602209.0,
    52675917.0,
    53361833.0,
    54518334.0,
    55512583.0,
    55726458.0,
    56518375.0,
    57473416.0,
    58526875.0,
    59470917.0,
    60434167.0,
    61406667.0,
    63654167.0,
    63652916.0,
    64368791.0,
    65293791.0,
    66648333.0,
    67619041.0,
    68972459.0,
    69792709.0,
    71296625.0,
    72312834.0,
    73292458.0,
    74269166.0,
    75375541.0,
    79503500.0,
    79761750.0,
    77895375.0,
    76867959.0,
    77964709.0,
    78537166.0,
    79441750.0,
    80426958.0,
    81389041.0,
    82225166.0,
    83307125.0,
    84292500.0,
    85185584.0,
    86121334.0,
    87130958.0,
    88081458.0,
    89039375.0,
    89993333.0,
    90997708.0,
    92101083.0,
    93781042.0,
    94850250.0,
    95713625.0,
    96771375.0
  ],
  "slope": {
    "estimate": 323.33396453317846,
    "lower_bound": 321.9759451398741,
    "unit": "ns",
    "upper_bound": 324.97739118674207
  }
}