{
  "throughput": [],
  "slope": {
    "estimate": 553.1396073504532,
    "lower_bound": 552.5987156190503,
    "unit": "ns",
    "upper_bound": 553.8014018227598
  },
  "mean": {
    "estimate": 552.8322319908923,
    "lower_bound": 552.2463415333202,
    "unit": "ns",
    "upper_bound": 553.4749296843064
  },
  "unit": "ns",
  "iteration_count": [
    1782,
    3564,
    5346,
    7128,
    8910,
    10692,
    12474,
    14256,
    16038,
    17820,
    19602,
    21384,
    23166,
    24948,
    26730,
    28512,
    30294,
    32076,
    33858,
    35640,
    37422,
    39204,
    40986,
    42768,
    44550,
    46332,
    48114,
    49896,
    51678,
    53460,
    55242,
    57024,
    58806,
    60588,
    62370,
    64152,
    65934,
    67716,
    69498,
    71280,
    73062,
    74844,
    76626,
    78408,
    80190,
    81972,
    83754,
    85536,
    87318,
    89100,
    90882,
    92664,
    94446,
    96228,
    98010,
    99792,
    101574,
    103356,
    105138,
    106920,
    108702,
    110484,
    112266,
    114048,
    115830,
    117612,
    119394,
    121176,
    122958,
    124740,
    126522,
    128304,
    130086,
    131868,
    133650,
    135432,
    137214,
    138996,
    140778,
    142560,
    144342,
    146124,
    147906,
    149688,
    151470,
    153252,
    155034,
    156816,
    158598,
    160380,
    162162,
    163944,
    165726,
    167508,
    169290,
    171072,
    172854,
    174636,
    176418,
    178200
  ],
  "median": {
    "estimate": 552.0793528316676,
    "lower_bound": 551.8264446174526,
    "unit": "ns",
    "upper_bound": 552.4320936805533
  },
  "median_abs_dev": {
    "estimate": 1.4466052372645233,
    "lower_bound": 1.0275354216170074,
    "unit": "ns",
    "upper_bound": 2.162923306937891
  },
  "change": {
    "change": "NoChange",
    "mean": {
      "estimate": 0.000687054602748649,
      "lower_bound": -0.002253037837154885,
      "unit": "%",
      "upper_bound": 0.0030570050507085266
    },
    "median": {
      "estimate": 0.0010939270754852792,
      "lower_bound": 0.0005726907629168831,
      "unit": "%",
      "upper_bound": 0.001777882831490718
    }
  },
  "report_directory": "/Volumes/Files/_ranim/ranim-bench/ranim/target/criterion/reports/extract/arc",
  "typical": {
    "estimate": 553.1396073504532,
    "lower_bound": 552.5987156190503,
    "unit": "ns",
    "upper_bound": 553.8014018227598
  },
  "measured_values": [
    993167.0,
    1988292.0,
    2940542.0,
    3932959.0,
    4882250.0,
    5842834.0,
    6903458.0,
    7801333.0,
    8840417.0,
    9812625.0,
    10741333.0,
    11871750.0,
    12774500.0,
    13714459.0,
    14764125.0,
    15732167.0,
    16611542.0,
    17698292.0,
    18666542.0,
    19568708.0,
    20642209.0,
    21573458.0,
    22533625.0,
    23512958.0,
    24547958.0,
    25605416.0,
    26513250.0,
    27546625.0,
    28553958.0,
    29441500.0,
    30512708.0,
    31454708.0,
    32378459.0,
    33575750.0,
    34482625.0,
    35328750.0,
    36554041.0,
    37398166.0,
    38301416.0,
    39815083.0,
    40731583.0,
    41752000.0,
    42653083.0,
    43743875.0,
    44708458.0,
    45407416.0,
    46107708.0,
    47353792.0,
    48204250.0,
    49152834.0,
    50199667.0,
    51103833.0,
    52208750.0,
    53133542.0,
    54029750.0,
    55053167.0,
    56055667.0,
    56968584.0,
    58036125.0,
    59233375.0,
    61816333.0,
    61767208.0,
    62542083.0,
    64254750.0,
    64028375.0,
    64937542.0,
    65896167.0,
    66970750.0,
    67915167.0,
    69500833.0,
    70568875.0,
    71527416.0,
    71883125.0,
    72588292.0,
    73687417.0,
    74568584.0,
    76104000.0,
    77131625.0,
    78127666.0,
    78969708.0,
    79839417.0,
    80741709.0,
    81766500.0,
    82784000.0,
    83795292.0,
    84517667.0,
    85520333.0,
    86525500.0,
    87628250.0,
    88542250.0,
    89453542.0,
    90478792.0,
    91501166.0,
    92474000.0,
    93456042.0,
    94449583.0,
    95603750.0,
    96240541.0,
    97394542.0,
    98343833.0
  ]
}