{
  "measured_values": [
    1002459.0,
    1969583.0,
    2993750.0,
    3966917.0,
    4958833.0,
    5928333.0,
    6934667.0,
    7881209.0,
    8947000.0,
    9898875.0,
    10888458.0,
    11822250.0,
    12866375.0,
    13867542.0,
    14806167.0,
    15855708.0,
    16785083.0,
    17829959.0,
    18836125.0,
    19804083.0,
    20789459.0,
    21716417.0,
    22752458.0,
    23771375.0,
    24725792.0,
    25730458.0,
    26798500.0,
    27757500.0,
    28726000.0,
    29781083.0,
    30731959.0,
    31695667.0,
    32695500.0,
    33594792.0,
    34652625.0,
    35628666.0,
    36628958.0,
    37502625.0,
    38718125.0,
    39502958.0,
    40527708.0,
    41509375.0,
    42528291.0,
    43471500.0,
    44524375.0,
    45419792.0,
    46420083.0,
    47458583.0,
    48401416.0,
    49382375.0,
    50377750.0,
    51522208.0,
    52468292.0,
    53439459.0,
    54467833.0,
    55285500.0,
    56337542.0,
    57300875.0,
    58270291.0,
    59173583.0,
    60362250.0,
    60912291.0,
    62087166.0,
    63007833.0,
    64137875.0,
    65087334.0,
    66138792.0,
    67057417.0,
    67952750.0,
    69049667.0,
    69962708.0,
    71046625.0,
    71556417.0,
    73097709.0,
    74059667.0,
    74951833.0,
    76079458.0,
    76664917.0,
    77861042.0,
    78702458.0,
    79787666.0,
    80947666.0,
    81935083.0,
    82956458.0,
    83895834.0,
    84879125.0,
    85849000.0,
    87057125.0,
    87993334.0,
    88805417.0,
    89718250.0,
    90989042.0,
    91749666.0,
    92853833.0,
    93798584.0,
    94758667.0,
    95906875.0,
    96550750.0,
    97373166.0,
    98617834.0
  ],
  "median_abs_dev": {
    "estimate": 1.51325332637997,
    "lower_bound": 1.1003768372011031,
    "unit": "ns",
    "upper_bound": 1.8361616327471957
  },
  "throughput": [],
  "typical": {
    "estimate": 592.0679242351619,
    "lower_bound": 591.7770271030918,
    "unit": "ns",
    "upper_bound": 592.3551587739038
  },
  "report_directory": "/Volumes/Files/_ranim/ranim-bench/ranim/target/criterion/reports/extract/circle",
  "unit": "ns",
  "iteration_count": [
    1667,
    3334,
    5001,
    6668,
    8335,
    10002,
    11669,
    13336,
    15003,
    16670,
    18337,
    20004,
    21671,
    23338,
    25005,
    26672,
    28339,
    30006,
    31673,
    33340,
    35007,
    36674,
    38341,
    40008,
    41675,
    43342,
    45009,
    46676,
    48343,
    50010,
    51677,
    53344,
    55011,
    56678,
    58345,
    60012,
    61679,
    63346,
    65013,
    66680,
    68347,
    70014,
    71681,
    73348,
    75015,
    76682,
    78349,
    80016,
    81683,
    83350,
    85017,
    86684,
    88351,
    90018,
    91685,
    93352,
    95019,
    96686,
    98353,
    100020,
    101687,
    103354,
    105021,
    106688,
    108355,
    110022,
    111689,
    113356,
    115023,
    116690,
    118357,
    120024,
    121691,
    123358,
    125025,
    126692,
    128359,
    130026,
    131693,
    133360,
    135027,
    136694,
    138361,
    140028,
    141695,
    143362,
    145029,
    146696,
    148363,
    150030,
    151697,
    153364,
    155031,
    156698,
    158365,
    160032,
    161699,
    163366,
    165033,
    166700
  ],
  "median": {
    "estimate": 592.6073782447611,
    "lower_bound": 592.3588642271545,
    "unit": "ns",
    "upper_bound": 593.1136647670465
  },
  "change": {
    "change": "NoChange",
    "mean": {
      "estimate": 0.0015374931833467276,
      "lower_bound": 0.0005356612432785904,
      "unit": "%",
      "upper_bound": 0.002453100750882203
    },
    "median": {
      "estimate": 0.0019110280910594744,
      "lower_bound": 0.001056039325453062,
      "unit": "%",
      "upper_bound": 0.0029445352411296977
    }
  },
  "slope": {
    "estimate": 592.0679242351619,
    "lower_bound": 591.7770271030918,
    "unit": "ns",
    "upper_bound": 592.3551587739038
  },
  "mean": {
    "estimate": 592.8701265109893,
    "lower_bound": 592.535145033555,
    "unit": "ns",
    "upper_bound": 593.2259857096417
  }
}