{
  "iteration_count": [
    2481,
    4962,
    7443,
    9924,
    12405,
    14886,
    17367,
    19848,
    22329,
    24810,
    27291,
    29772,
    32253,
    34734,
    37215,
    39696,
    42177,
    44658,
    47139,
    49620,
    52101,
    54582,
    57063,
    59544,
    62025,
    64506,
    66987,
    69468,
    71949,
    74430,
    76911,
    79392,
    81873,
    84354,
    86835,
    89316,
    91797,
    94278,
    96759,
    99240,
    101721,
    104202,
    106683,
    109164,
    111645,
    114126,
    116607,
    119088,
    121569,
    124050,
    126531,
    129012,
    131493,
    133974,
    136455,
    138936,
    141417,
    143898,
    146379,
    148860,
    151341,
    153822,
    156303,
    158784,
    161265,
    163746,
    166227,
    168708,
    171189,
    173670,
    176151,
    178632,
    181113,
    183594,
    186075,
    188556,
    191037,
    193518,
    195999,
    198480,
    200961,
    203442,
    205923,
    208404,
    210885,
    213366,
    215847,
    218328,
    220809,
    223290,
    225771,
    228252,
    230733,
    233214,
    235695,
    238176,
    240657,
    243138,
    245619,
    248100
  ],
  "median_abs_dev": {
    "estimate": 3.722461899224432,
    "lower_bound": 1.7033409184624912,
    "unit": "ns",
    "upper_bound": 7.139180860759281
  },
  "slope": {
    "estimate": 400.5793712367681,
    "lower_bound": 399.0262101513634,
    "unit": "ns",
    "upper_bound": 402.1669643267185
  },
  "throughput": [],
  "typical": {
    "estimate": 400.5793712367681,
    "lower_bound": 399.0262101513634,
    "unit": "ns",
    "upper_bound": 402.1669643267185
  },
  "measured_values": [
    1011709.0,
    1984458.0,
    2981917.0,
    4030375.0,
    5029333.0,
    6015375.0,
    6954667.0,
    7989709.0,
    8866667.0,
    9955000.0,
    10965125.0,
    11919458.0,
    12900125.0,
    13926833.0,
    14904750.0,
    15831541.0,
    16924708.0,
    17849042.0,
    18887667.0,
    20345041.0,
    21448166.0,
    22106458.0,
    22887500.0,
    23863958.0,
    24810209.0,
    25791875.0,
    26788334.0,
    27777750.0,
    28735042.0,
    29770125.0,
    30715042.0,
    31684125.0,
    32684417.0,
    33788791.0,
    34828083.0,
    35814500.0,
    37005208.0,
    38433125.0,
    39371834.0,
    40396292.0,
    41390542.0,
    42493375.0,
    43501250.0,
    44272291.0,
    44569584.0,
    45660000.0,
    46654459.0,
    47601083.0,
    48541500.0,
    49499834.0,
    50537083.0,
    51441834.0,
    52344042.0,
    53197625.0,
    54402959.0,
    55516750.0,
    56467375.0,
    57309375.0,
    58387167.0,
    59436250.0,
    60515250.0,
    61434083.0,
    62391375.0,
    63120333.0,
    63464000.0,
    64422791.0,
    66348166.0,
    66664084.0,
    67862875.0,
    69634333.0,
    71639041.0,
    72559958.0,
    73591917.0,
    74648625.0,
    75749791.0,
    76562916.0,
    77772208.0,
    78677709.0,
    80557792.0,
    80502125.0,
    81745834.0,
    82702167.0,
    83669458.0,
    84589666.0,
    85719958.0,
    86650167.0,
    87785292.0,
    88720625.0,
    89467333.0,
    89295334.0,
    90065292.0,
    89674834.0,
    90694542.0,
    91569334.0,
    92569833.0,
    93757583.0,
    94669875.0,
    95528916.0,
    96525916.0,
    98366666.0
  ],
  "mean": {
    "estimate": 401.343491707644,
    "lower_bound": 400.4634925892766,
    "unit": "ns",
    "upper_bound": 402.22243926102976
  },
  "unit": "ns",
  "change": {
    "change": "NoChange",
    "mean": {
      "estimate": 0.003562542941183855,
      "lower_bound": 0.0012333842435467929,
      "unit": "%",
      "upper_bound": 0.006179343384521863
    },
    "median": {
      "estimate": 0.0011067279779841677,
      "lower_bound": 0.0001201410061502095,
      "unit": "%",
      "upper_bound": 0.003390739131794821
    }
  },
  "report_directory": "/Volumes/Files/_ranim/ranim-bench/ranim/target/criterion/reports/extract/rectangle",
  "median": {
    "estimate": 400.2289863958996,
    "lower_bound": 399.8504015130375,
    "unit": "ns",
    "upper_bound": 401.02061092877295
  }
}