{
  "slope": {
    "estimate": 402.10917806812665,
    "lower_bound": 401.1218025414837,
    "unit": "ns",
    "upper_bound": 403.2432230753561
  },
  "unit": "ns",
  "median": {
    "estimate": 402.0449350174679,
    "lower_bound": 400.9308732618392,
    "unit": "ns",
    "upper_bound": 403.00705883149874
  },
  "report_directory": "/Volumes/Files/_ranim/ranim-bench/ranim/target/criterion/reports/extract/square",
  "iteration_count": [
    2464,
    4928,
    7392,
    9856,
    12320,
    14784,
    17248,
    19712,
    22176,
    24640,
    27104,
    29568,
    32032,
    34496,
    36960,
    39424,
    41888,
    44352,
    46816,
    49280,
    51744,
    54208,
    56672,
    59136,
    61600,
    64064,
    66528,
    68992,
    71456,
    73920,
    76384,
    78848,
    81312,
    83776,
    86240,
    88704,
    91168,
    93632,
    96096,
    98560,
    101024,
    103488,
    105952,
    108416,
    110880,
    113344,
    115808,
    118272,
    120736,
    123200,
    125664,
    128128,
    130592,
    133056,
    135520,
    137984,
    140448,
    142912,
    145376,
    147840,
    150304,
    152768,
    155232,
    157696,
    160160,
    162624,
    165088,
    167552,
    170016,
    172480,
    174944,
    177408,
    179872,
    182336,
    184800,
    187264,
    189728,
    192192,
    194656,
    197120,
    199584,
    202048,
    204512,
    206976,
    209440,
    211904,
    214368,
    216832,
    219296,
    221760,
    224224,
    226688,
    229152,
    231616,
    234080,
    236544,
    239008,
    241472,
    243936,
    246400
  ],
  "median_abs_dev": {
    "estimate": 4.700561041448632,
    "lower_bound": 3.04194169879484,
    "unit": "ns",
    "upper_bound": 7.969530718902116
  },
  "change": {
    "change": "NoChange",
    "mean": {
      "estimate": 0.0024849250622529517,
      "lower_bound": -0.0003993130398135147,
      "unit": "%",
      "upper_bound": 0.0053981724326065345
    },
    "median": {
      "estimate": -0.003120376562150362,
      "lower_bound": -0.005951033686726226,
      "unit": "%",
      "upper_bound": -0.0007347685320677755
    }
  },
  "mean": {
    "estimate": 403.66222319456006,
    "lower_bound": 402.5614383425059,
    "unit": "ns",
    "upper_bound": 404.79238226296
  },
  "typical": {
    "estimate": 402.10917806812665,
    "lower_bound": 401.1218025414837,
    "unit": "ns",
    "upper_bound": 403.2432230753561
  },
  "throughput": [],
  "measured_values": [
    1029250.0,
    2042042.0,
    3038667.0,
    4045458.0,
    5046292.0,
    6093792.0,
    7124584.0,
    8082125.0,
    9163583.0,
    10149084.0,
    11154625.0,
    12119250.0,
    13256708.0,
    13961959.0,
    14588167.0,
    15627375.0,
    16514375.0,
    17618292.0,
    18824833.0,
    19624666.0,
    20739000.0,
    21684083.0,
    22750875.0,
    23716792.0,
    24478500.0,
    25469708.0,
    26609208.0,
    27641792.0,
    28330834.0,
    29319417.0,
    30412583.0,
    31265875.0,
    32605500.0,
    33594709.0,
    34643750.0,
    35558708.0,
    36662042.0,
    37583625.0,
    39429750.0,
    40658291.0,
    41659416.0,
    42705083.0,
    43717334.0,
    44392042.0,
    44623083.0,
    45483291.0,
    46862250.0,
    47850792.0,
    48867042.0,
    49643916.0,
    50611125.0,
    51624958.0,
    52641250.0,
    53681667.0,
    54713334.0,
    55629958.0,
    56646208.0,
    57686625.0,
    58080500.0,
    59121250.0,
    61611916.0,
    62923291.0,
    63873291.0,
    64783333.0,
    65846291.0,
    66892458.0,
    67895458.0,
    68971459.0,
    69937417.0,
    70970167.0,
    71139000.0,
    70353209.0,
    72342333.0,
    72960583.0,
    73685083.0,
    74710625.0,
    75613500.0,
    76051625.0,
    78127833.0,
    78609500.0,
    79977458.0,
    81316541.0,
    80732917.0,
    82149000.0,
    83591958.0,
    84261500.0,
    85835334.0,
    87231042.0,
    88194917.0,
    89144708.0,
    89751375.0,
    89822083.0,
    91435750.0,
    92867334.0,
    93764667.0,
    94768542.0,
    95746917.0,
    96735250.0,
    97735833.0,
    98765334.0
  ]
}