{
  "slope": {
    "estimate": 188.58270256994405,
    "lower_bound": 188.09639721187807,
    "unit": "ns",
    "upper_bound": 189.03578053135053
  },
  "typical": {
    "estimate": 188.58270256994405,
    "lower_bound": 188.09639721187807,
    "unit": "ns",
    "upper_bound": 189.03578053135053
  },
  "report_directory": "/home/user/workspaces/ranim-bench/ranim/target/criterion/reports/extract/rectangle",
  "throughput": [],
  "measured_values": [
    973598.0,
    1927658.0,
    2905113.0,
    3863813.0,
    4851577.0,
    5805697.0,
    6784544.0,
    7732685.0,
    8736058.0,
    9688716.0,
    10654299.0,
    11639808.0,
    12598759.0,
    13548040.0,
    14523181.0,
    15464627.0,
    16439117.0,
    17890852.0,
    18920064.0,
    19880757.0,
    20879050.0,
    21883105.0,
    22854499.0,
    23764406.0,
    24773891.0,
    25796401.0,
    26804192.0,
    27788631.0,
    28803264.0,
    29835492.0,
    30978818.0,
    31900088.0,
    32869537.0,
    33281621.0,
    34196718.0,
    35238313.0,
    36180863.0,
    37183705.0,
    38185356.0,
    39278296.0,
    40189468.0,
    41114182.0,
    42087400.0,
    43158380.0,
    44011230.0,
    45037387.0,
    46127072.0,
    47038363.0,
    47942009.0,
    48509574.0,
    49576106.0,
    50467700.0,
    51439824.0,
    52454048.0,
    53513857.0,
    54290725.0,
    55288899.0,
    56283536.0,
    57288602.0,
    58256449.0,
    59157120.0,
    60123474.0,
    61035896.0,
    62021707.0,
    63036682.0,
    64489840.0,
    65422500.0,
    66378565.0,
    67298862.0,
    68275735.0,
    69435223.0,
    70387069.0,
    71400231.0,
    72511807.0,
    73234905.0,
    74347532.0,
    75320198.0,
    76261896.0,
    77162917.0,
    78063077.0,
    79125772.0,
    81383881.0,
    82441265.0,
    83572609.0,
    84577905.0,
    85440545.0,
    86547753.0,
    87436992.0,
    88509926.0,
    89442025.0,
    90369506.0,
    91385133.0,
    92378237.0,
    93392932.0,
    94390153.0,
    95407854.0,
    96424311.0,
    95860183.0,
    96678719.0,
    97709474.0
  ],
  "iteration_count": [
    5213,
    10426,
    15639,
    20852,
    26065,
    31278,
    36491,
    41704,
    46917,
    52130,
    57343,
    62556,
    67769,
    72982,
    78195,
    83408,
    88621,
    93834,
    99047,
    104260,
    109473,
    114686,
    119899,
    125112,
    130325,
    135538,
    140751,
    145964,
    151177,
    156390,
    161603,
    166816,
    172029,
    177242,
    182455,
    187668,
    192881,
    198094,
    203307,
    208520,
    213733,
    218946,
    224159,
    229372,
    234585,
    239798,
    245011,
    250224,
    255437,
    260650,
    265863,
    271076,
    276289,
    281502,
    286715,
    291928,
    297141,
    302354,
    307567,
    312780,
    317993,
    323206,
    328419,
    333632,
    338845,
    344058,
    349271,
    354484,
    359697,
    364910,
    370123,
    375336,
    380549,
    385762,
    390975,
    396188,
    401401,
    406614,
    411827,
    417040,
    422253,
    427466,
    432679,
    437892,
    443105,
    448318,
    453531,
    458744,
    463957,
    469170,
    474383,
    479596,
    484809,
    490022,
    495235,
    500448,
    505661,
    510874,
    516087,
    521300
  ],
  "median": {
    "estimate": 187.61871182598475,
    "lower_bound": 187.35987913751836,
    "unit": "ns",
    "upper_bound": 187.79444046778588
  },
  "change": {
    "change": "Regressed",
    "mean": {
      "estimate": 0.021400175052352033,
      "lower_bound": 0.018517293889258334,
      "unit": "%",
      "upper_bound": 0.02412791448533349
    },
    "median": {
      "estimate": 0.021183631950604687,
      "lower_bound": 0.018168574686505328,
      "unit": "%",
      "upper_bound": 0.023568443187348923
    }
  },
  "median_abs_dev": {
    "estimate": 2.3504214170249935,
    "lower_bound": 1.8179525438876272,
    "unit": "ns",
    "upper_bound": 2.94448836849988
  },
  "mean": {
    "estimate": 188.0455042357545,
    "lower_bound": 187.6630723434879,
    "unit": "ns",
    "upper_bound": 188.43052715971007
  },
  "unit": "ns"
}