{
  "change": {
    "change": "Regressed",
    "mean": {
      "estimate": 0.0440077783126509,
      "lower_bound": 0.04034325272196006,
      "unit": "%",
      "upper_bound": 0.04793852821080733
    },
    "median": {
      "estimate": 0.04257840891858078,
      "lower_bound": 0.039405251604391,
      "unit": "%",
      "upper_bound": 0.044962569787097895
    }
  },
  "measured_values": [
    973196.0,
    1994964.0,
    2986065.0,
    3961306.0,
    4960761.0,
    5944959.0,
    6937101.0,
    7959680.0,
    8953065.0,
    9973410.0,
    10914818.0,
    11902240.0,
    12916915.0,
    14078836.0,
    15024271.0,
    15917698.0,
    16939907.0,
    17245801.0,
    18253051.0,
    19170374.0,
    20134363.0,
    21051825.0,
    22047623.0,
    22991375.0,
    23957839.0,
    24897683.0,
    25855612.0,
    26836673.0,
    27786877.0,
    28748401.0,
    29700930.0,
    30686359.0,
    31663252.0,
    32870670.0,
    33843184.0,
    34777989.0,
    35783246.0,
    36745803.0,
    37725201.0,
    38595294.0,
    39558933.0,
    40494298.0,
    41479287.0,
    42419182.0,
    43391276.0,
    44312956.0,
    45221702.0,
    46176294.0,
    47247395.0,
    47407805.0,
    48356657.0,
    49311068.0,
    50345891.0,
    51235891.0,
    52219968.0,
    53272554.0,
    54129803.0,
    55099713.0,
    55954849.0,
    56990793.0,
    58055161.0,
    58933700.0,
    59814183.0,
    60769285.0,
    61707797.0,
    62911416.0,
    63680570.0,
    64451427.0,
    65490427.0,
    66461229.0,
    67537329.0,
    68426939.0,
    69449128.0,
    70199276.0,
    71296455.0,
    72264422.0,
    73061639.0,
    74028553.0,
    74820841.0,
    75854090.0,
    76950928.0,
    78402062.0,
    79596034.0,
    80403629.0,
    81476784.0,
    82516405.0,
    83416174.0,
    84308910.0,
    85504444.0,
    86296571.0,
    87257655.0,
    88203941.0,
    89168511.0,
    90100251.0,
    91118822.0,
    91826952.0,
    93165654.0,
    95361176.0,
    96184440.0,
    97336372.0
  ],
  "median": {
    "estimate": 204.2756012655296,
    "lower_bound": 204.15042094716608,
    "unit": "ns",
    "upper_bound": 204.45183994214463
  },
  "throughput": [],
  "slope": {
    "estimate": 203.88562293334456,
    "lower_bound": 203.47888997803693,
    "unit": "ns",
    "upper_bound": 204.3143974045032
  },
  "iteration_count": [
    4693,
    9386,
    14079,
    18772,
    23465,
    28158,
    32851,
    37544,
    42237,
    46930,
    51623,
    56316,
    61009,
    65702,
    70395,
    75088,
    79781,
    84474,
    89167,
    93860,
    98553,
    103246,
    107939,
    112632,
    117325,
    122018,
    126711,
    131404,
    136097,
    140790,
    145483,
    150176,
    154869,
    159562,
    164255,
    168948,
    173641,
    178334,
    183027,
    187720,
    192413,
    197106,
    201799,
    206492,
    211185,
    215878,
    220571,
    225264,
    229957,
    234650,
    239343,
    244036,
    248729,
    253422,
    258115,
    262808,
    267501,
    272194,
    276887,
    281580,
    286273,
    290966,
    295659,
    300352,
    305045,
    309738,
    314431,
    319124,
    323817,
    328510,
    333203,
    337896,
    342589,
    347282,
    351975,
    356668,
    361361,
    366054,
    370747,
    375440,
    380133,
    384826,
    389519,
    394212,
    398905,
    403598,
    408291,
    412984,
    417677,
    422370,
    427063,
    431756,
    436449,
    441142,
    445835,
    450528,
    455221,
    459914,
    464607,
    469300
  ],
  "report_directory": "/home/user/workspaces/ranim-bench/ranim/target/criterion/reports/extract/square",
  "median_abs_dev": {
    "estimate": 2.55340358159675,
    "lower_bound": 1.8434397459739889,
    "unit": "ns",
    "upper_bound": 2.7906839806805044
  },
  "typical": {
    "estimate": 203.88562293334456,
    "lower_bound": 203.47888997803693,
    "unit": "ns",
    "upper_bound": 204.3143974045032
  },
  "unit": "ns",
  "mean": {
    "estimate": 205.22644662722735,
    "lower_bound": 204.60374508801328,
    "unit": "ns",
    "upper_bound": 205.88499808320532
  }
}