{
  "slope": {
    "estimate": 510.4016938087943,
    "lower_bound": 509.5157961058757,
    "unit": "ns",
    "upper_bound": 511.3463758276722
  },
  "median": {
    "estimate": 509.95615052359653,
    "lower_bound": 509.15639687287086,
    "unit": "ns",
    "upper_bound": 510.9858146705227
  },
  "measured_values": [
    1012917.0,
    2002792.0,
    2936250.0,
    3959500.0,
    4977375.0,
    6037041.0,
    7058417.0,
    7925291.0,
    8975791.0,
    10018041.0,
    10755667.0,
    11691625.0,
    12686709.0,
    13712083.0,
    14893334.0,
    15902375.0,
    16768875.0,
    17854541.0,
    18809667.0,
    20012250.0,
    21026792.0,
    21948042.0,
    23008084.0,
    24011791.0,
    25022083.0,
    25782583.0,
    26837166.0,
    27570875.0,
    28357458.0,
    29467875.0,
    30936500.0,
    31659000.0,
    32060209.0,
    33703875.0,
    34767166.0,
    35222375.0,
    36500000.0,
    37237917.0,
    38037042.0,
    39931334.0,
    40746458.0,
    41379791.0,
    42039791.0,
    43338209.0,
    43999959.0,
    44909167.0,
    46232708.0,
    47022500.0,
    48759084.0,
    49360583.0,
    50298084.0,
    50668208.0,
    51966875.0,
    52591000.0,
    54230750.0,
    55560792.0,
    56971625.0,
    58289917.0,
    59473542.0,
    59991583.0,
    61060541.0,
    63073416.0,
    63049584.0,
    64688542.0,
    65939625.0,
    66375583.0,
    67580209.0,
    68399583.0,
    68796708.0,
    69691083.0,
    71545834.0,
    71722167.0,
    72800834.0,
    73451833.0,
    74375083.0,
    75713250.0,
    76779917.0,
    78430083.0,
    78963667.0,
    78992833.0,
    80323750.0,
    80756875.0,
    81992709.0,
    83264917.0,
    84474125.0,
    85516542.0,
    85694666.0,
    87029042.0,
    88182833.0,
    89228708.0,
    90677666.0,
    91482834.0,
    92175083.0,
    93542167.0,
    93942250.0,
    95363000.0,
    96331250.0,
    96733125.0,
    97743917.0,
    99037333.0
  ],
  "median_abs_dev": {
    "estimate": 4.761218316657393,
    "lower_bound": 3.6634333895438487,
    "unit": "ns",
    "upper_bound": 6.078318737865298
  },
  "iteration_count": [
    1946,
    3892,
    5838,
    7784,
    9730,
    11676,
    13622,
    15568,
    17514,
    19460,
    21406,
    23352,
    25298,
    27244,
    29190,
    31136,
    33082,
    35028,
    36974,
    38920,
    40866,
    42812,
    44758,
    46704,
    48650,
    50596,
    52542,
    54488,
    56434,
    58380,
    60326,
    62272,
    64218,
    66164,
    68110,
    70056,
    72002,
    73948,
    75894,
    77840,
    79786,
    81732,
    83678,
    85624,
    87570,
    89516,
    91462,
    93408,
    95354,
    97300,
    99246,
    101192,
    103138,
    105084,
    107030,
    108976,
    110922,
    112868,
    114814,
    116760,
    118706,
    120652,
    122598,
    124544,
    126490,
    128436,
    130382,
    132328,
    134274,
    136220,
    138166,
    140112,
    142058,
    144004,
    145950,
    147896,
    149842,
    151788,
    153734,
    155680,
    157626,
    159572,
    161518,
    163464,
    165410,
    167356,
    169302,
    171248,
    173194,
    175140,
    177086,
    179032,
    180978,
    182924,
    184870,
    186816,
    188762,
    190708,
    192654,
    194600
  ],
  "report_directory": "/Volumes/Files/_ranim/ranim-bench/ranim/target/criterion/reports/extract/circle",
  "throughput": [],
  "typical": {
    "estimate": 510.4016938087943,
    "lower_bound": 509.5157961058757,
    "unit": "ns",
    "upper_bound": 511.3463758276722
  },
  "mean": {
    "estimate": 509.9242138801157,
    "lower_bound": 508.93860487649727,
    "unit": "ns",
    "upper_bound": 510.92173499749134
  },
  "unit": "ns",
  "change": {
    "change": "Improved",
    "mean": {
      "estimate": -0.02240723352884189,
      "lower_bound": -0.025433798050835003,
      "unit": "%",
      "upper_bound": -0.019319069608101928
    },
    "median": {
      "estimate": -0.02251509225539694,
      "lower_bound": -0.02523750627492738,
      "unit": "%",
      "upper_bound": -0.019944135134453145
    }
  }
}