{
  "mean": {
    "estimate": 376.2455466196316,
    "lower_bound": 375.089022923688,
    "unit": "ns",
    "upper_bound": 377.42707344054185
  },
  "throughput": [],
  "report_directory": "/Volumes/Files/_ranim/ranim-bench/ranim/target/criterion/reports/extract/rectangle",
  "change": {
    "change": "Regressed",
    "mean": {
      "estimate": 0.06774937447444529,
      "lower_bound": 0.06334715209457033,
      "unit": "%",
      "upper_bound": 0.07181395074788777
    },
    "median": {
      "estimate": 0.06684522566282625,
      "lower_bound": 0.0616056832087184,
      "unit": "%",
      "upper_bound": 0.07339698903068143
    }
  },
  "measured_values": [
    1014709.0,
    2040042.0,
    3074875.0,
    4114708.0,
    5106250.0,
    6126083.0,
    7316042.0,
    8241417.0,
    9018708.0,
    10098750.0,
    11242917.0,
    12099334.0,
    13098417.0,
    13966750.0,
    15094834.0,
    16811166.0,
    17352666.0,
    18317250.0,
    19194541.0,
    20393167.0,
    21267083.0,
    22168750.0,
    23340250.0,
    24447208.0,
    25554208.0,
    26148625.0,
    27128791.0,
    28028583.0,
    29499667.0,
    30528375.0,
    31432458.0,
    32499166.0,
    32817875.0,
    34130833.0,
    35468167.0,
    36444833.0,
    37279708.0,
    38558833.0,
    39123625.0,
    40571291.0,
    40603500.0,
    41806167.0,
    42642958.0,
    44061417.0,
    45380625.0,
    46048375.0,
    47132542.0,
    48356125.0,
    49170000.0,
    51187625.0,
    51429417.0,
    51899834.0,
    52423292.0,
    53615833.0,
    54182834.0,
    54377584.0,
    55392084.0,
    57369125.0,
    59534834.0,
    58404708.0,
    61232916.0,
    61263958.0,
    61602083.0,
    63331125.0,
    64647875.0,
    65510334.0,
    66338833.0,
    66730167.0,
    68604042.0,
    69089417.0,
    70576959.0,
    71433125.0,
    72360292.0,
    73552959.0,
    73451750.0,
    75798333.0,
    76720791.0,
    78041583.0,
    77981958.0,
    77858042.0,
    79973834.0,
    81039417.0,
    81733542.0,
    83050750.0,
    84178000.0,
    84806666.0,
    86855250.0,
    87924000.0,
    87814500.0,
    87913417.0,
    90022542.0,
    91600583.0,
    91654458.0,
    92055875.0,
    93090083.0,
    94509750.0,
    94778875.0,
    96445500.0,
    97221583.0,
    98704958.0
  ],
  "median": {
    "estimate": 375.60597415060465,
    "lower_bound": 373.9230418695748,
    "unit": "ns",
    "upper_bound": 377.51722267091657
  },
  "slope": {
    "estimate": 372.4191545435998,
    "lower_bound": 371.6243323669338,
    "unit": "ns",
    "upper_bound": 373.30779750910574
  },
  "iteration_count": [
    2659,
    5318,
    7977,
    10636,
    13295,
    15954,
    18613,
    21272,
    23931,
    26590,
    29249,
    31908,
    34567,
    37226,
    39885,
    42544,
    45203,
    47862,
    50521,
    53180,
    55839,
    58498,
    61157,
    63816,
    66475,
    69134,
    71793,
    74452,
    77111,
    79770,
    82429,
    85088,
    87747,
    90406,
    93065,
    95724,
    98383,
    101042,
    103701,
    106360,
    109019,
    111678,
    114337,
    116996,
    119655,
    122314,
    124973,
    127632,
    130291,
    132950,
    135609,
    138268,
    140927,
    143586,
    146245,
    148904,
    151563,
    154222,
    156881,
    159540,
    162199,
    164858,
    167517,
    170176,
    172835,
    175494,
    178153,
    180812,
    183471,
    186130,
    188789,
    191448,
    194107,
    196766,
    199425,
    202084,
    204743,
    207402,
    210061,
    212720,
    215379,
    218038,
    220697,
    223356,
    226015,
    228674,
    231333,
    233992,
    236651,
    239310,
    241969,
    244628,
    247287,
    249946,
    252605,
    255264,
    257923,
    260582,
    263241,
    265900
  ],
  "typical": {
    "estimate": 372.4191545435998,
    "lower_bound": 371.6243323669338,
    "unit": "ns",
    "upper_bound": 373.30779750910574
  },
  "unit": "ns",
  "median_abs_dev": {
    "estimate": 6.2849403575464935,
    "lower_bound": 4.919716993286035,
    "unit": "ns",
    "upper_bound": 7.667492430177738
  }
}