{
  "report_directory": "/home/user/workspaces/ranim-bench/ranim/target/criterion/reports/extract/polygon/10",
  "measured_values": [
    1014278.0,
    1994632.0,
    3067942.0,
    4011436.0,
    5010225.0,
    6084406.0,
    7053680.0,
    8046016.0,
    9155643.0,
    10136810.0,
    11062080.0,
    12126072.0,
    13222234.0,
    14151372.0,
    15155560.0,
    16148538.0,
    17219192.0,
    18232148.0,
    19263609.0,
    20221340.0,
    21229697.0,
    22284281.0,
    23283891.0,
    24236092.0,
    25415742.0,
    26338047.0,
    27251826.0,
    28375981.0,
    29463046.0,
    30271606.0,
    31435737.0,
    32412214.0,
    33461147.0,
    34414881.0,
    35160934.0,
    35933337.0,
    36910415.0,
    37886613.0,
    38875132.0,
    39874532.0,
    40841160.0,
    41873802.0,
    42799494.0,
    43903491.0,
    44900667.0,
    45912841.0,
    47030042.0,
    48219761.0,
    49160190.0,
    49952530.0,
    50970406.0,
    51839821.0,
    52950751.0,
    53791302.0,
    55449962.0,
    56371125.0,
    57396644.0,
    58427974.0,
    59561306.0,
    60376961.0,
    61555658.0,
    62378937.0,
    63479096.0,
    64553227.0,
    65495139.0,
    66737276.0,
    67826044.0,
    68607795.0,
    69802201.0,
    70692085.0,
    71640379.0,
    72632536.0,
    73930277.0,
    74666752.0,
    75754548.0,
    76641287.0,
    77998721.0,
    79243813.0,
    80383497.0,
    81539702.0,
    82315561.0,
    82444214.0,
    83506622.0,
    84560645.0,
    85370728.0,
    86199357.0,
    87056450.0,
    88080987.0,
    89074716.0,
    89999305.0,
    91083064.0,
    92082375.0,
    93061216.0,
    94246736.0,
    95191734.0,
    96071649.0,
    97125893.0,
    97617417.0,
    98518061.0,
    99686949.0
  ],
  "unit": "ns",
  "mean": {
    "estimate": 428.5370061243663,
    "lower_bound": 427.98592918127184,
    "unit": "ns",
    "upper_bound": 429.0864924150327
  },
  "typical": {
    "estimate": 427.7946915461261,
    "lower_bound": 427.1439597049838,
    "unit": "ns",
    "upper_bound": 428.5019531770521
  },
  "iteration_count": [
    2349,
    4698,
    7047,
    9396,
    11745,
    14094,
    16443,
    18792,
    21141,
    23490,
    25839,
    28188,
    30537,
    32886,
    35235,
    37584,
    39933,
    42282,
    44631,
    46980,
    49329,
    51678,
    54027,
    56376,
    58725,
    61074,
    63423,
    65772,
    68121,
    70470,
    72819,
    75168,
    77517,
    79866,
    82215,
    84564,
    86913,
    89262,
    91611,
    93960,
    96309,
    98658,
    101007,
    103356,
    105705,
    108054,
    110403,
    112752,
    115101,
    117450,
    119799,
    122148,
    124497,
    126846,
    129195,
    131544,
    133893,
    136242,
    138591,
    140940,
    143289,
    145638,
    147987,
    150336,
    152685,
    155034,
    157383,
    159732,
    162081,
    164430,
    166779,
    169128,
    171477,
    173826,
    176175,
    178524,
    180873,
    183222,
    185571,
    187920,
    190269,
    192618,
    194967,
    197316,
    199665,
    202014,
    204363,
    206712,
    209061,
    211410,
    213759,
    216108,
    218457,
    220806,
    223155,
    225504,
    227853,
    230202,
    232551,
    234900
  ],
  "throughput": [],
  "median_abs_dev": {
    "estimate": 3.3672643799102104,
    "lower_bound": 2.4812407359864537,
    "unit": "ns",
    "upper_bound": 4.041950733191444
  },
  "median": {
    "estimate": 428.9532187078803,
    "lower_bound": 428.0905159434736,
    "unit": "ns",
    "upper_bound": 429.5718539966358
  },
  "slope": {
    "estimate": 427.7946915461261,
    "lower_bound": 427.1439597049838,
    "unit": "ns",
    "upper_bound": 428.5019531770521
  },
  "change": {
    "change": "Regressed",
    "mean": {
      "estimate": 0.7112011994655423,
      "lower_bound": 0.7083136316336666,
      "unit": "%",
      "upper_bound": 0.7141573803129401
    },
    "median": {
      "estimate": 0.7146780675529067,
      "lower_bound": 0.7107238290759592,
      "unit": "%",
      "upper_bound": 0.7186314002989411
    }
  }
}