{
  "median": {
    "estimate": 700.4170023914053,
    "lower_bound": 696.9507685512367,
    "unit": "ns",
    "upper_bound": 704.8096708201599
  },
  "throughput": [],
  "median_abs_dev": {
    "estimate": 7.961004986265002,
    "lower_bound": 6.513627079249889,
    "unit": "ns",
    "upper_bound": 11.485169574488058
  },
  "mean": {
    "estimate": 701.8546907744417,
    "lower_bound": 700.4012169696722,
    "unit": "ns",
    "upper_bound": 703.3183651745753
  },
  "report_directory": "/home/user/workspaces/ranim-bench/ranim/target/criterion/reports/extract/polygon/20",
  "unit": "ns",
  "measured_values": [
    1002265.0,
    1956941.0,
    2951532.0,
    3909254.0,
    4914405.0,
    5879341.0,
    6855035.0,
    7831673.0,
    8788403.0,
    9750132.0,
    10783215.0,
    11756596.0,
    12701234.0,
    13778320.0,
    14747112.0,
    15688172.0,
    16636105.0,
    17702020.0,
    18650735.0,
    19703215.0,
    20683910.0,
    21647673.0,
    22682590.0,
    23553077.0,
    24595399.0,
    25654912.0,
    26607914.0,
    27595211.0,
    28582379.0,
    29569906.0,
    30550220.0,
    31522279.0,
    32524525.0,
    33488948.0,
    34530157.0,
    35447302.0,
    36379836.0,
    37506586.0,
    38467484.0,
    39441817.0,
    40390912.0,
    41412514.0,
    42426802.0,
    43345079.0,
    44268036.0,
    45335664.0,
    46404485.0,
    47343612.0,
    48264444.0,
    49470572.0,
    50409960.0,
    51706689.0,
    52922787.0,
    53926646.0,
    54989395.0,
    55830658.0,
    56818455.0,
    57863742.0,
    58933344.0,
    59824601.0,
    60850290.0,
    61849509.0,
    62752258.0,
    63679332.0,
    64953379.0,
    66628470.0,
    67524285.0,
    68557879.0,
    69616671.0,
    70515602.0,
    71564415.0,
    72527046.0,
    73499735.0,
    74709862.0,
    75609514.0,
    76621618.0,
    77540216.0,
    78578600.0,
    79779489.0,
    80721010.0,
    81638697.0,
    82678573.0,
    83477856.0,
    84477046.0,
    85438494.0,
    86490393.0,
    87458033.0,
    88481338.0,
    89422589.0,
    90577672.0,
    91702437.0,
    92665800.0,
    92899009.0,
    93788532.0,
    94744040.0,
    95749551.0,
    96802933.0,
    97322911.0,
    98284099.0,
    99342610.0
  ],
  "slope": {
    "estimate": 707.0166451470736,
    "lower_bound": 705.7625688921088,
    "unit": "ns",
    "upper_bound": 708.1662952136857
  },
  "typical": {
    "estimate": 707.0166451470736,
    "lower_bound": 705.7625688921088,
    "unit": "ns",
    "upper_bound": 708.1662952136857
  },
  "change": {
    "change": "Regressed",
    "mean": {
      "estimate": 0.8672135051205878,
      "lower_bound": 0.8621776243863095,
      "unit": "%",
      "upper_bound": 0.8718878810392511
    },
    "median": {
      "estimate": 0.8653579699711282,
      "lower_bound": 0.8547096933189349,
      "unit": "%",
      "upper_bound": 0.8781023775196373
    }
  },
  "iteration_count": [
    1415,
    2830,
    4245,
    5660,
    7075,
    8490,
    9905,
    11320,
    12735,
    14150,
    15565,
    16980,
    18395,
    19810,
    21225,
    22640,
    24055,
    25470,
    26885,
    28300,
    29715,
    31130,
    32545,
    33960,
    35375,
    36790,
    38205,
    39620,
    41035,
    42450,
    43865,
    45280,
    46695,
    48110,
    49525,
    50940,
    52355,
    53770,
    55185,
    56600,
    58015,
    59430,
    60845,
    62260,
    63675,
    65090,
    66505,
    67920,
    69335,
    70750,
    72165,
    73580,
    74995,
    76410,
    77825,
    79240,
    80655,
    82070,
    83485,
    84900,
    86315,
    87730,
    89145,
    90560,
    91975,
    93390,
    94805,
    96220,
    97635,
    99050,
    100465,
    101880,
    103295,
    104710,
    106125,
    107540,
    108955,
    110370,
    111785,
    113200,
    114615,
    116030,
    117445,
    118860,
    120275,
    121690,
    123105,
    124520,
    125935,
    127350,
    128765,
    130180,
    131595,
    133010,
    134425,
    135840,
    137255,
    138670,
    140085,
    141500
  ]
}