{
  "slope": {
    "estimate": 314.62908888947885,
    "lower_bound": 314.40408576144563,
    "unit": "ns",
    "upper_bound": 314.8526678632715
  },
  "median": {
    "estimate": 314.45796376016403,
    "lower_bound": 314.25253488782903,
    "unit": "ns",
    "upper_bound": 314.6625181447432
  },
  "iteration_count": [
    3145,
    6290,
    9435,
    12580,
    15725,
    18870,
    22015,
    25160,
    28305,
    31450,
    34595,
    37740,
    40885,
    44030,
    47175,
    50320,
    53465,
    56610,
    59755,
    62900,
    66045,
    69190,
    72335,
    75480,
    78625,
    81770,
    84915,
    88060,
    91205,
    94350,
    97495,
    100640,
    103785,
    106930,
    110075,
    113220,
    116365,
    119510,
    122655,
    125800,
    128945,
    132090,
    135235,
    138380,
    141525,
    144670,
    147815,
    150960,
    154105,
    157250,
    160395,
    163540,
    166685,
    169830,
    172975,
    176120,
    179265,
    182410,
    185555,
    188700,
    191845,
    194990,
    198135,
    201280,
    204425,
    207570,
    210715,
    213860,
    217005,
    220150,
    223295,
    226440,
    229585,
    232730,
    235875,
    239020,
    242165,
    245310,
    248455,
    251600,
    254745,
    257890,
    261035,
    264180,
    267325,
    270470,
    273615,
    276760,
    279905,
    283050,
    286195,
    289340,
    292485,
    295630,
    298775,
    301920,
    305065,
    308210,
    311355,
    314500
  ],
  "throughput": [],
  "unit": "ns",
  "median_abs_dev": {
    "estimate": 1.2118408905756777,
    "lower_bound": 0.8489128932113709,
    "unit": "ns",
    "upper_bound": 1.648695660515055
  },
  "measured_values": [
    976277.0,
    1957563.0,
    2930723.0,
    3904455.0,
    4910367.0,
    5877957.0,
    6841000.0,
    7828557.0,
    8802218.0,
    9789676.0,
    10778036.0,
    11746698.0,
    12728965.0,
    13722875.0,
    14698410.0,
    15644741.0,
    16646435.0,
    17789836.0,
    18786001.0,
    19759882.0,
    20744705.0,
    21742573.0,
    22753584.0,
    23692431.0,
    24693193.0,
    25721608.0,
    26746586.0,
    27726219.0,
    28681375.0,
    29663904.0,
    30591459.0,
    31623952.0,
    32639421.0,
    33703593.0,
    34706400.0,
    35722662.0,
    36776204.0,
    37696916.0,
    38666590.0,
    39645401.0,
    40647877.0,
    41645544.0,
    42659943.0,
    43713163.0,
    44563473.0,
    45567582.0,
    46819026.0,
    47593023.0,
    48597162.0,
    49206868.0,
    50121339.0,
    51196813.0,
    52164071.0,
    53145608.0,
    54151570.0,
    55124961.0,
    56506189.0,
    57357672.0,
    58346732.0,
    59315214.0,
    60296090.0,
    61238212.0,
    62198388.0,
    63170407.0,
    64206356.0,
    65492415.0,
    66439497.0,
    67467531.0,
    68545228.0,
    69515824.0,
    70499795.0,
    71357869.0,
    72510077.0,
    73661352.0,
    74474452.0,
    75649281.0,
    76488841.0,
    77475087.0,
    78353720.0,
    78990177.0,
    79859172.0,
    81114093.0,
    82146895.0,
    83114205.0,
    84096522.0,
    85157038.0,
    86178740.0,
    87008441.0,
    88033018.0,
    88983967.0,
    90102672.0,
    91044453.0,
    92040948.0,
    93058221.0,
    93988963.0,
    94924883.0,
    96040993.0,
    96499104.0,
    97462426.0,
    98615036.0
  ],
  "change": {
    "change": "Regressed",
    "mean": {
      "estimate": 0.41700594362896015,
      "lower_bound": 0.4152099845234615,
      "unit": "%",
      "upper_bound": 0.4188642640202965
    },
    "median": {
      "estimate": 0.4176165817101529,
      "lower_bound": 0.4163297437015769,
      "unit": "%",
      "upper_bound": 0.4208405339484762
    }
  },
  "mean": {
    "estimate": 314.07366764393385,
    "lower_bound": 313.76142381658195,
    "unit": "ns",
    "upper_bound": 314.37024585368766
  },
  "report_directory": "/home/user/workspaces/ranim-bench/ranim/target/criterion/reports/extract/polygon/5",
  "typical": {
    "estimate": 314.62908888947885,
    "lower_bound": 314.40408576144563,
    "unit": "ns",
    "upper_bound": 314.8526678632715
  }
}