{
  "median_abs_dev": {
    "estimate": 2.079601909554783,
    "lower_bound": 1.4228944567996076,
    "unit": "ns",
    "upper_bound": 2.90789343263202
  },
  "slope": {
    "estimate": 402.8452589349759,
    "lower_bound": 402.4748123332191,
    "unit": "ns",
    "upper_bound": 403.2800222876659
  },
  "mean": {
    "estimate": 403.61931991457413,
    "lower_bound": 403.02068444618834,
    "unit": "ns",
    "upper_bound": 404.2407608359255
  },
  "report_directory": "/Volumes/Files/_ranim/ranim-bench/ranim/target/criterion/reports/extract/square",
  "unit": "ns",
  "iteration_count": [
    2465,
    4930,
    7395,
    9860,
    12325,
    14790,
    17255,
    19720,
    22185,
    24650,
    27115,
    29580,
    32045,
    34510,
    36975,
    39440,
    41905,
    44370,
    46835,
    49300,
    51765,
    54230,
    56695,
    59160,
    61625,
    64090,
    66555,
    69020,
    71485,
    73950,
    76415,
    78880,
    81345,
    83810,
    86275,
    88740,
    91205,
    93670,
    96135,
    98600,
    101065,
    103530,
    105995,
    108460,
    110925,
    113390,
    115855,
    118320,
    120785,
    123250,
    125715,
    128180,
    130645,
    133110,
    135575,
    138040,
    140505,
    142970,
    145435,
    147900,
    150365,
    152830,
    155295,
    157760,
    160225,
    162690,
    165155,
    167620,
    170085,
    172550,
    175015,
    177480,
    179945,
    182410,
    184875,
    187340,
    189805,
    192270,
    194735,
    197200,
    199665,
    202130,
    204595,
    207060,
    209525,
    211990,
    214455,
    216920,
    219385,
    221850,
    224315,
    226780,
    229245,
    231710,
    234175,
    236640,
    239105,
    241570,
    244035,
    246500
  ],
  "throughput": [],
  "typical": {
    "estimate": 402.8452589349759,
    "lower_bound": 402.4748123332191,
    "unit": "ns",
    "upper_bound": 403.2800222876659
  },
  "change": {
    "change": "Regressed",
    "mean": {
      "estimate": 0.08795323519265508,
      "lower_bound": 0.08561899958885076,
      "unit": "%",
      "upper_bound": 0.0902025063764151
    },
    "median": {
      "estimate": 0.08588933004524768,
      "lower_bound": 0.08283719573006162,
      "unit": "%",
      "upper_bound": 0.09033142094162794
    }
  },
  "measured_values": [
    1013541.0,
    1995375.0,
    2984125.0,
    3989500.0,
    5103250.0,
    5981792.0,
    7022417.0,
    7960208.0,
    9191958.0,
    10005042.0,
    11046375.0,
    12069833.0,
    13012542.0,
    14077459.0,
    15058375.0,
    16072084.0,
    17072750.0,
    18026708.0,
    19058000.0,
    20085917.0,
    21081833.0,
    22034250.0,
    23067792.0,
    24158750.0,
    25054709.0,
    26103667.0,
    27092167.0,
    28069667.0,
    28855125.0,
    29737917.0,
    30733542.0,
    31385333.0,
    32408667.0,
    33273042.0,
    34731375.0,
    35376875.0,
    36165542.0,
    37517750.0,
    38580041.0,
    39713250.0,
    40544875.0,
    41660375.0,
    42591250.0,
    43519584.0,
    44558166.0,
    45595417.0,
    46468792.0,
    47578208.0,
    48559041.0,
    49357583.0,
    50425458.0,
    51412625.0,
    52466666.0,
    53617875.0,
    54396000.0,
    55389791.0,
    56457458.0,
    57359959.0,
    58382250.0,
    59391333.0,
    60390292.0,
    61339333.0,
    62336166.0,
    63220375.0,
    64432167.0,
    65526458.0,
    66531375.0,
    67734916.0,
    69023125.0,
    70023125.0,
    71037500.0,
    72047375.0,
    72528709.0,
    75142666.0,
    74160458.0,
    75312167.0,
    76197250.0,
    77429541.0,
    78300041.0,
    79325083.0,
    80268084.0,
    81325959.0,
    82227333.0,
    83357875.0,
    84285792.0,
    85272292.0,
    86375333.0,
    87416750.0,
    88620334.0,
    89456375.0,
    90534541.0,
    91355375.0,
    92396583.0,
    93331750.0,
    94540709.0,
    95338833.0,
    96395708.0,
    97451833.0,
    98478416.0,
    99228625.0
  ],
  "median": {
    "estimate": 402.7834092184196,
    "lower_bound": 402.2708125522014,
    "unit": "ns",
    "upper_bound": 403.2812666837087
  }
}