{
  "report_directory": "E:\\_ranim\\ranim-bench\\ranim\\target\\criterion\\reports\\extract\\circle",
  "unit": "ns",
  "throughput": [],
  "mean": {
    "estimate": 1379.417020306089,
    "lower_bound": 1366.7613674284798,
    "unit": "ns",
    "upper_bound": 1394.3022688360163
  },
  "typical": {
    "estimate": 1358.4407667346163,
    "lower_bound": 1352.8372277781248,
    "unit": "ns",
    "upper_bound": 1364.9255887522138
  },
  "median_abs_dev": {
    "estimate": 24.331612581726045,
    "lower_bound": 18.806701098243575,
    "unit": "ns",
    "upper_bound": 32.2723945243828
  },
  "slope": {
    "estimate": 1358.4407667346163,
    "lower_bound": 1352.8372277781248,
    "unit": "ns",
    "upper_bound": 1364.9255887522138
  },
  "change": {
    "change": "NoChange",
    "mean": {
      "estimate": 0.009380192229141882,
      "lower_bound": -0.002016561531192144,
      "unit": "%",
      "upper_bound": 0.020454378768080463
    },
    "median": {
      "estimate": 0.0010097528600272463,
      "lower_bound": -0.004826788733624521,
      "unit": "%",
      "upper_bound": 0.005687547655085057
    }
  },
  "measured_values": [
    1134700.0,
    2495100.0,
    2989300.0,
    4576800.0,
    4961600.0,
    5922400.0,
    6860300.0,
    8172200.0,
    8829400.0,
    9898500.0,
    10937800.0,
    11941700.0,
    13452600.0,
    14149600.0,
    15021000.0,
    16300000.0,
    16948900.0,
    18818900.0,
    19166000.0,
    20291200.0,
    20920200.0,
    24156900.0,
    22961300.0,
    25989400.0,
    24963800.0,
    33360800.0,
    31517600.0,
    28112100.0,
    28796000.0,
    30213800.0,
    31510700.0,
    31856400.0,
    33432900.0,
    33670600.0,
    34727900.0,
    36336500.0,
    36540600.0,
    37765200.0,
    40426600.0,
    38920100.0,
    40089600.0,
    40929300.0,
    42303600.0,
    43186900.0,
    44326900.0,
    45093200.0,
    46005800.0,
    47073600.0,
    47829400.0,
    52800800.0,
    51143900.0,
    56135100.0,
    54637400.0,
    52731900.0,
    54557900.0,
    55557000.0,
    55935800.0,
    57275400.0,
    57869800.0,
    59986100.0,
    59282500.0,
    60593700.0,
    61625000.0,
    68091000.0,
    64899700.0,
    64358000.0,
    66201500.0,
    68527700.0,
    71509000.0,
    71449200.0,
    70441900.0,
    71818300.0,
    71248500.0,
    73339900.0,
    73092400.0,
    73969900.0,
    75231900.0,
    76960600.0,
    77029300.0,
    78832000.0,
    79984300.0,
    79759200.0,
    80900900.0,
    81733100.0,
    83881900.0,
    83959800.0,
    85890900.0,
    86265600.0,
    89168700.0,
    89095000.0,
    88599600.0,
    91437700.0,
    91909400.0,
    93974800.0,
    92996000.0,
    93756900.0,
    95385100.0,
    98416900.0,
    99250000.0,
    98938900.0
  ],
  "iteration_count": [
    730,
    1460,
    2190,
    2920,
    3650,
    4380,
    5110,
    5840,
    6570,
    7300,
    8030,
    8760,
    9490,
    10220,
    10950,
    11680,
    12410,
    13140,
    13870,
    14600,
    15330,
    16060,
    16790,
    17520,
    18250,
    18980,
    19710,
    20440,
    21170,
    21900,
    22630,
    23360,
    24090,
    24820,
    25550,
    26280,
    27010,
    27740,
    28470,
    29200,
    29930,
    30660,
    31390,
    32120,
    32850,
    33580,
    34310,
    35040,
    35770,
    36500,
    37230,
    37960,
    38690,
    39420,
    40150,
    40880,
    41610,
    42340,
    43070,
    43800,
    44530,
    45260,
    45990,
    46720,
    47450,
    48180,
    48910,
    49640,
    50370,
    51100,
    51830,
    52560,
    53290,
    54020,
    54750,
    55480,
    56210,
    56940,
    57670,
    58400,
    59130,
    59860,
    60590,
    61320,
    62050,
    62780,
    63510,
    64240,
    64970,
    65700,
    66430,
    67160,
    67890,
    68620,
    69350,
    70080,
    70810,
    71540,
    72270,
    73000
  ],
  "median": {
    "estimate": 1359.0607687219206,
    "lower_bound": 1352.8544983339505,
    "unit": "ns",
    "upper_bound": 1364.657534246575
  }
}