{
  "unit": "ns",
  "measured_values": [
    933000.0,
    1867600.0,
    2801200.0,
    3747600.0,
    4771500.0,
    5560600.0,
    6549900.0,
    7626900.0,
    8446200.0,
    9489000.0,
    10605600.0,
    11720700.0,
    13364800.0,
    13431300.0,
    14115400.0,
    15034300.0,
    16027700.0,
    16942500.0,
    18254400.0,
    18946800.0,
    19769100.0,
    20758000.0,
    21991000.0,
    22661900.0,
    23605100.0,
    24674200.0,
    25540700.0,
    26337200.0,
    27297900.0,
    28596800.0,
    29751700.0,
    30211800.0,
    31129200.0,
    32472100.0,
    33053600.0,
    34587800.0,
    35778300.0,
    37777000.0,
    36607800.0,
    37824800.0,
    38533200.0,
    39612100.0,
    41046700.0,
    41565500.0,
    42412300.0,
    43298500.0,
    44795300.0,
    45605800.0,
    46879200.0,
    47303200.0,
    49671100.0,
    55379400.0,
    50079000.0,
    51149400.0,
    52634800.0,
    53176500.0,
    54885800.0,
    55962600.0,
    55935200.0,
    59651300.0,
    57980400.0,
    58686800.0,
    59739200.0,
    60876300.0,
    61287800.0,
    65799100.0,
    64716300.0,
    64230000.0,
    66165800.0,
    66702600.0,
    71327200.0,
    68318600.0,
    69626400.0,
    69875100.0,
    71307100.0,
    72194200.0,
    72570100.0,
    74238800.0,
    75346800.0,
    77312400.0,
    76779000.0,
    78371800.0,
    79142400.0,
    81015600.0,
    80282900.0,
    81969900.0,
    83144500.0,
    85658200.0,
    84381100.0,
    85327200.0,
    87128300.0,
    87679100.0,
    88083900.0,
    90407600.0,
    92002800.0,
    90973300.0,
    92244500.0,
    96178500.0,
    94203400.0,
    94944800.0
  ],
  "typical": {
    "estimate": 985.0730599229282,
    "lower_bound": 981.622998548664,
    "unit": "ns",
    "upper_bound": 989.0214279416696
  },
  "median": {
    "estimate": 978.1174260316084,
    "lower_bound": 976.1548810271896,
    "unit": "ns",
    "upper_bound": 981.4971118971924
  },
  "mean": {
    "estimate": 982.76768825375,
    "lower_bound": 979.2395298828548,
    "unit": "ns",
    "upper_bound": 986.85321851756
  },
  "median_abs_dev": {
    "estimate": 9.607874031076372,
    "lower_bound": 7.415827892676302,
    "unit": "ns",
    "upper_bound": 12.919154377134166
  },
  "slope": {
    "estimate": 985.0730599229282,
    "lower_bound": 981.622998548664,
    "unit": "ns",
    "upper_bound": 989.0214279416696
  },
  "change": {
    "change": "NoChange",
    "mean": {
      "estimate": -0.004929067554592548,
      "lower_bound": -0.01271050812097528,
      "unit": "%",
      "upper_bound": 0.0022634666124837573
    },
    "median": {
      "estimate": 0.0003780916751914276,
      "lower_bound": -0.005346299186516634,
      "unit": "%",
      "upper_bound": 0.006731286304848982
    }
  },
  "report_directory": "E:\\_ranim\\ranim-bench\\ranim\\target\\criterion\\reports\\extract\\square",
  "iteration_count": [
    971,
    1942,
    2913,
    3884,
    4855,
    5826,
    6797,
    7768,
    8739,
    9710,
    10681,
    11652,
    12623,
    13594,
    14565,
    15536,
    16507,
    17478,
    18449,
    19420,
    20391,
    21362,
    22333,
    23304,
    24275,
    25246,
    26217,
    27188,
    28159,
    29130,
    30101,
    31072,
    32043,
    33014,
    33985,
    34956,
    35927,
    36898,
    37869,
    38840,
    39811,
    40782,
    41753,
    42724,
    43695,
    44666,
    45637,
    46608,
    47579,
    48550,
    49521,
    50492,
    51463,
    52434,
    53405,
    54376,
    55347,
    56318,
    57289,
    58260,
    59231,
    60202,
    61173,
    62144,
    63115,
    64086,
    65057,
    66028,
    66999,
    67970,
    68941,
    69912,
    70883,
    71854,
    72825,
    73796,
    74767,
    75738,
    76709,
    77680,
    78651,
    79622,
    80593,
    81564,
    82535,
    83506,
    84477,
    85448,
    86419,
    87390,
    88361,
    89332,
    90303,
    91274,
    92245,
    93216,
    94187,
    95158,
    96129,
    97100
  ],
  "throughput": []
}