{
  "id": "render/static_squares/40",
  "iteration_count": [
    1,
    2,
    3,
    4,
    5,
    6,
    7,
    8,
    9,
    10
  ],
  "measured_values": [
    2994506100.0,
    5864353800.0,
    8835046200.0,
    11744845600.0,
    14908461500.0,
    17532604700.0,
    20677112000.0,
    24025385400.0,
    26441514100.0,
    29887065300.0
  ],
  "unit": "ns",
  "typical": {
    "estimate": 2965539785.714286,
    "lower_bound": 2939883752.8358207,
    "upper_bound": 2985793878.9968653,
    "unit": "ns"
  },
  "mean": {
    "estimate": 2959540174.230159,
    "lower_bound": 2942475175.702381,
    "upper_bound": 2977176656.8458333,
    "unit": "ns"
  },
  "median": {
    "estimate": 2949444271.4285717,
    "lower_bound": 2935061455.5555553,
    "upper_bound": 2988706530.0,
    "unit": "ns"
  },
  "median_abs_dev": {
    "estimate": 33070029.5778899,
    "lower_bound": 5562509.184579133,
    "upper_bound": 46204635.13970375,
    "unit": "ns"
  }
}