{
  "id": "render/static_squares/5",
  "iteration_count": [
    1,
    2,
    3,
    4,
    5,
    6,
    7,
    8,
    9,
    10
  ],
  "measured_values": [
    968024400.0,
    1954007500.0,
    3021303300.0,
    3956367000.0,
    4914755900.0,
    5898499300.0,
    6675921800.0,
    7876427400.0,
    8603743800.0,
    9773422200.0
  ],
  "unit": "ns",
  "typical": {
    "estimate": 973093456.103896,
    "lower_bound": 963022676.9841268,
    "upper_bound": 984260792.2651932,
    "unit": "ns"
  },
  "mean": {
    "estimate": 977882568.9285716,
    "lower_bound": 968656649.0238096,
    "upper_bound": 987114623.7416668,
    "unit": "ns"
  },
  "median": {
    "estimate": 980146700.0,
    "lower_bound": 966487641.6666667,
    "upper_bound": 986087483.3333333,
    "unit": "ns"
  },
  "median_abs_dev": {
    "estimate": 9897670.63178122,
    "lower_bound": 1187744.1974134138,
    "upper_bound": 28967557.195723057,
    "unit": "ns"
  }
}