{
  "slope": {
    "estimate": 416.3096546471158,
    "lower_bound": 415.1623786742368,
    "unit": "ns",
    "upper_bound": 417.41571456736375
  },
  "typical": {
    "estimate": 416.3096546471158,
    "lower_bound": 415.1623786742368,
    "unit": "ns",
    "upper_bound": 417.41571456736375
  },
  "report_directory": "/Volumes/Files/_ranim/ranim-bench/ranim/target/criterion/reports/extract/polygon/5",
  "change": {
    "change": "NoChange",
    "mean": {
      "estimate": 0.005201143276192033,
      "lower_bound": 0.002127666741507996,
      "unit": "%",
      "upper_bound": 0.008227248359601983
    },
    "median": {
      "estimate": 0.009094937781798595,
      "lower_bound": 0.002856560332900858,
      "unit": "%",
      "upper_bound": 0.015386479686637422
    }
  },
  "unit": "ns",
  "measured_values": [
    1010542.0,
    1956958.0,
    2942667.0,
    3912125.0,
    4953917.0,
    5820417.0,
    6907125.0,
    7864000.0,
    8912667.0,
    9761958.0,
    10742666.0,
    11775792.0,
    12659500.0,
    13765750.0,
    14632500.0,
    15664625.0,
    16615250.0,
    17591042.0,
    18640292.0,
    19637500.0,
    20533792.0,
    21510583.0,
    22510375.0,
    23516000.0,
    24453709.0,
    25513458.0,
    26430292.0,
    27327583.0,
    28415375.0,
    29441667.0,
    30340750.0,
    31624500.0,
    32574125.0,
    33577333.0,
    34555458.0,
    35581208.0,
    36480750.0,
    37522000.0,
    38532041.0,
    39432833.0,
    40688250.0,
    41388250.0,
    42442667.0,
    43327542.0,
    44424583.0,
    45372625.0,
    46385875.0,
    47207417.0,
    47942959.0,
    49429042.0,
    50332666.0,
    51461500.0,
    52349209.0,
    53352583.0,
    54237500.0,
    54748083.0,
    55767459.0,
    56738000.0,
    57733250.0,
    59176208.0,
    60329000.0,
    61293917.0,
    61736625.0,
    62627959.0,
    63623459.0,
    64633250.0,
    65602541.0,
    66589584.0,
    67568333.0,
    68576250.0,
    69900083.0,
    70880708.0,
    72122416.0,
    73132750.0,
    74062708.0,
    75070125.0,
    76224500.0,
    76144625.0,
    77637875.0,
    78927500.0,
    79933667.0,
    80971625.0,
    81824208.0,
    82820000.0,
    82242375.0,
    83223250.0,
    84048000.0,
    85115333.0,
    86063708.0,
    87018959.0,
    87895708.0,
    88836708.0,
    90118709.0,
    93340958.0,
    94482458.0,
    95062416.0,
    96017208.0,
    97155917.0,
    98184292.0,
    99342875.0
  ],
  "median_abs_dev": {
    "estimate": 2.9020815419177888,
    "lower_bound": 2.3130394020973917,
    "unit": "ns",
    "upper_bound": 3.7293487268858616
  },
  "iteration_count": [
    2359,
    4718,
    7077,
    9436,
    11795,
    14154,
    16513,
    18872,
    21231,
    23590,
    25949,
    28308,
    30667,
    33026,
    35385,
    37744,
    40103,
    42462,
    44821,
    47180,
    49539,
    51898,
    54257,
    56616,
    58975,
    61334,
    63693,
    66052,
    68411,
    70770,
    73129,
    75488,
    77847,
    80206,
    82565,
    84924,
    87283,
    89642,
    92001,
    94360,
    96719,
    99078,
    101437,
    103796,
    106155,
    108514,
    110873,
    113232,
    115591,
    117950,
    120309,
    122668,
    125027,
    127386,
    129745,
    132104,
    134463,
    136822,
    139181,
    141540,
    143899,
    146258,
    148617,
    150976,
    153335,
    155694,
    158053,
    160412,
    162771,
    165130,
    167489,
    169848,
    172207,
    174566,
    176925,
    179284,
    181643,
    184002,
    186361,
    188720,
    191079,
    193438,
    195797,
    198156,
    200515,
    202874,
    205233,
    207592,
    209951,
    212310,
    214669,
    217028,
    219387,
    221746,
    224105,
    226464,
    228823,
    231182,
    233541,
    235900
  ],
  "throughput": [],
  "median": {
    "estimate": 416.7587658208684,
    "lower_bound": 415.3626609755741,
    "unit": "ns",
    "upper_bound": 417.96740037339225
  },
  "mean": {
    "estimate": 416.4697127142392,
    "lower_bound": 415.8459147745188,
    "unit": "ns",
    "upper_bound": 417.0831446520115
  }
}