{
  "report_directory": "/Volumes/Files/_ranim/ranim-bench/ranim/target/criterion/reports/extract/polygon/10",
  "mean": {
    "estimate": 660.682682898347,
    "lower_bound": 659.6394986503631,
    "unit": "ns",
    "upper_bound": 661.7082622833061
  },
  "median_abs_dev": {
    "estimate": 6.02615343336921,
    "lower_bound": 4.372394920130825,
    "unit": "ns",
    "upper_bound": 6.665016540053519
  },
  "median": {
    "estimate": 660.9699572891765,
    "lower_bound": 659.8024464379887,
    "unit": "ns",
    "upper_bound": 663.0038673211365
  },
  "unit": "ns",
  "slope": {
    "estimate": 661.1767438979108,
    "lower_bound": 660.3993891990501,
    "unit": "ns",
    "upper_bound": 661.9664643422743
  },
  "measured_values": [
    1006500.0,
    1986042.0,
    2997125.0,
    3966625.0,
    4959917.0,
    5987958.0,
    6969417.0,
    7919416.0,
    8937250.0,
    9969542.0,
    10954625.0,
    11929292.0,
    12857209.0,
    13910333.0,
    14901750.0,
    15907375.0,
    16892250.0,
    17829500.0,
    18531500.0,
    19429250.0,
    20499458.0,
    21419166.0,
    22151209.0,
    23256958.0,
    24693750.0,
    25415250.0,
    26484667.0,
    27348458.0,
    28254292.0,
    29206833.0,
    30118625.0,
    31083833.0,
    32168500.0,
    33331000.0,
    34366042.0,
    35376166.0,
    36313167.0,
    37391583.0,
    38282125.0,
    39255166.0,
    40223542.0,
    41229291.0,
    42175333.0,
    43143250.0,
    44092833.0,
    45162500.0,
    46084792.0,
    47077417.0,
    48119042.0,
    49632000.0,
    50915833.0,
    51790959.0,
    52804125.0,
    53826292.0,
    54610417.0,
    55681834.0,
    56652916.0,
    57634042.0,
    58596292.0,
    59603375.0,
    60658500.0,
    61435959.0,
    62552667.0,
    63225375.0,
    63880959.0,
    64988042.0,
    65905875.0,
    67051292.0,
    68676292.0,
    69603291.0,
    70670208.0,
    71813500.0,
    72713333.0,
    73673292.0,
    74608833.0,
    75416750.0,
    76473917.0,
    77221167.0,
    78026792.0,
    78948500.0,
    79971083.0,
    81025792.0,
    81944958.0,
    82831625.0,
    83814458.0,
    84707666.0,
    85426125.0,
    86362875.0,
    87290708.0,
    88293542.0,
    90057959.0,
    91070625.0,
    91749292.0,
    93249500.0,
    93697417.0,
    94644417.0,
    95551292.0,
    96626166.0,
    97565334.0,
    99091166.0
  ],
  "throughput": [],
  "change": {
    "change": "NoChange",
    "mean": {
      "estimate": -0.002714090479860931,
      "lower_bound": -0.004455876371901218,
      "unit": "%",
      "upper_bound": -0.0008597870054452467
    },
    "median": {
      "estimate": -0.0012091299510249565,
      "lower_bound": -0.0030905876137693467,
      "unit": "%",
      "upper_bound": 0.0020187468654506713
    }
  },
  "iteration_count": [
    1494,
    2988,
    4482,
    5976,
    7470,
    8964,
    10458,
    11952,
    13446,
    14940,
    16434,
    17928,
    19422,
    20916,
    22410,
    23904,
    25398,
    26892,
    28386,
    29880,
    31374,
    32868,
    34362,
    35856,
    37350,
    38844,
    40338,
    41832,
    43326,
    44820,
    46314,
    47808,
    49302,
    50796,
    52290,
    53784,
    55278,
    56772,
    58266,
    59760,
    61254,
    62748,
    64242,
    65736,
    67230,
    68724,
    70218,
    71712,
    73206,
    74700,
    76194,
    77688,
    79182,
    80676,
    82170,
    83664,
    85158,
    86652,
    88146,
    89640,
    91134,
    92628,
    94122,
    95616,
    97110,
    98604,
    100098,
    101592,
    103086,
    104580,
    106074,
    107568,
    109062,
    110556,
    112050,
    113544,
    115038,
    116532,
    118026,
    119520,
    121014,
    122508,
    124002,
    125496,
    126990,
    128484,
    129978,
    131472,
    132966,
    134460,
    135954,
    137448,
    138942,
    140436,
    141930,
    143424,
    144918,
    146412,
    147906,
    149400
  ],
  "typical": {
    "estimate": 661.1767438979108,
    "lower_bound": 660.3993891990501,
    "unit": "ns",
    "upper_bound": 661.9664643422743
  }
}