{
  "throughput": [],
  "iteration_count": [
    989,
    1978,
    2967,
    3956,
    4945,
    5934,
    6923,
    7912,
    8901,
    9890,
    10879,
    11868,
    12857,
    13846,
    14835,
    15824,
    16813,
    17802,
    18791,
    19780,
    20769,
    21758,
    22747,
    23736,
    24725,
    25714,
    26703,
    27692,
    28681,
    29670,
    30659,
    31648,
    32637,
    33626,
    34615,
    35604,
    36593,
    37582,
    38571,
    39560,
    40549,
    41538,
    42527,
    43516,
    44505,
    45494,
    46483,
    47472,
    48461,
    49450,
    50439,
    51428,
    52417,
    53406,
    54395,
    55384,
    56373,
    57362,
    58351,
    59340,
    60329,
    61318,
    62307,
    63296,
    64285,
    65274,
    66263,
    67252,
    68241,
    69230,
    70219,
    71208,
    72197,
    73186,
    74175,
    75164,
    76153,
    77142,
    78131,
    79120,
    80109,
    81098,
    82087,
    83076,
    84065,
    85054,
    86043,
    87032,
    88021,
    89010,
    89999,
    90988,
    91977,
    92966,
    93955,
    94944,
    95933,
    96922,
    97911,
    98900
  ],
  "median_abs_dev": {
    "estimate": 6.570203674929208,
    "lower_bound": 4.559007336561103,
    "unit": "ns",
    "upper_bound": 8.601327855668247
  },
  "mean": {
    "estimate": 998.904478906496,
    "lower_bound": 995.5492209237058,
    "unit": "ns",
    "upper_bound": 1002.9463460276344
  },
  "typical": {
    "estimate": 997.4298877455468,
    "lower_bound": 994.4736238548702,
    "unit": "ns",
    "upper_bound": 1001.056571997117
  },
  "unit": "ns",
  "report_directory": "/Volumes/Files/_ranim/ranim-bench/ranim/target/criterion/reports/extract/polygon/20",
  "change": {
    "change": "NoChange",
    "mean": {
      "estimate": -0.0015159389821793878,
      "lower_bound": -0.004846949647101549,
      "unit": "%",
      "upper_bound": 0.002756924730067981
    },
    "median": {
      "estimate": -0.005354215843899612,
      "lower_bound": -0.008717006797603455,
      "unit": "%",
      "upper_bound": -0.0035658301967141925
    }
  },
  "median": {
    "estimate": 994.1822334874336,
    "lower_bound": 991.026289180991,
    "unit": "ns",
    "upper_bound": 995.91273707755
  },
  "measured_values": [
    1056125.0,
    1964708.0,
    2929875.0,
    3962541.0,
    4988667.0,
    5956542.0,
    6910875.0,
    7917458.0,
    8905584.0,
    9897708.0,
    10856500.0,
    11848292.0,
    12605875.0,
    13777625.0,
    14646625.0,
    15624959.0,
    16684417.0,
    17588500.0,
    18589916.0,
    19561375.0,
    20546000.0,
    21509208.0,
    22537834.0,
    23674667.0,
    24643375.0,
    25682125.0,
    26605333.0,
    27581250.0,
    28792875.0,
    33210541.0,
    31684875.0,
    31848042.0,
    34512583.0,
    33580875.0,
    34819417.0,
    35224333.0,
    36877417.0,
    37411542.0,
    38696167.0,
    39434208.0,
    40162209.0,
    41163208.0,
    42199917.0,
    43071917.0,
    44101625.0,
    45004291.0,
    46014792.0,
    46981833.0,
    47972083.0,
    48862291.0,
    49879209.0,
    50893250.0,
    51872875.0,
    52815042.0,
    53796000.0,
    54700875.0,
    55712125.0,
    56909667.0,
    58085750.0,
    60218750.0,
    63611792.0,
    61173000.0,
    62204875.0,
    63128083.0,
    64203459.0,
    65007208.0,
    65545250.0,
    66478333.0,
    67628625.0,
    68906542.0,
    69931583.0,
    70490042.0,
    71533375.0,
    72418083.0,
    73706708.0,
    74439500.0,
    75432000.0,
    76293958.0,
    77363209.0,
    78319625.0,
    79190917.0,
    82689333.0,
    86540958.0,
    84389041.0,
    83871083.0,
    84887792.0,
    85752291.0,
    86897541.0,
    87749458.0,
    88558708.0,
    89461333.0,
    90500792.0,
    91447667.0,
    92386000.0,
    93402500.0,
    94466541.0,
    95277917.0,
    97935291.0,
    96771417.0,
    97918500.0
  ],
  "slope": {
    "estimate": 997.4298877455468,
    "lower_bound": 994.4736238548702,
    "unit": "ns",
    "upper_bound": 1001.056571997117
  }
}