{
  "median": {
    "estimate": 1774129.0447761193,
    "lower_bound": 1773106.9701492535,
    "unit": "ns",
    "upper_bound": 1775243.462686567
  },
  "slope": null,
  "change": {
    "change": "Improved",
    "mean": {
      "estimate": -0.9758226986003342,
      "lower_bound": -0.9762395712943884,
      "unit": "%",
      "upper_bound": -0.9754063048807948
    },
    "median": {
      "estimate": -0.9760473712247998,
      "lower_bound": -0.9766352612720604,
      "unit": "%",
      "upper_bound": -0.9749578490585482
    }
  },
  "typical": {
    "estimate": 1774035.834029851,
    "lower_bound": 1772887.3378656718,
    "unit": "ns",
    "upper_bound": 1775191.370589552
  },
  "report_directory": "/Volumes/Files/_ranim/ranim-bench/ranim/target/criterion/reports/merged_cpu_submit/no_wait/1600",
  "measured_values": [
    118491917.0,
    118855833.0,
    118551250.0,
    118784416.0,
    118867250.0,
    119200209.0,
    119133250.0,
    118940959.0,
    118822667.0,
    119523625.0,
    118718709.0,
    118370250.0,
    118276333.0,
    119060167.0,
    119371167.0,
    119246791.0,
    118939208.0,
    118952084.0,
    119159958.0,
    118817750.0,
    118866042.0,
    119317292.0,
    119211250.0,
    118861708.0,
    118638125.0,
    118508250.0,
    119081458.0,
    118876375.0,
    118918667.0,
    118721959.0,
    118391708.0,
    118977084.0,
    119061542.0,
    119336541.0,
    118961625.0,
    118755000.0,
    118913792.0,
    118798167.0,
    118497291.0,
    118354625.0,
    118924375.0,
    119108417.0,
    118577458.0,
    118662708.0,
    118719459.0,
    118638167.0,
    118943416.0,
    118947041.0,
    118843542.0,
    118523167.0
  ],
  "unit": "ns",
  "iteration_count": [
    67,
    67,
    67,
    67,
    67,
    67,
    67,
    67,
    67,
    67,
    67,
    67,
    67,
    67,
    67,
    67,
    67,
    67,
    67,
    67,
    67,
    67,
    67,
    67,
    67,
    67,
    67,
    67,
    67,
    67,
    67,
    67,
    67,
    67,
    67,
    67,
    67,
    67,
    67,
    67,
    67,
    67,
    67,
    67,
    67,
    67,
    67,
    67,
    67,
    67
  ],
  "median_abs_dev": {
    "estimate": 4297.515178927931,
    "lower_bound": 2160.280931796616,
    "unit": "ns",
    "upper_bound": 5874.625368838859
  },
  "mean": {
    "estimate": 1774035.834029851,
    "lower_bound": 1772887.3378656718,
    "unit": "ns",
    "upper_bound": 1775191.370589552
  },
  "throughput": []
}