{
  "slope": null,
  "median": {
    "estimate": 1526021.126760563,
    "lower_bound": 1524839.2112676057,
    "unit": "ns",
    "upper_bound": 1528207.7464788733
  },
  "report_directory": "/Volumes/Files/_ranim/ranim-bench/ranim/target/criterion/reports/merged_cpu_submit/no_wait/25",
  "iteration_count": [
    71,
    71,
    71,
    71,
    71,
    71,
    71,
    71,
    71,
    71,
    71,
    71,
    71,
    71,
    71,
    71,
    71,
    71,
    71,
    71,
    71,
    71,
    71,
    71,
    71,
    71,
    71,
    71,
    71,
    71,
    71,
    71,
    71,
    71,
    71,
    71,
    71,
    71,
    71,
    71,
    71,
    71,
    71,
    71,
    71,
    71,
    71,
    71,
    71,
    71
  ],
  "typical": {
    "estimate": 1527304.506478873,
    "lower_bound": 1525907.004992958,
    "unit": "ns",
    "upper_bound": 1528930.0731760566
  },
  "throughput": [],
  "median_abs_dev": {
    "estimate": 4171.9841217072335,
    "lower_bound": 2879.0629770555624,
    "unit": "ns",
    "upper_bound": 5696.347474925884
  },
  "mean": {
    "estimate": 1527304.506478873,
    "lower_bound": 1525907.004992958,
    "unit": "ns",
    "upper_bound": 1528930.0731760566
  },
  "measured_values": [
    108100125.0,
    108401250.0,
    108525417.0,
    108043334.0,
    108957584.0,
    108502583.0,
    108339875.0,
    108126583.0,
    108257333.0,
    108698041.0,
    108113000.0,
    108519125.0,
    107997875.0,
    108632667.0,
    108312333.0,
    108962833.0,
    108228375.0,
    107886667.0,
    108548958.0,
    108235583.0,
    108388667.0,
    108061125.0,
    108342625.0,
    108272708.0,
    108958541.0,
    108634875.0,
    108152458.0,
    108503625.0,
    108194667.0,
    108227875.0,
    108420667.0,
    108878541.0,
    110252208.0,
    108759750.0,
    108690667.0,
    108107083.0,
    108545625.0,
    108122375.0,
    108252459.0,
    108501875.0,
    108263584.0,
    108656917.0,
    108757166.0,
    108412041.0,
    107957583.0,
    108352375.0,
    108276334.0,
    108093791.0,
    109180792.0,
    108322458.0
  ],
  "unit": "ns",
  "change": {
    "change": "Improved",
    "mean": {
      "estimate": -0.05502115419680742,
      "lower_bound": -0.07282719703630808,
      "unit": "%",
      "upper_bound": -0.03743299588506621
    },
    "median": {
      "estimate": -0.05054528196294028,
      "lower_bound": -0.0732931558972324,
      "unit": "%",
      "upper_bound": -0.016390158839913876
    }
  }
}