{
  "measured_values": [
    118499625.0,
    117961750.0,
    118631666.0,
    118578875.0,
    118159208.0,
    118466459.0,
    118179667.0,
    117848292.0,
    118376916.0,
    117823416.0,
    118502125.0,
    118620167.0,
    118734625.0,
    119102834.0,
    117675458.0,
    118407708.0,
    117988542.0,
    118276333.0,
    118278416.0,
    118499042.0,
    118295041.0,
    118250833.0,
    118381125.0,
    118205708.0,
    117982375.0,
    118125208.0,
    118408208.0,
    118660292.0,
    118311750.0,
    117965708.0,
    117918458.0,
    118991583.0,
    117548250.0,
    118509959.0,
    118099083.0,
    117982667.0,
    118115375.0,
    118129416.0,
    117634375.0,
    118251166.0,
    117714916.0,
    118526041.0,
    118542625.0,
    118383375.0,
    118529083.0,
    118489667.0,
    118704209.0,
    118170000.0,
    118225750.0,
    118271750.0
  ],
  "unit": "ns",
  "change": {
    "change": "Improved",
    "mean": {
      "estimate": -0.9892459368934048,
      "lower_bound": -0.9894473043232062,
      "unit": "%",
      "upper_bound": -0.9890381873197428
    },
    "median": {
      "estimate": -0.9892295162145176,
      "lower_bound": -0.9897805210338064,
      "unit": "%",
      "upper_bound": -0.9886004300958982
    }
  },
  "report_directory": "/Volumes/Files/_ranim/ranim-bench/ranim/target/criterion/reports/merged_cpu_submit/no_wait/3600",
  "median": {
    "estimate": 1819651.9153846153,
    "lower_bound": 1818148.723076923,
    "unit": "ns",
    "upper_bound": 1821657.0461538464
  },
  "median_abs_dev": {
    "estimate": 5097.87439103323,
    "lower_bound": 3248.410756175194,
    "unit": "ns",
    "upper_bound": 6548.621274508114
  },
  "mean": {
    "estimate": 1819672.344615385,
    "lower_bound": 1818271.8782307697,
    "unit": "ns",
    "upper_bound": 1821070.459076923
  },
  "typical": {
    "estimate": 1819672.344615385,
    "lower_bound": 1818271.8782307697,
    "unit": "ns",
    "upper_bound": 1821070.459076923
  },
  "iteration_count": [
    65,
    65,
    65,
    65,
    65,
    65,
    65,
    65,
    65,
    65,
    65,
    65,
    65,
    65,
    65,
    65,
    65,
    65,
    65,
    65,
    65,
    65,
    65,
    65,
    65,
    65,
    65,
    65,
    65,
    65,
    65,
    65,
    65,
    65,
    65,
    65,
    65,
    65,
    65,
    65,
    65,
    65,
    65,
    65,
    65,
    65,
    65,
    65,
    65,
    65
  ],
  "slope": null,
  "throughput": []
}