{
  "mean": {
    "estimate": 1412.9347623619738,
    "lower_bound": 1405.179135318703,
    "unit": "ns",
    "upper_bound": 1422.097739952506
  },
  "report_directory": "E:\\_ranim\\ranim-bench\\ranim\\target\\criterion\\reports\\extract\\polygon\\10",
  "median_abs_dev": {
    "estimate": 18.233816388472217,
    "lower_bound": 13.559116480486855,
    "unit": "ns",
    "upper_bound": 24.20186340049395
  },
  "typical": {
    "estimate": 1415.3559541799148,
    "lower_bound": 1408.7431225340483,
    "unit": "ns",
    "upper_bound": 1421.97772819754
  },
  "change": {
    "change": "Regressed",
    "mean": {
      "estimate": 0.01705056895014101,
      "lower_bound": 0.010273082517611776,
      "unit": "%",
      "upper_bound": 0.024227296515201734
    },
    "median": {
      "estimate": 0.014224544639195091,
      "lower_bound": 0.009039117762045247,
      "unit": "%",
      "upper_bound": 0.02006410689525362
    }
  },
  "throughput": [],
  "median": {
    "estimate": 1402.5723575162565,
    "lower_bound": 1398.2888036268605,
    "unit": "ns",
    "upper_bound": 1410.0605913757972
  },
  "measured_values": [
    1180700.0,
    1936300.0,
    2907700.0,
    3886600.0,
    4855000.0,
    5866800.0,
    6768000.0,
    8035400.0,
    8828600.0,
    10080600.0,
    10955800.0,
    11616500.0,
    12937700.0,
    13629900.0,
    17519000.0,
    16006400.0,
    16706500.0,
    17980700.0,
    18834300.0,
    19945800.0,
    20898500.0,
    22066200.0,
    22916500.0,
    24148600.0,
    24970300.0,
    25874900.0,
    26879300.0,
    27829000.0,
    28928000.0,
    29789100.0,
    33558100.0,
    31863900.0,
    33224000.0,
    34178700.0,
    36314800.0,
    35648400.0,
    38757800.0,
    38186700.0,
    38765100.0,
    40254400.0,
    41300500.0,
    44077000.0,
    43618300.0,
    43985400.0,
    44775100.0,
    45733300.0,
    48909700.0,
    47717500.0,
    49072000.0,
    51824400.0,
    50856900.0,
    51668000.0,
    53271600.0,
    53807900.0,
    55909800.0,
    55871500.0,
    58998000.0,
    57661200.0,
    61408300.0,
    60177800.0,
    61831300.0,
    61848100.0,
    63880300.0,
    64359800.0,
    65156100.0,
    65361900.0,
    66555200.0,
    67931100.0,
    68300600.0,
    72011600.0,
    70660100.0,
    72303300.0,
    72360200.0,
    73455400.0,
    74437800.0,
    75818200.0,
    77742300.0,
    77604600.0,
    79476700.0,
    79367900.0,
    82195800.0,
    83692000.0,
    84528700.0,
    84740600.0,
    87134600.0,
    89547900.0,
    88134100.0,
    88802800.0,
    90579100.0,
    90982600.0,
    93634700.0,
    95482000.0,
    94277600.0,
    95095800.0,
    99194700.0,
    98743400.0,
    97897400.0,
    95231200.0,
    98006900.0,
    98790300.0
  ],
  "unit": "ns",
  "slope": {
    "estimate": 1415.3559541799148,
    "lower_bound": 1408.7431225340483,
    "unit": "ns",
    "upper_bound": 1421.97772819754
  },
  "iteration_count": [
    713,
    1426,
    2139,
    2852,
    3565,
    4278,
    4991,
    5704,
    6417,
    7130,
    7843,
    8556,
    9269,
    9982,
    10695,
    11408,
    12121,
    12834,
    13547,
    14260,
    14973,
    15686,
    16399,
    17112,
    17825,
    18538,
    19251,
    19964,
    20677,
    21390,
    22103,
    22816,
    23529,
    24242,
    24955,
    25668,
    26381,
    27094,
    27807,
    28520,
    29233,
    29946,
    30659,
    31372,
    32085,
    32798,
    33511,
    34224,
    34937,
    35650,
    36363,
    37076,
    37789,
    38502,
    39215,
    39928,
    40641,
    41354,
    42067,
    42780,
    43493,
    44206,
    44919,
    45632,
    46345,
    47058,
    47771,
    48484,
    49197,
    49910,
    50623,
    51336,
    52049,
    52762,
    53475,
    54188,
    54901,
    55614,
    56327,
    57040,
    57753,
    58466,
    59179,
    59892,
    60605,
    61318,
    62031,
    62744,
    63457,
    64170,
    64883,
    65596,
    66309,
    67022,
    67735,
    68448,
    69161,
    69874,
    70587,
    71300
  ]
}