{
  "unit": "ns",
  "iteration_count": [
    274,
    548,
    822,
    1096,
    1370,
    1644,
    1918,
    2192,
    2466,
    2740,
    3014,
    3288,
    3562,
    3836,
    4110,
    4384,
    4658,
    4932,
    5206,
    5480,
    5754,
    6028,
    6302,
    6576,
    6850,
    7124,
    7398,
    7672,
    7946,
    8220,
    8494,
    8768,
    9042,
    9316,
    9590,
    9864,
    10138,
    10412,
    10686,
    10960,
    11234,
    11508,
    11782,
    12056,
    12330,
    12604,
    12878,
    13152,
    13426,
    13700,
    13974,
    14248,
    14522,
    14796,
    15070,
    15344,
    15618,
    15892,
    16166,
    16440,
    16714,
    16988,
    17262,
    17536,
    17810,
    18084,
    18358,
    18632,
    18906,
    19180,
    19454,
    19728,
    20002,
    20276,
    20550,
    20824,
    21098,
    21372,
    21646,
    21920,
    22194,
    22468,
    22742,
    23016,
    23290,
    23564,
    23838,
    24112,
    24386,
    24660,
    24934,
    25208,
    25482,
    25756,
    26030,
    26304,
    26578,
    26852,
    27126,
    27400
  ],
  "mean": {
    "estimate": 3588.929258419603,
    "lower_bound": 3569.388515381466,
    "unit": "ns",
    "upper_bound": 3611.0332695401594
  },
  "median_abs_dev": {
    "estimate": 60.48167703802971,
    "lower_bound": 45.50626544219581,
    "unit": "ns",
    "upper_bound": 81.97298994389466
  },
  "change": {
    "change": "Regressed",
    "mean": {
      "estimate": 0.020523822881620468,
      "lower_bound": 0.01102664872353536,
      "unit": "%",
      "upper_bound": 0.02964875715494784
    },
    "median": {
      "estimate": 0.026613513585544313,
      "lower_bound": 0.02005331834210833,
      "unit": "%",
      "upper_bound": 0.03323690482320951
    }
  },
  "measured_values": [
    974200.0,
    1890200.0,
    2834800.0,
    3754900.0,
    4807200.0,
    5654000.0,
    6565100.0,
    7700100.0,
    8435200.0,
    9618000.0,
    12509400.0,
    11430500.0,
    12250800.0,
    13521600.0,
    15011800.0,
    15144700.0,
    16963800.0,
    17473600.0,
    18482600.0,
    19929400.0,
    20724600.0,
    21398300.0,
    22242100.0,
    23348800.0,
    24971100.0,
    29055200.0,
    26415800.0,
    27609800.0,
    28969800.0,
    29159300.0,
    30158100.0,
    31369700.0,
    33066900.0,
    33156000.0,
    34218100.0,
    34714800.0,
    36100200.0,
    37334400.0,
    38332300.0,
    39797600.0,
    40235500.0,
    42067500.0,
    42594900.0,
    42630500.0,
    43849400.0,
    45828900.0,
    45548200.0,
    46691200.0,
    47459800.0,
    49329400.0,
    50715500.0,
    50728700.0,
    51568400.0,
    52343400.0,
    55130800.0,
    54160300.0,
    56401700.0,
    56368200.0,
    57408700.0,
    58660000.0,
    60579900.0,
    60778800.0,
    61532100.0,
    62811600.0,
    63533300.0,
    64452600.0,
    64964100.0,
    66590900.0,
    68186800.0,
    68512700.0,
    68508700.0,
    70523400.0,
    71434800.0,
    72931200.0,
    72676200.0,
    73834500.0,
    75217600.0,
    76971600.0,
    77801600.0,
    80107200.0,
    79616300.0,
    81504700.0,
    85132700.0,
    87177300.0,
    84416800.0,
    85072900.0,
    86856600.0,
    88023400.0,
    90081700.0,
    89998300.0,
    90381100.0,
    93236700.0,
    93943200.0,
    97892200.0,
    94935200.0,
    94767500.0,
    101660300.0,
    93181200.0,
    94203200.0,
    95501700.0
  ],
  "throughput": [],
  "typical": {
    "estimate": 3610.0906136370254,
    "lower_bound": 3585.76762925828,
    "unit": "ns",
    "upper_bound": 3634.785608978016
  },
  "median": {
    "estimate": 3571.736790606654,
    "lower_bound": 3559.959035892913,
    "unit": "ns",
    "upper_bound": 3590.711435996939
  },
  "slope": {
    "estimate": 3610.0906136370254,
    "lower_bound": 3585.76762925828,
    "unit": "ns",
    "upper_bound": 3634.785608978016
  },
  "report_directory": "E:\\_ranim\\ranim-bench\\ranim\\target\\criterion\\reports\\extract\\polygon\\40"
}