{
  "typical": {
    "estimate": 1068.3734570859197,
    "lower_bound": 1061.2256654782518,
    "unit": "ns",
    "upper_bound": 1076.1334693736906
  },
  "report_directory": "E:\\_ranim\\ranim-bench\\ranim\\target\\criterion\\reports\\extract\\polygon\\5",
  "unit": "ns",
  "change": {
    "change": "NoChange",
    "mean": {
      "estimate": 0.01656931496798686,
      "lower_bound": 0.00869605721418177,
      "unit": "%",
      "upper_bound": 0.024631615258929044
    },
    "median": {
      "estimate": 0.020312474054576143,
      "lower_bound": 0.012599318628494728,
      "unit": "%",
      "upper_bound": 0.02701350347707443
    }
  },
  "mean": {
    "estimate": 1060.281645568536,
    "lower_bound": 1054.1171953760083,
    "unit": "ns",
    "upper_bound": 1066.9484882665936
  },
  "median_abs_dev": {
    "estimate": 25.125217650172495,
    "lower_bound": 17.72900381648484,
    "unit": "ns",
    "upper_bound": 29.73353111199615
  },
  "throughput": [],
  "iteration_count": [
    956,
    1912,
    2868,
    3824,
    4780,
    5736,
    6692,
    7648,
    8604,
    9560,
    10516,
    11472,
    12428,
    13384,
    14340,
    15296,
    16252,
    17208,
    18164,
    19120,
    20076,
    21032,
    21988,
    22944,
    23900,
    24856,
    25812,
    26768,
    27724,
    28680,
    29636,
    30592,
    31548,
    32504,
    33460,
    34416,
    35372,
    36328,
    37284,
    38240,
    39196,
    40152,
    41108,
    42064,
    43020,
    43976,
    44932,
    45888,
    46844,
    47800,
    48756,
    49712,
    50668,
    51624,
    52580,
    53536,
    54492,
    55448,
    56404,
    57360,
    58316,
    59272,
    60228,
    61184,
    62140,
    63096,
    64052,
    65008,
    65964,
    66920,
    67876,
    68832,
    69788,
    70744,
    71700,
    72656,
    73612,
    74568,
    75524,
    76480,
    77436,
    78392,
    79348,
    80304,
    81260,
    82216,
    83172,
    84128,
    85084,
    86040,
    86996,
    87952,
    88908,
    89864,
    90820,
    91776,
    92732,
    93688,
    94644,
    95600
  ],
  "median": {
    "estimate": 1054.7062392746277,
    "lower_bound": 1049.1203879802206,
    "unit": "ns",
    "upper_bound": 1059.294281729428
  },
  "slope": {
    "estimate": 1068.3734570859197,
    "lower_bound": 1061.2256654782518,
    "unit": "ns",
    "upper_bound": 1076.1334693736906
  },
  "measured_values": [
    982200.0,
    1930200.0,
    2903800.0,
    3851500.0,
    4959400.0,
    5820800.0,
    7776500.0,
    8044900.0,
    8800900.0,
    9711700.0,
    10809300.0,
    11945900.0,
    12631900.0,
    13558800.0,
    14707100.0,
    16402000.0,
    17165500.0,
    18587100.0,
    18710900.0,
    19820700.0,
    21048000.0,
    21839300.0,
    22851200.0,
    23910700.0,
    24868100.0,
    25865900.0,
    27751900.0,
    28679900.0,
    29735600.0,
    29717500.0,
    31264500.0,
    31853200.0,
    33941700.0,
    33941800.0,
    34561200.0,
    35919900.0,
    36977400.0,
    38633300.0,
    38926300.0,
    39578600.0,
    41445700.0,
    41399900.0,
    42760200.0,
    44243900.0,
    48566700.0,
    46591300.0,
    46470100.0,
    48419100.0,
    50153400.0,
    52019400.0,
    50684200.0,
    58997100.0,
    54458700.0,
    55460100.0,
    55582200.0,
    56451700.0,
    57815700.0,
    63039500.0,
    60294000.0,
    60086100.0,
    63162800.0,
    64048600.0,
    65055600.0,
    67914200.0,
    64990700.0,
    66195300.0,
    69102200.0,
    68889900.0,
    75686300.0,
    74933500.0,
    71719500.0,
    73974300.0,
    75771700.0,
    75860900.0,
    75951400.0,
    82656100.0,
    77204400.0,
    78062600.0,
    80877700.0,
    80444500.0,
    81270800.0,
    82267100.0,
    86597900.0,
    87211700.0,
    85658300.0,
    87355300.0,
    88253700.0,
    88931100.0,
    97043400.0,
    92498100.0,
    91554900.0,
    92940600.0,
    96066600.0,
    94659900.0,
    95937200.0,
    101369000.0,
    99148300.0,
    96195800.0,
    98774300.0,
    98781300.0
  ]
}