{
  "unit": "ns",
  "median_abs_dev": {
    "estimate": 13046777.363073451,
    "lower_bound": 1616580.185849729,
    "unit": "ns",
    "upper_bound": 21942272.187646788
  },
  "median": {
    "estimate": 1878425838.625,
    "lower_bound": 1872121467.3333335,
    "unit": "ns",
    "upper_bound": 1889733951.7785716
  },
  "slope": {
    "estimate": 1886892649.787013,
    "lower_bound": 1878434628.6646612,
    "unit": "ns",
    "upper_bound": 1891273062.2122264
  },
  "measured_values": [
    1872671166.0,
    3764968417.0,
    5575080125.0,
    7497469875.0,
    9351799500.0,
    11243298208.0,
    13215718333.0,
    15175644959.0,
    17005683708.0,
    18915081417.0
  ],
  "mean": {
    "estimate": 1879806975.5015476,
    "lower_bound": 1872741495.775,
    "unit": "ns",
    "upper_bound": 1886609128.3207295
  },
  "report_directory": "/Volumes/Files/_ranim/ranim-bench/ranim/target/criterion/reports/render/transform_squares/20",
  "change": {
    "change": "NoChange",
    "mean": {
      "estimate": 0.00550236460618847,
      "lower_bound": 0.00009050505724460096,
      "unit": "%",
      "upper_bound": 0.011091493043988989
    },
    "median": {
      "estimate": 0.0035394443490346372,
      "lower_bound": -0.0039362501229276425,
      "unit": "%",
      "upper_bound": 0.015108300363670724
    }
  },
  "iteration_count": [
    1,
    2,
    3,
    4,
    5,
    6,
    7,
    8,
    9,
    10
  ],
  "throughput": [],
  "typical": {
    "estimate": 1886892649.787013,
    "lower_bound": 1878434628.6646612,
    "unit": "ns",
    "upper_bound": 1891273062.2122264
  }
}