{
  "iteration_count": [
    68,
    68,
    68,
    68,
    68,
    68,
    68,
    68,
    68,
    68,
    68,
    68,
    68,
    68,
    68,
    68,
    68,
    68,
    68,
    68,
    68,
    68,
    68,
    68,
    68,
    68,
    68,
    68,
    68,
    68,
    68,
    68,
    68,
    68,
    68,
    68,
    68,
    68,
    68,
    68,
    68,
    68,
    68,
    68,
    68,
    68,
    68,
    68,
    68,
    68
  ],
  "slope": null,
  "throughput": [],
  "mean": {
    "estimate": 1588859.1917647056,
    "lower_bound": 1586063.7125661764,
    "unit": "ns",
    "upper_bound": 1591771.5227720584
  },
  "median_abs_dev": {
    "estimate": 6798.429474891864,
    "lower_bound": 4400.105988058903,
    "unit": "ns",
    "upper_bound": 9271.700570688468
  },
  "report_directory": "/Volumes/Files/_ranim/ranim-bench/ranim/target/criterion/reports/cpu_submit/no_wait/25",
  "measured_values": [
    108735084.0,
    108025958.0,
    107623125.0,
    107873125.0,
    108519750.0,
    107879292.0,
    107857458.0,
    107882667.0,
    108302167.0,
    108657375.0,
    108050167.0,
    108068583.0,
    107400833.0,
    108756667.0,
    108465625.0,
    108232125.0,
    106903000.0,
    107644666.0,
    108394625.0,
    107628458.0,
    107817084.0,
    107754833.0,
    108006375.0,
    108277500.0,
    107972750.0,
    107743084.0,
    108055458.0,
    107854333.0,
    109135667.0,
    107409625.0,
    107743750.0,
    108110834.0,
    107869958.0,
    109646250.0,
    107651833.0,
    107605583.0,
    107774750.0,
    108431125.0,
    108609792.0,
    107775459.0,
    108277708.0,
    108103208.0,
    108850584.0,
    107530375.0,
    107359333.0,
    107608667.0,
    107581750.0,
    110655333.0,
    105690792.0,
    108316709.0
  ],
  "unit": "ns",
  "typical": {
    "estimate": 1588859.1917647056,
    "lower_bound": 1586063.7125661764,
    "unit": "ns",
    "upper_bound": 1591771.5227720584
  },
  "median": {
    "estimate": 1587172.1838235294,
    "lower_bound": 1585513.1764705882,
    "unit": "ns",
    "upper_bound": 1589753.0588235294
  },
  "change": null
}