{
  "mean": {
    "estimate": 170005889.18,
    "lower_bound": 167051788.85999998,
    "unit": "ns",
    "upper_bound": 172923168.684
  },
  "typical": {
    "estimate": 170005889.18,
    "lower_bound": 167051788.85999998,
    "unit": "ns",
    "upper_bound": 172923168.684
  },
  "report_directory": "/Volumes/Files/_ranim/ranim-bench/ranim/target/criterion/reports/cpu_submit/no_wait/3600",
  "change": null,
  "iteration_count": [
    1,
    1,
    1,
    1,
    1,
    1,
    1,
    1,
    1,
    1,
    1,
    1,
    1,
    1,
    1,
    1,
    1,
    1,
    1,
    1,
    1,
    1,
    1,
    1,
    1,
    1,
    1,
    1,
    1,
    1,
    1,
    1,
    1,
    1,
    1,
    1,
    1,
    1,
    1,
    1,
    1,
    1,
    1,
    1,
    1,
    1,
    1,
    1,
    1,
    1
  ],
  "median": {
    "estimate": 172954875.0,
    "lower_bound": 160731125.0,
    "unit": "ns",
    "upper_bound": 178386959.0
  },
  "throughput": [],
  "measured_values": [
    182374459.0,
    156761500.0,
    177011959.0,
    155027208.0,
    177601875.0,
    157381666.0,
    174639625.0,
    158622209.0,
    175922458.0,
    160267958.0,
    178386959.0,
    158252125.0,
    182828958.0,
    164312625.0,
    180968625.0,
    158639708.0,
    180345333.0,
    157802708.0,
    179501000.0,
    160931959.0,
    176682792.0,
    155872417.0,
    182278833.0,
    156967125.0,
    179876750.0,
    160533625.0,
    178575792.0,
    157418333.0,
    184500292.0,
    158622250.0,
    179710167.0,
    159626375.0,
    178712042.0,
    158045916.0,
    185271500.0,
    159880500.0,
    185702250.0,
    171270125.0,
    180991750.0,
    159207875.0,
    178729250.0,
    158082958.0,
    177693083.0,
    165623875.0,
    180857667.0,
    160808708.0,
    182197667.0,
    160928625.0,
    180529917.0,
    167515083.0
  ],
  "slope": null,
  "unit": "ns",
  "median_abs_dev": {
    "estimate": 14302395.09318173,
    "lower_bound": 5206830.320960283,
    "unit": "ns",
    "upper_bound": 16486975.76109767
  }
}