{
  "unit": "ns",
  "throughput": [],
  "mean": {
    "estimate": 7722282.941333329,
    "lower_bound": 7536944.182533332,
    "unit": "ns",
    "upper_bound": 7904247.378699999
  },
  "slope": null,
  "change": {
    "change": "Improved",
    "mean": {
      "estimate": -0.9532363297907732,
      "lower_bound": -0.9542192398423108,
      "unit": "%",
      "upper_bound": -0.9521510818519388
    },
    "median": {
      "estimate": -0.9523399823796298,
      "lower_bound": -0.9547827770138944,
      "unit": "%",
      "upper_bound": -0.950146525634788
    }
  },
  "typical": {
    "estimate": 7722282.941333329,
    "lower_bound": 7536944.182533332,
    "unit": "ns",
    "upper_bound": 7904247.378699999
  },
  "iteration_count": [
    15,
    15,
    15,
    15,
    15,
    15,
    15,
    15,
    15,
    15,
    15,
    15,
    15,
    15,
    15,
    15,
    15,
    15,
    15,
    15,
    15,
    15,
    15,
    15,
    15,
    15,
    15,
    15,
    15,
    15,
    15,
    15,
    15,
    15,
    15,
    15,
    15,
    15,
    15,
    15,
    15,
    15,
    15,
    15,
    15,
    15,
    15,
    15,
    15,
    15
  ],
  "median": {
    "estimate": 7840899.966666667,
    "lower_bound": 7424537.5,
    "unit": "ns",
    "upper_bound": 8218055.6
  },
  "median_abs_dev": {
    "estimate": 840444.8076391226,
    "lower_bound": 505158.8760316386,
    "unit": "ns",
    "upper_bound": 1079373.9476972811
  },
  "report_directory": "/Volumes/Files/_ranim/ranim-bench/ranim/target/criterion/reports/merged_gpu_render/submit/3600",
  "measured_values": [
    123317959.0,
    126466542.0,
    129595167.0,
    127870708.0,
    124299417.0,
    123270834.0,
    124760083.0,
    128764375.0,
    125301833.0,
    125253750.0,
    99588958.0,
    113082583.0,
    110907041.0,
    127948875.0,
    128938833.0,
    128722875.0,
    111528167.0,
    111829084.0,
    124515458.0,
    121548417.0,
    96839958.0,
    118584250.0,
    108715167.0,
    111879708.0,
    126826292.0,
    102180333.0,
    123719125.0,
    106762833.0,
    119763083.0,
    98050041.0,
    105950583.0,
    109517250.0,
    127107292.0,
    117430583.0,
    99766167.0,
    102144000.0,
    119601708.0,
    125766625.0,
    117796416.0,
    108653375.0,
    109687625.0,
    107509000.0,
    105643791.0,
    112564792.0,
    118897291.0,
    97401292.0,
    105918375.0,
    115553417.0,
    127440875.0,
    106530000.0
  ]
}