{
  "median": {
    "estimate": 836.9430280345381,
    "lower_bound": 833.029655435842,
    "unit": "ns",
    "upper_bound": 840.3083164300203
  },
  "throughput": [],
  "median_abs_dev": {
    "estimate": 18.132293535846102,
    "lower_bound": 12.18109412573282,
    "unit": "ns",
    "upper_bound": 21.99597866337071
  },
  "slope": {
    "estimate": 837.8203013610677,
    "lower_bound": 834.6977261591787,
    "unit": "ns",
    "upper_bound": 841.188563023559
  },
  "report_directory": "E:\\_ranim\\ranim-bench\\ranim\\target\\criterion\\reports\\extract\\square",
  "change": {
    "change": "Regressed",
    "mean": {
      "estimate": 0.07678818336018978,
      "lower_bound": 0.07101521230999917,
      "unit": "%",
      "upper_bound": 0.08321531583596707
    },
    "median": {
      "estimate": 0.0763656433004265,
      "lower_bound": 0.07150943375299135,
      "unit": "%",
      "upper_bound": 0.0807560529869007
    }
  },
  "iteration_count": [
    1160,
    2320,
    3480,
    4640,
    5800,
    6960,
    8120,
    9280,
    10440,
    11600,
    12760,
    13920,
    15080,
    16240,
    17400,
    18560,
    19720,
    20880,
    22040,
    23200,
    24360,
    25520,
    26680,
    27840,
    29000,
    30160,
    31320,
    32480,
    33640,
    34800,
    35960,
    37120,
    38280,
    39440,
    40600,
    41760,
    42920,
    44080,
    45240,
    46400,
    47560,
    48720,
    49880,
    51040,
    52200,
    53360,
    54520,
    55680,
    56840,
    58000,
    59160,
    60320,
    61480,
    62640,
    63800,
    64960,
    66120,
    67280,
    68440,
    69600,
    70760,
    71920,
    73080,
    74240,
    75400,
    76560,
    77720,
    78880,
    80040,
    81200,
    82360,
    83520,
    84680,
    85840,
    87000,
    88160,
    89320,
    90480,
    91640,
    92800,
    93960,
    95120,
    96280,
    97440,
    98600,
    99760,
    100920,
    102080,
    103240,
    104400,
    105560,
    106720,
    107880,
    109040,
    110200,
    111360,
    112520,
    113680,
    114840,
    116000
  ],
  "typical": {
    "estimate": 837.8203013610677,
    "lower_bound": 834.6977261591787,
    "unit": "ns",
    "upper_bound": 841.188563023559
  },
  "unit": "ns",
  "mean": {
    "estimate": 841.8734177770232,
    "lower_bound": 837.9318152437139,
    "unit": "ns",
    "upper_bound": 846.2126396283936
  },
  "measured_values": [
    962100.0,
    1931200.0,
    2862200.0,
    3797300.0,
    4802800.0,
    5686700.0,
    6636000.0,
    7914700.0,
    8907900.0,
    10415300.0,
    11070300.0,
    12260400.0,
    13029300.0,
    13845800.0,
    15228300.0,
    16405900.0,
    16230000.0,
    17176700.0,
    19148000.0,
    19692600.0,
    20533600.0,
    21327900.0,
    22596200.0,
    23902400.0,
    24244400.0,
    25188200.0,
    27193800.0,
    26862900.0,
    29643900.0,
    29387600.0,
    29855300.0,
    31785200.0,
    33734900.0,
    37574800.0,
    35032800.0,
    35323300.0,
    35226200.0,
    36176600.0,
    36990200.0,
    40284900.0,
    39897800.0,
    40982800.0,
    42861600.0,
    41635000.0,
    43098400.0,
    45745700.0,
    45425800.0,
    45900300.0,
    46978100.0,
    50535300.0,
    49308600.0,
    50082100.0,
    50556500.0,
    51388500.0,
    54407600.0,
    54383800.0,
    54476600.0,
    56188700.0,
    57514900.0,
    58323900.0,
    59140600.0,
    59658000.0,
    60930700.0,
    63106100.0,
    65930300.0,
    63543200.0,
    64863100.0,
    64715800.0,
    65839100.0,
    69691700.0,
    69365200.0,
    69380100.0,
    70493800.0,
    70374800.0,
    73133700.0,
    72663900.0,
    74366100.0,
    74929800.0,
    76724500.0,
    76380000.0,
    76792200.0,
    82047700.0,
    81800000.0,
    81710300.0,
    82854400.0,
    82985600.0,
    84590500.0,
    85593800.0,
    86380600.0,
    86838200.0,
    89307700.0,
    89555300.0,
    88410800.0,
    90732100.0,
    93138700.0,
    94322900.0,
    94344100.0,
    93633900.0,
    98982400.0,
    96519100.0
  ]
}