{
  "change": {
    "change": "NoChange",
    "mean": {
      "estimate": -0.0059030208400199236,
      "lower_bound": -0.008705842922857265,
      "unit": "%",
      "upper_bound": -0.003005810181380238
    },
    "median": {
      "estimate": -0.00936931683975728,
      "lower_bound": -0.011929993761370272,
      "unit": "%",
      "upper_bound": -0.0023215522997742655
    }
  },
  "unit": "ns",
  "iteration_count": [
    1735,
    3470,
    5205,
    6940,
    8675,
    10410,
    12145,
    13880,
    15615,
    17350,
    19085,
    20820,
    22555,
    24290,
    26025,
    27760,
    29495,
    31230,
    32965,
    34700,
    36435,
    38170,
    39905,
    41640,
    43375,
    45110,
    46845,
    48580,
    50315,
    52050,
    53785,
    55520,
    57255,
    58990,
    60725,
    62460,
    64195,
    65930,
    67665,
    69400,
    71135,
    72870,
    74605,
    76340,
    78075,
    79810,
    81545,
    83280,
    85015,
    86750,
    88485,
    90220,
    91955,
    93690,
    95425,
    97160,
    98895,
    100630,
    102365,
    104100,
    105835,
    107570,
    109305,
    111040,
    112775,
    114510,
    116245,
    117980,
    119715,
    121450,
    123185,
    124920,
    126655,
    128390,
    130125,
    131860,
    133595,
    135330,
    137065,
    138800,
    140535,
    142270,
    144005,
    145740,
    147475,
    149210,
    150945,
    152680,
    154415,
    156150,
    157885,
    159620,
    161355,
    163090,
    164825,
    166560,
    168295,
    170030,
    171765,
    173500
  ],
  "throughput": [],
  "measured_values": [
    1029625.0,
    2003125.0,
    2972250.0,
    4036833.0,
    4941083.0,
    5958625.0,
    7018084.0,
    7998333.0,
    9004042.0,
    9904708.0,
    10867625.0,
    11899167.0,
    12775292.0,
    13827333.0,
    14782667.0,
    15826000.0,
    16743041.0,
    17785875.0,
    18736417.0,
    19687041.0,
    20658292.0,
    21709292.0,
    22689208.0,
    23727083.0,
    24617583.0,
    25583125.0,
    26647625.0,
    27572208.0,
    28915208.0,
    29961667.0,
    31036583.0,
    31960666.0,
    32943084.0,
    33890083.0,
    35019125.0,
    35908667.0,
    36887375.0,
    37931000.0,
    38898125.0,
    39927208.0,
    40871375.0,
    41818958.0,
    42824375.0,
    43870958.0,
    44765917.0,
    45385625.0,
    46346291.0,
    47337459.0,
    48332375.0,
    49213709.0,
    50302625.0,
    51211959.0,
    53416125.0,
    54155291.0,
    55200500.0,
    56101625.0,
    57330750.0,
    58200917.0,
    59155458.0,
    59955500.0,
    60020792.0,
    61040458.0,
    62070833.0,
    63046583.0,
    64070083.0,
    65024875.0,
    66012083.0,
    67058125.0,
    68021500.0,
    68985125.0,
    69955084.0,
    71006458.0,
    71817000.0,
    72896250.0,
    73905209.0,
    74971833.0,
    76092334.0,
    77182292.0,
    78018250.0,
    78964542.0,
    80173291.0,
    82215500.0,
    83213750.0,
    84268875.0,
    85231959.0,
    86091292.0,
    87114208.0,
    88074042.0,
    88972042.0,
    90221083.0,
    90979500.0,
    90760750.0,
    91864250.0,
    94471875.0,
    95240334.0,
    95712542.0,
    95850292.0,
    98844041.0,
    98817125.0,
    98511250.0
  ],
  "median": {
    "estimate": 570.6814167289288,
    "lower_bound": 569.3300486504911,
    "unit": "ns",
    "upper_bound": 574.6144559545136
  },
  "report_directory": "/Volumes/Files/_ranim/ranim-bench/ranim/target/criterion/reports/extract/polygon/10",
  "median_abs_dev": {
    "estimate": 4.940710010870749,
    "lower_bound": 2.593345250610605,
    "unit": "ns",
    "upper_bound": 6.777040409490808
  },
  "typical": {
    "estimate": 572.881690359513,
    "lower_bound": 571.6570602989179,
    "unit": "ns",
    "upper_bound": 574.0899168737388
  },
  "slope": {
    "estimate": 572.881690359513,
    "lower_bound": 571.6570602989179,
    "unit": "ns",
    "upper_bound": 574.0899168737388
  },
  "mean": {
    "estimate": 572.5057368993265,
    "lower_bound": 571.5823340955704,
    "unit": "ns",
    "upper_bound": 573.4635985829302
  }
}