{
  "iteration_count": [
    1215,
    2430,
    3645,
    4860,
    6075,
    7290,
    8505,
    9720,
    10935,
    12150,
    13365,
    14580,
    15795,
    17010,
    18225,
    19440,
    20655,
    21870,
    23085,
    24300,
    25515,
    26730,
    27945,
    29160,
    30375,
    31590,
    32805,
    34020,
    35235,
    36450,
    37665,
    38880,
    40095,
    41310,
    42525,
    43740,
    44955,
    46170,
    47385,
    48600,
    49815,
    51030,
    52245,
    53460,
    54675,
    55890,
    57105,
    58320,
    59535,
    60750,
    61965,
    63180,
    64395,
    65610,
    66825,
    68040,
    69255,
    70470,
    71685,
    72900,
    74115,
    75330,
    76545,
    77760,
    78975,
    80190,
    81405,
    82620,
    83835,
    85050,
    86265,
    87480,
    88695,
    89910,
    91125,
    92340,
    93555,
    94770,
    95985,
    97200,
    98415,
    99630,
    100845,
    102060,
    103275,
    104490,
    105705,
    106920,
    108135,
    109350,
    110565,
    111780,
    112995,
    114210,
    115425,
    116640,
    117855,
    119070,
    120285,
    121500
  ],
  "median_abs_dev": {
    "estimate": 3.9141316148022174,
    "lower_bound": 2.858177248316694,
    "unit": "ns",
    "upper_bound": 4.788652043806489
  },
  "throughput": [],
  "median": {
    "estimate": 818.116245193226,
    "lower_bound": 817.3719492768405,
    "unit": "ns",
    "upper_bound": 819.2455967078189
  },
  "slope": {
    "estimate": 817.4828273131349,
    "lower_bound": 816.5692104711195,
    "unit": "ns",
    "upper_bound": 818.4605461393184
  },
  "report_directory": "/Volumes/Files/_ranim/ranim-bench/ranim/target/criterion/reports/extract/polygon/20",
  "unit": "ns",
  "typical": {
    "estimate": 817.4828273131349,
    "lower_bound": 816.5692104711195,
    "unit": "ns",
    "upper_bound": 818.4605461393184
  },
  "change": {
    "change": "NoChange",
    "mean": {
      "estimate": -0.007343809063403928,
      "lower_bound": -0.01156100388911329,
      "unit": "%",
      "upper_bound": -0.0033390724597032774
    },
    "median": {
      "estimate": -0.00314050060219051,
      "lower_bound": -0.006147064631207955,
      "unit": "%",
      "upper_bound": 0.00003380020095855585
    }
  },
  "mean": {
    "estimate": 818.5303715806251,
    "lower_bound": 817.4347863722916,
    "unit": "ns",
    "upper_bound": 819.616448174825
  },
  "measured_values": [
    1029833.0,
    1973625.0,
    2974125.0,
    3959500.0,
    4976917.0,
    5969417.0,
    6704333.0,
    7836500.0,
    8996000.0,
    9998750.0,
    11007458.0,
    11973500.0,
    12985459.0,
    14023166.0,
    14918959.0,
    16000958.0,
    16925292.0,
    17976375.0,
    18930667.0,
    19956625.0,
    20960709.0,
    22037666.0,
    22977917.0,
    23948500.0,
    24907667.0,
    25911792.0,
    26996292.0,
    27942958.0,
    28921875.0,
    29989583.0,
    30901167.0,
    31937958.0,
    32969875.0,
    33687083.0,
    34701083.0,
    35722167.0,
    36749750.0,
    37770333.0,
    38766959.0,
    39725458.0,
    40799833.0,
    41674166.0,
    42738125.0,
    43654584.0,
    44680709.0,
    45545000.0,
    46573000.0,
    47634917.0,
    48632458.0,
    49675958.0,
    50629375.0,
    51704625.0,
    52620000.0,
    53543209.0,
    54628709.0,
    55587584.0,
    56733875.0,
    57692250.0,
    58824625.0,
    59616834.0,
    60726875.0,
    61638208.0,
    62421209.0,
    63875583.0,
    64950083.0,
    66080625.0,
    67101166.0,
    68131042.0,
    69150291.0,
    70024750.0,
    71177708.0,
    72151291.0,
    72260750.0,
    73214292.0,
    74979167.0,
    75953583.0,
    76232958.0,
    77484583.0,
    78525833.0,
    79687584.0,
    80531167.0,
    81437583.0,
    82272417.0,
    82406292.0,
    83813709.0,
    85205459.0,
    85962292.0,
    87181750.0,
    88258250.0,
    89060125.0,
    90866250.0,
    90850750.0,
    92355750.0,
    93258833.0,
    94228208.0,
    94994500.0,
    96184250.0,
    96907625.0,
    98090250.0,
    99157375.0
  ]
}