{
  "median_abs_dev": {
    "estimate": 18.331554273463126,
    "lower_bound": 13.193608307471198,
    "unit": "ns",
    "upper_bound": 23.198898990726352
  },
  "iteration_count": [
    983,
    1966,
    2949,
    3932,
    4915,
    5898,
    6881,
    7864,
    8847,
    9830,
    10813,
    11796,
    12779,
    13762,
    14745,
    15728,
    16711,
    17694,
    18677,
    19660,
    20643,
    21626,
    22609,
    23592,
    24575,
    25558,
    26541,
    27524,
    28507,
    29490,
    30473,
    31456,
    32439,
    33422,
    34405,
    35388,
    36371,
    37354,
    38337,
    39320,
    40303,
    41286,
    42269,
    43252,
    44235,
    45218,
    46201,
    47184,
    48167,
    49150,
    50133,
    51116,
    52099,
    53082,
    54065,
    55048,
    56031,
    57014,
    57997,
    58980,
    59963,
    60946,
    61929,
    62912,
    63895,
    64878,
    65861,
    66844,
    67827,
    68810,
    69793,
    70776,
    71759,
    72742,
    73725,
    74708,
    75691,
    76674,
    77657,
    78640,
    79623,
    80606,
    81589,
    82572,
    83555,
    84538,
    85521,
    86504,
    87487,
    88470,
    89453,
    90436,
    91419,
    92402,
    93385,
    94368,
    95351,
    96334,
    97317,
    98300
  ],
  "typical": {
    "estimate": 1015.671137278165,
    "lower_bound": 1009.5355179735016,
    "unit": "ns",
    "upper_bound": 1022.9672993969688
  },
  "slope": {
    "estimate": 1015.671137278165,
    "lower_bound": 1009.5355179735016,
    "unit": "ns",
    "upper_bound": 1022.9672993969688
  },
  "measured_values": [
    969500.0,
    2089900.0,
    3031600.0,
    4003000.0,
    4991000.0,
    6178800.0,
    7188700.0,
    8078300.0,
    8998500.0,
    10143100.0,
    11465700.0,
    12151000.0,
    12991800.0,
    14084000.0,
    15385000.0,
    16096500.0,
    18429300.0,
    17977800.0,
    19011700.0,
    19347000.0,
    21229000.0,
    21479600.0,
    25412500.0,
    23212100.0,
    24365000.0,
    26827400.0,
    26306300.0,
    28136100.0,
    28990600.0,
    29084600.0,
    30132600.0,
    31964400.0,
    32360300.0,
    33468600.0,
    34843800.0,
    36132600.0,
    36378000.0,
    38024000.0,
    38815500.0,
    39846100.0,
    41666400.0,
    42273100.0,
    42492000.0,
    42905300.0,
    44661700.0,
    45408200.0,
    47087700.0,
    48584600.0,
    64399300.0,
    49230000.0,
    50668000.0,
    52707600.0,
    51667200.0,
    53480900.0,
    54095100.0,
    55221900.0,
    56137300.0,
    65946300.0,
    58586500.0,
    59450200.0,
    60374500.0,
    60651700.0,
    61246200.0,
    63009600.0,
    63598500.0,
    64505100.0,
    66201600.0,
    66504900.0,
    68914000.0,
    68870200.0,
    69573700.0,
    70406300.0,
    71484300.0,
    73026200.0,
    75280200.0,
    73980300.0,
    76086800.0,
    76012800.0,
    77236500.0,
    79951900.0,
    79946300.0,
    80498700.0,
    81808200.0,
    83424700.0,
    84453500.0,
    85029700.0,
    86438700.0,
    87090000.0,
    88100600.0,
    89350500.0,
    93716600.0,
    92762600.0,
    94485300.0,
    95989500.0,
    96891900.0,
    98043500.0,
    97435800.0,
    97261200.0,
    100739900.0,
    99006000.0
  ],
  "throughput": [],
  "median": {
    "estimate": 1010.4991793258504,
    "lower_bound": 1006.86256524857,
    "unit": "ns",
    "upper_bound": 1016.3391932643116
  },
  "report_directory": "E:\\_ranim\\ranim-bench\\ranim\\target\\criterion\\reports\\extract\\circle",
  "change": {
    "change": "NoChange",
    "mean": {
      "estimate": -0.0150832918856163,
      "lower_bound": -0.027606174055719364,
      "unit": "%",
      "upper_bound": -0.0013417922213123737
    },
    "median": {
      "estimate": -0.011846247729366266,
      "lower_bound": -0.02008642932495397,
      "unit": "%",
      "upper_bound": -0.00047659828529722503
    }
  },
  "mean": {
    "estimate": 1019.1737393513464,
    "lower_bound": 1012.1667408321484,
    "unit": "ns",
    "upper_bound": 1028.322535442417
  },
  "unit": "ns"
}