{
  "slope": {
    "estimate": 1213.1779032307952,
    "lower_bound": 1212.6003615117238,
    "unit": "ns",
    "upper_bound": 1213.728001481594
  },
  "change": {
    "change": "NoChange",
    "mean": {
      "estimate": -0.0019103736119703283,
      "lower_bound": -0.002456125423818123,
      "unit": "%",
      "upper_bound": -0.001368885518206029
    },
    "median": {
      "estimate": -0.0023029948796856603,
      "lower_bound": -0.002771166828780758,
      "unit": "%",
      "upper_bound": -0.001757777225355417
    }
  },
  "median_abs_dev": {
    "estimate": 1.902555751740247,
    "lower_bound": 1.3396238850282836,
    "unit": "ns",
    "upper_bound": 2.4254936338054214
  },
  "throughput": [],
  "typical": {
    "estimate": 1213.1779032307952,
    "lower_bound": 1212.6003615117238,
    "unit": "ns",
    "upper_bound": 1213.728001481594
  },
  "unit": "ns",
  "median": {
    "estimate": 1212.478758265172,
    "lower_bound": 1212.062270501836,
    "unit": "ns",
    "upper_bound": 1213.071970624235
  },
  "iteration_count": [
    817,
    1634,
    2451,
    3268,
    4085,
    4902,
    5719,
    6536,
    7353,
    8170,
    8987,
    9804,
    10621,
    11438,
    12255,
    13072,
    13889,
    14706,
    15523,
    16340,
    17157,
    17974,
    18791,
    19608,
    20425,
    21242,
    22059,
    22876,
    23693,
    24510,
    25327,
    26144,
    26961,
    27778,
    28595,
    29412,
    30229,
    31046,
    31863,
    32680,
    33497,
    34314,
    35131,
    35948,
    36765,
    37582,
    38399,
    39216,
    40033,
    40850,
    41667,
    42484,
    43301,
    44118,
    44935,
    45752,
    46569,
    47386,
    48203,
    49020,
    49837,
    50654,
    51471,
    52288,
    53105,
    53922,
    54739,
    55556,
    56373,
    57190,
    58007,
    58824,
    59641,
    60458,
    61275,
    62092,
    62909,
    63726,
    64543,
    65360,
    66177,
    66994,
    67811,
    68628,
    69445,
    70262,
    71079,
    71896,
    72713,
    73530,
    74347,
    75164,
    75981,
    76798,
    77615,
    78432,
    79249,
    80066,
    80883,
    81700
  ],
  "mean": {
    "estimate": 1212.837518476916,
    "lower_bound": 1212.4247031943723,
    "unit": "ns",
    "upper_bound": 1213.2574902363324
  },
  "report_directory": "/home/user/workspaces/ranim-bench/ranim/target/criterion/reports/extract/polygon/40",
  "measured_values": [
    985949.0,
    1991145.0,
    2984939.0,
    3967642.0,
    4962759.0,
    5947335.0,
    6935348.0,
    7922039.0,
    8919811.0,
    9919866.0,
    10894184.0,
    11877519.0,
    12875581.0,
    13869785.0,
    14875993.0,
    15864927.0,
    16816944.0,
    17856613.0,
    18838836.0,
    19834924.0,
    20802008.0,
    21800130.0,
    22805336.0,
    23777730.0,
    24776995.0,
    25796797.0,
    26746699.0,
    27759649.0,
    28742222.0,
    29727480.0,
    30743636.0,
    31718565.0,
    32717828.0,
    33757159.0,
    34647218.0,
    35645260.0,
    36609078.0,
    37598063.0,
    38632283.0,
    39781318.0,
    40617016.0,
    41579060.0,
    42559729.0,
    43759590.0,
    44570411.0,
    45515644.0,
    46526620.0,
    47509183.0,
    48453314.0,
    49369443.0,
    50443397.0,
    51396114.0,
    52396270.0,
    53413077.0,
    54324056.0,
    55416344.0,
    56432511.0,
    57312992.0,
    58319229.0,
    59521515.0,
    60365829.0,
    61410477.0,
    62259680.0,
    63298359.0,
    64258800.0,
    65308048.0,
    66373096.0,
    67305796.0,
    68313786.0,
    69307991.0,
    70279363.0,
    71342878.0,
    72296507.0,
    73250356.0,
    74500380.0,
    75256328.0,
    76229694.0,
    77204903.0,
    78227351.0,
    79210856.0,
    80196365.0,
    81468200.0,
    82362918.0,
    83356211.0,
    84503644.0,
    85395888.0,
    86453671.0,
    87489925.0,
    88413186.0,
    89305300.0,
    90329060.0,
    91317063.0,
    92290820.0,
    93380875.0,
    94255946.0,
    95409981.0,
    96258182.0,
    97056900.0,
    98043481.0,
    98923732.0
  ]
}