{
  "iteration_count": [
    3348,
    6696,
    10044,
    13392,
    16740,
    20088,
    23436,
    26784,
    30132,
    33480,
    36828,
    40176,
    43524,
    46872,
    50220,
    53568,
    56916,
    60264,
    63612,
    66960,
    70308,
    73656,
    77004,
    80352,
    83700,
    87048,
    90396,
    93744,
    97092,
    100440,
    103788,
    107136,
    110484,
    113832,
    117180,
    120528,
    123876,
    127224,
    130572,
    133920,
    137268,
    140616,
    143964,
    147312,
    150660,
    154008,
    157356,
    160704,
    164052,
    167400,
    170748,
    174096,
    177444,
    180792,
    184140,
    187488,
    190836,
    194184,
    197532,
    200880,
    204228,
    207576,
    210924,
    214272,
    217620,
    220968,
    224316,
    227664,
    231012,
    234360,
    237708,
    241056,
    244404,
    247752,
    251100,
    254448,
    257796,
    261144,
    264492,
    267840,
    271188,
    274536,
    277884,
    281232,
    284580,
    287928,
    291276,
    294624,
    297972,
    301320,
    304668,
    308016,
    311364,
    314712,
    318060,
    321408,
    324756,
    328104,
    331452,
    334800
  ],
  "median_abs_dev": {
    "estimate": 0.8402021679609073,
    "lower_bound": 0.5822681013005453,
    "unit": "ns",
    "upper_bound": 1.0966571233694271
  },
  "report_directory": "/home/user/workspaces/ranim-bench/ranim/target/criterion/reports/extract/polygon/5",
  "throughput": [],
  "change": {
    "change": "NoChange",
    "mean": {
      "estimate": -0.0032942819366355014,
      "lower_bound": -0.004045445530858322,
      "unit": "%",
      "upper_bound": -0.002487429035587449
    },
    "median": {
      "estimate": -0.0028018592896583705,
      "lower_bound": -0.003698070250393149,
      "unit": "%",
      "upper_bound": -0.0017604262795472003
    }
  },
  "mean": {
    "estimate": 264.36909389178095,
    "lower_bound": 264.22467230280955,
    "unit": "ns",
    "upper_bound": 264.5145145249511
  },
  "median": {
    "estimate": 264.19541456189256,
    "lower_bound": 264.02867383512546,
    "unit": "ns",
    "upper_bound": 264.4653687411752
  },
  "unit": "ns",
  "typical": {
    "estimate": 264.50586793577446,
    "lower_bound": 264.3182488200236,
    "unit": "ns",
    "upper_bound": 264.6803320076018
  },
  "measured_values": [
    885872.0,
    1767786.0,
    2642607.0,
    3535872.0,
    4420942.0,
    5288901.0,
    6189830.0,
    7067226.0,
    7925366.0,
    8822568.0,
    9693612.0,
    10582119.0,
    11467389.0,
    12346769.0,
    13245515.0,
    14125585.0,
    15011978.0,
    15978601.0,
    16882256.0,
    17743491.0,
    18627720.0,
    19545462.0,
    20421424.0,
    21332553.0,
    22209357.0,
    23101741.0,
    23975160.0,
    24922467.0,
    25825110.0,
    26692537.0,
    27563571.0,
    28394079.0,
    29300909.0,
    30041990.0,
    30926618.0,
    31762827.0,
    32663556.0,
    33611094.0,
    34457150.0,
    35319578.0,
    36269610.0,
    37112732.0,
    37969469.0,
    38899954.0,
    39804751.0,
    40651599.0,
    41580452.0,
    42423083.0,
    43296841.0,
    44189606.0,
    45065479.0,
    46003308.0,
    46947098.0,
    47799617.0,
    48698653.0,
    49736660.0,
    50473011.0,
    51370585.0,
    52226581.0,
    53080002.0,
    54051313.0,
    54844922.0,
    55721336.0,
    56692958.0,
    57529878.0,
    58178083.0,
    59123857.0,
    60000953.0,
    60900810.0,
    61749763.0,
    62667254.0,
    63664204.0,
    64542281.0,
    65332914.0,
    66142763.0,
    67021020.0,
    67947348.0,
    68896919.0,
    69751341.0,
    70717143.0,
    71552350.0,
    72818074.0,
    73675111.0,
    74584007.0,
    75430033.0,
    76446109.0,
    77421999.0,
    78219935.0,
    79042629.0,
    79917991.0,
    80767134.0,
    81597902.0,
    82547012.0,
    83419308.0,
    84289030.0,
    85220898.0,
    86152445.0,
    86632245.0,
    87532574.0,
    88558979.0
  ],
  "slope": {
    "estimate": 264.50586793577446,
    "lower_bound": 264.3182488200236,
    "unit": "ns",
    "upper_bound": 264.6803320076018
  }
}