{
  "mean": {
    "estimate": 5158640.634455468,
    "lower_bound": 5133783.634068728,
    "unit": "ns",
    "upper_bound": 5184421.126151015
  },
  "median": {
    "estimate": 5161458.46957672,
    "lower_bound": 5115548.034722222,
    "unit": "ns",
    "upper_bound": 5187316.867283951
  },
  "median_abs_dev": {
    "estimate": 38932.82412315576,
    "lower_bound": 10479.153891735248,
    "unit": "ns",
    "upper_bound": 78545.96339858537
  },
  "measured_values": [
    91985458.0,
    183544667.0,
    279596708.0,
    372853417.0,
    471600417.0,
    557666708.0,
    650076375.0,
    736638917.0,
    841900541.0,
    926283083.0
  ],
  "report_directory": "/Volumes/Files/_ranim/ranim-bench/ranim/target/criterion/reports/eval/eval_transform_squares/100",
  "change": {
    "change": "NoChange",
    "mean": {
      "estimate": -0.01356811350647591,
      "lower_bound": -0.02046185580271948,
      "unit": "%",
      "upper_bound": -0.00675051815067273
    },
    "median": {
      "estimate": -0.013446106891053522,
      "lower_bound": -0.02374177257487209,
      "unit": "%",
      "upper_bound": -0.006577230528883926
    }
  },
  "unit": "ns",
  "slope": {
    "estimate": 5162606.432467532,
    "lower_bound": 5139395.087145463,
    "unit": "ns",
    "upper_bound": 5190555.9838802535
  },
  "typical": {
    "estimate": 5162606.432467532,
    "lower_bound": 5139395.087145463,
    "unit": "ns",
    "upper_bound": 5190555.9838802535
  },
  "throughput": [],
  "iteration_count": [
    18,
    36,
    54,
    72,
    90,
    108,
    126,
    144,
    162,
    180
  ]
}