{
  "typical": {
    "estimate": 725909707.7870129,
    "lower_bound": 713987913.0273973,
    "unit": "ns",
    "upper_bound": 744844539.6456693
  },
  "change": {
    "change": "NoChange",
    "mean": {
      "estimate": -0.03315371906718434,
      "lower_bound": -0.08161342323562511,
      "unit": "%",
      "upper_bound": 0.027305414523081616
    },
    "median": {
      "estimate": -0.04605828519576738,
      "lower_bound": -0.08963803333187603,
      "unit": "%",
      "upper_bound": 0.03325161795340881
    }
  },
  "unit": "ns",
  "report_directory": "/Volumes/Files/_ranim/ranim-bench/ranim/target/criterion/reports/eval/eval_transform_squares/1000",
  "iteration_count": [
    1,
    2,
    3,
    4,
    5,
    6,
    7,
    8,
    9,
    10
  ],
  "median": {
    "estimate": 735933003.05,
    "lower_bound": 722912822.3194444,
    "unit": "ns",
    "upper_bound": 781746653.0
  },
  "median_abs_dev": {
    "estimate": 26118127.31457723,
    "lower_bound": 5973728.841880148,
    "unit": "ns",
    "upper_bound": 78921512.27728315
  },
  "slope": {
    "estimate": 725909707.7870129,
    "lower_bound": 713987913.0273973,
    "unit": "ns",
    "upper_bound": 744844539.6456693
  },
  "mean": {
    "estimate": 759568446.6876984,
    "lower_bound": 729043886.5648214,
    "unit": "ns",
    "upper_bound": 798779976.7201786
  },
  "throughput": [],
  "measured_values": [
    904894042.0,
    1624978083.0,
    2345239959.0,
    2921515375.0,
    3683838833.0,
    4351847917.0,
    5254757708.0,
    5880785916.0,
    6439021208.0,
    7028754209.0
  ]
}