{
  "change": {
    "change": "Regressed",
    "mean": {
      "estimate": 0.03937934277524669,
      "lower_bound": 0.0298446435306174,
      "unit": "%",
      "upper_bound": 0.050585668582101125
    },
    "median": {
      "estimate": 0.042005609658290144,
      "lower_bound": 0.034597215862495645,
      "unit": "%",
      "upper_bound": 0.04751086190857112
    }
  },
  "report_directory": "E:\\ranim-bench\\ranim\\target\\criterion\\reports\\extract\\polygon\\10",
  "slope": {
    "estimate": 947.9782210245314,
    "lower_bound": 944.7644098041384,
    "unit": "ns",
    "upper_bound": 952.0685054671684
  },
  "measured_values": [
    976400.0,
    1966600.0,
    2934400.0,
    3985100.0,
    4891800.0,
    5891800.0,
    7088500.0,
    7821900.0,
    8903800.0,
    9871500.0,
    10861900.0,
    11926000.0,
    12912200.0,
    13862400.0,
    15000800.0,
    15867800.0,
    16758100.0,
    18426900.0,
    18723400.0,
    24854200.0,
    20652100.0,
    22117700.0,
    23518500.0,
    24009000.0,
    24801000.0,
    25681600.0,
    26917300.0,
    27706700.0,
    29584600.0,
    30749600.0,
    31338800.0,
    31615100.0,
    32581600.0,
    33522900.0,
    34926800.0,
    36162000.0,
    46976300.0,
    39151500.0,
    38851100.0,
    39792400.0,
    40337400.0,
    42082200.0,
    43011100.0,
    44125500.0,
    44536000.0,
    45541500.0,
    46492500.0,
    47430800.0,
    49965900.0,
    49910800.0,
    50366100.0,
    51449900.0,
    52250400.0,
    53902400.0,
    54658900.0,
    55298800.0,
    56247800.0,
    57548100.0,
    58888000.0,
    59741300.0,
    60563100.0,
    61116300.0,
    62373600.0,
    65271700.0,
    64303000.0,
    65716900.0,
    66089800.0,
    67327900.0,
    68292100.0,
    69521400.0,
    70601200.0,
    71552600.0,
    72119400.0,
    72870200.0,
    74370400.0,
    80960200.0,
    76416800.0,
    77002700.0,
    78188800.0,
    79257700.0,
    80095300.0,
    82588500.0,
    82903400.0,
    83079300.0,
    83530700.0,
    85668600.0,
    87176500.0,
    86795900.0,
    88366300.0,
    88993000.0,
    90570900.0,
    91821100.0,
    91784500.0,
    94944100.0,
    94377600.0,
    95107400.0,
    96336600.0,
    98809100.0,
    99038400.0,
    100484700.0
  ],
  "unit": "ns",
  "median_abs_dev": {
    "estimate": 7.437301534329004,
    "lower_bound": 5.167429259604743,
    "unit": "ns",
    "upper_bound": 9.452711968809677
  },
  "mean": {
    "estimate": 951.023592981646,
    "lower_bound": 944.9854776049568,
    "unit": "ns",
    "upper_bound": 959.1293715054552
  },
  "iteration_count": [
    1052,
    2104,
    3156,
    4208,
    5260,
    6312,
    7364,
    8416,
    9468,
    10520,
    11572,
    12624,
    13676,
    14728,
    15780,
    16832,
    17884,
    18936,
    19988,
    21040,
    22092,
    23144,
    24196,
    25248,
    26300,
    27352,
    28404,
    29456,
    30508,
    31560,
    32612,
    33664,
    34716,
    35768,
    36820,
    37872,
    38924,
    39976,
    41028,
    42080,
    43132,
    44184,
    45236,
    46288,
    47340,
    48392,
    49444,
    50496,
    51548,
    52600,
    53652,
    54704,
    55756,
    56808,
    57860,
    58912,
    59964,
    61016,
    62068,
    63120,
    64172,
    65224,
    66276,
    67328,
    68380,
    69432,
    70484,
    71536,
    72588,
    73640,
    74692,
    75744,
    76796,
    77848,
    78900,
    79952,
    81004,
    82056,
    83108,
    84160,
    85212,
    86264,
    87316,
    88368,
    89420,
    90472,
    91524,
    92576,
    93628,
    94680,
    95732,
    96784,
    97836,
    98888,
    99940,
    100992,
    102044,
    103096,
    104148,
    105200
  ],
  "throughput": [],
  "typical": {
    "estimate": 947.9782210245314,
    "lower_bound": 944.7644098041384,
    "unit": "ns",
    "upper_bound": 952.0685054671684
  },
  "median": {
    "estimate": 943.2673929256794,
    "lower_bound": 940.9684993190532,
    "unit": "ns",
    "upper_bound": 944.9530800426478
  }
}