{
  "unit": "ns",
  "median": {
    "estimate": 1427.141923562286,
    "lower_bound": 1423.8181568196103,
    "unit": "ns",
    "upper_bound": 1434.8040777317617
  },
  "iteration_count": [
    688,
    1376,
    2064,
    2752,
    3440,
    4128,
    4816,
    5504,
    6192,
    6880,
    7568,
    8256,
    8944,
    9632,
    10320,
    11008,
    11696,
    12384,
    13072,
    13760,
    14448,
    15136,
    15824,
    16512,
    17200,
    17888,
    18576,
    19264,
    19952,
    20640,
    21328,
    22016,
    22704,
    23392,
    24080,
    24768,
    25456,
    26144,
    26832,
    27520,
    28208,
    28896,
    29584,
    30272,
    30960,
    31648,
    32336,
    33024,
    33712,
    34400,
    35088,
    35776,
    36464,
    37152,
    37840,
    38528,
    39216,
    39904,
    40592,
    41280,
    41968,
    42656,
    43344,
    44032,
    44720,
    45408,
    46096,
    46784,
    47472,
    48160,
    48848,
    49536,
    50224,
    50912,
    51600,
    52288,
    52976,
    53664,
    54352,
    55040,
    55728,
    56416,
    57104,
    57792,
    58480,
    59168,
    59856,
    60544,
    61232,
    61920,
    62608,
    63296,
    63984,
    64672,
    65360,
    66048,
    66736,
    67424,
    68112,
    68800
  ],
  "measured_values": [
    994400.0,
    1940200.0,
    2945500.0,
    3861100.0,
    4831300.0,
    5889400.0,
    6757600.0,
    7874200.0,
    8938700.0,
    9797900.0,
    10737200.0,
    11603600.0,
    12749000.0,
    14350000.0,
    14665200.0,
    16086900.0,
    16631200.0,
    17585200.0,
    19265300.0,
    19656700.0,
    20515500.0,
    22245600.0,
    23231000.0,
    25198100.0,
    25550000.0,
    26093300.0,
    27288100.0,
    27975500.0,
    28285000.0,
    29443500.0,
    30191200.0,
    31147300.0,
    32306900.0,
    34713000.0,
    34099800.0,
    36238500.0,
    36237200.0,
    37584800.0,
    38037300.0,
    39357600.0,
    39828100.0,
    40934100.0,
    42222300.0,
    42882800.0,
    43834300.0,
    44910500.0,
    45822600.0,
    46704000.0,
    48884900.0,
    48682400.0,
    49800300.0,
    50739100.0,
    52127000.0,
    52906400.0,
    53560300.0,
    56095300.0,
    57527000.0,
    58989700.0,
    62095100.0,
    60611800.0,
    61408700.0,
    62607800.0,
    63547600.0,
    64682300.0,
    65539200.0,
    65856500.0,
    65355100.0,
    66224800.0,
    67438700.0,
    68694600.0,
    74822900.0,
    70035800.0,
    72061600.0,
    72280000.0,
    73296700.0,
    74545600.0,
    75607400.0,
    76428800.0,
    77490700.0,
    78837600.0,
    79663300.0,
    80243300.0,
    80811100.0,
    82965300.0,
    82673200.0,
    83634700.0,
    88609000.0,
    86170100.0,
    89343500.0,
    88650200.0,
    88669300.0,
    92262200.0,
    93710000.0,
    95400000.0,
    96386700.0,
    97418900.0,
    97806600.0,
    99061600.0,
    100458300.0,
    101706900.0
  ],
  "slope": {
    "estimate": 1445.1805818077469,
    "lower_bound": 1437.9932621286398,
    "unit": "ns",
    "upper_bound": 1452.293199045712
  },
  "change": {
    "change": "Regressed",
    "mean": {
      "estimate": 0.24895744298120004,
      "lower_bound": 0.2223609380728655,
      "unit": "%",
      "upper_bound": 0.27076855348405543
    },
    "median": {
      "estimate": 0.27272292740274207,
      "lower_bound": 0.2648289190619908,
      "unit": "%",
      "upper_bound": 0.2824493253896181
    }
  },
  "mean": {
    "estimate": 1440.0618474763476,
    "lower_bound": 1434.6791612859784,
    "unit": "ns",
    "upper_bound": 1445.7834535128766
  },
  "throughput": [],
  "median_abs_dev": {
    "estimate": 17.747643976685993,
    "lower_bound": 12.414306726530777,
    "unit": "ns",
    "upper_bound": 30.621911000134304
  },
  "typical": {
    "estimate": 1445.1805818077469,
    "lower_bound": 1437.9932621286398,
    "unit": "ns",
    "upper_bound": 1452.293199045712
  },
  "report_directory": "E:\\ranim-bench\\ranim\\target\\criterion\\reports\\extract\\polygon\\20"
}