{
  "slope": {
    "estimate": 820.6817624878036,
    "lower_bound": 818.1912774485116,
    "unit": "ns",
    "upper_bound": 823.809241850881
  },
  "change": {
    "change": "Regressed",
    "mean": {
      "estimate": 0.01970767487006886,
      "lower_bound": 0.01043331510247682,
      "unit": "%",
      "upper_bound": 0.029278304847223033
    },
    "median": {
      "estimate": 0.024328659194842173,
      "lower_bound": 0.020830062278170747,
      "unit": "%",
      "upper_bound": 0.028943403938977097
    }
  },
  "throughput": [],
  "iteration_count": [
    1208,
    2416,
    3624,
    4832,
    6040,
    7248,
    8456,
    9664,
    10872,
    12080,
    13288,
    14496,
    15704,
    16912,
    18120,
    19328,
    20536,
    21744,
    22952,
    24160,
    25368,
    26576,
    27784,
    28992,
    30200,
    31408,
    32616,
    33824,
    35032,
    36240,
    37448,
    38656,
    39864,
    41072,
    42280,
    43488,
    44696,
    45904,
    47112,
    48320,
    49528,
    50736,
    51944,
    53152,
    54360,
    55568,
    56776,
    57984,
    59192,
    60400,
    61608,
    62816,
    64024,
    65232,
    66440,
    67648,
    68856,
    70064,
    71272,
    72480,
    73688,
    74896,
    76104,
    77312,
    78520,
    79728,
    80936,
    82144,
    83352,
    84560,
    85768,
    86976,
    88184,
    89392,
    90600,
    91808,
    93016,
    94224,
    95432,
    96640,
    97848,
    99056,
    100264,
    101472,
    102680,
    103888,
    105096,
    106304,
    107512,
    108720,
    109928,
    111136,
    112344,
    113552,
    114760,
    115968,
    117176,
    118384,
    119592,
    120800
  ],
  "report_directory": "E:\\ranim-bench\\ranim\\target\\criterion\\reports\\extract\\polygon\\5",
  "typical": {
    "estimate": 820.6817624878036,
    "lower_bound": 818.1912774485116,
    "unit": "ns",
    "upper_bound": 823.809241850881
  },
  "median_abs_dev": {
    "estimate": 4.910148091635448,
    "lower_bound": 3.4812320107563877,
    "unit": "ns",
    "upper_bound": 7.049639399226737
  },
  "measured_values": [
    976400.0,
    2438300.0,
    3249900.0,
    3936900.0,
    4892000.0,
    5989900.0,
    6978100.0,
    8049200.0,
    8866400.0,
    9934600.0,
    10815900.0,
    11750300.0,
    12798800.0,
    13748100.0,
    14719400.0,
    15728000.0,
    16729900.0,
    18044300.0,
    18645200.0,
    19722100.0,
    20586200.0,
    21600000.0,
    22819400.0,
    23626900.0,
    25017300.0,
    25686700.0,
    26735400.0,
    27447700.0,
    28469200.0,
    30010000.0,
    30563600.0,
    31633500.0,
    32836500.0,
    33826100.0,
    34821100.0,
    35849800.0,
    37753300.0,
    37573400.0,
    38487900.0,
    39618700.0,
    40238100.0,
    41224600.0,
    43993000.0,
    43518100.0,
    44476800.0,
    45304500.0,
    46251400.0,
    47304500.0,
    48733600.0,
    49232300.0,
    50335000.0,
    51543200.0,
    52210100.0,
    53236900.0,
    54212400.0,
    55018100.0,
    56246700.0,
    57442000.0,
    58685000.0,
    59687500.0,
    60827800.0,
    60890100.0,
    62030200.0,
    62822500.0,
    64075200.0,
    65347700.0,
    66178200.0,
    67036700.0,
    67992300.0,
    72693800.0,
    70744500.0,
    71560900.0,
    72349000.0,
    72821600.0,
    73904900.0,
    74707800.0,
    76902600.0,
    76910700.0,
    77758700.0,
    78871500.0,
    79814300.0,
    80951900.0,
    82403900.0,
    82562500.0,
    83503600.0,
    84972500.0,
    86125300.0,
    86523200.0,
    87740100.0,
    89830700.0,
    89454700.0,
    92082500.0,
    91647400.0,
    92447100.0,
    93532700.0,
    95446800.0,
    100855300.0,
    98406200.0,
    98650900.0,
    99240400.0
  ],
  "mean": {
    "estimate": 822.1780018162866,
    "lower_bound": 818.6403453858064,
    "unit": "ns",
    "upper_bound": 827.1353548892923
  },
  "unit": "ns",
  "median": {
    "estimate": 816.5932162774486,
    "lower_bound": 815.8198813465783,
    "unit": "ns",
    "upper_bound": 818.5408121989765
  }
}