{
  "change": {
    "change": "NoChange",
    "mean": {
      "estimate": -0.0028756403347530712,
      "lower_bound": -0.009812749836455683,
      "unit": "%",
      "upper_bound": 0.004903889755280721
    },
    "median": {
      "estimate": -0.007375767085774809,
      "lower_bound": -0.012415251735968342,
      "unit": "%",
      "upper_bound": -0.0010215841460032848
    }
  },
  "measured_values": [
    975600.0,
    1937400.0,
    2945300.0,
    3955600.0,
    4838800.0,
    5813800.0,
    6926100.0,
    8673700.0,
    8753200.0,
    10011000.0,
    10629600.0,
    11638700.0,
    14814900.0,
    14226000.0,
    14859600.0,
    15865300.0,
    16545600.0,
    17532800.0,
    18521000.0,
    19572100.0,
    20500400.0,
    21496100.0,
    22449700.0,
    23484300.0,
    24334300.0,
    25374900.0,
    26730000.0,
    28113500.0,
    28461000.0,
    34080500.0,
    30241600.0,
    31090200.0,
    32436600.0,
    33503100.0,
    34078700.0,
    35237100.0,
    36221100.0,
    37022900.0,
    38706100.0,
    39516500.0,
    42154500.0,
    42208900.0,
    42113500.0,
    43247500.0,
    44464500.0,
    44898700.0,
    46006500.0,
    46708700.0,
    47688700.0,
    49348000.0,
    50223900.0,
    53534500.0,
    51494900.0,
    52784300.0,
    53761100.0,
    55473000.0,
    59103600.0,
    60988000.0,
    59388900.0,
    58506300.0,
    61904700.0,
    60369100.0,
    61528000.0,
    62767500.0,
    64066700.0,
    64716700.0,
    65332300.0,
    67207100.0,
    70002800.0,
    68790600.0,
    70205200.0,
    69982600.0,
    71376500.0,
    72570300.0,
    73184700.0,
    76784000.0,
    74707300.0,
    76386500.0,
    76870200.0,
    78965100.0,
    80427200.0,
    81219000.0,
    83130900.0,
    82397100.0,
    82958000.0,
    86405400.0,
    85100200.0,
    86684100.0,
    87157500.0,
    88407800.0,
    90614000.0,
    92881500.0,
    94524000.0,
    91666400.0,
    92947700.0,
    96906200.0,
    95040300.0,
    96332200.0,
    98959300.0,
    99447800.0
  ],
  "iteration_count": [
    730,
    1460,
    2190,
    2920,
    3650,
    4380,
    5110,
    5840,
    6570,
    7300,
    8030,
    8760,
    9490,
    10220,
    10950,
    11680,
    12410,
    13140,
    13870,
    14600,
    15330,
    16060,
    16790,
    17520,
    18250,
    18980,
    19710,
    20440,
    21170,
    21900,
    22630,
    23360,
    24090,
    24820,
    25550,
    26280,
    27010,
    27740,
    28470,
    29200,
    29930,
    30660,
    31390,
    32120,
    32850,
    33580,
    34310,
    35040,
    35770,
    36500,
    37230,
    37960,
    38690,
    39420,
    40150,
    40880,
    41610,
    42340,
    43070,
    43800,
    44530,
    45260,
    45990,
    46720,
    47450,
    48180,
    48910,
    49640,
    50370,
    51100,
    51830,
    52560,
    53290,
    54020,
    54750,
    55480,
    56210,
    56940,
    57670,
    58400,
    59130,
    59860,
    60590,
    61320,
    62050,
    62780,
    63510,
    64240,
    64970,
    65700,
    66430,
    67160,
    67890,
    68620,
    69350,
    70080,
    70810,
    71540,
    72270,
    73000
  ],
  "report_directory": "E:\\_ranim\\ranim-bench\\ranim\\target\\criterion\\reports\\extract\\circle",
  "throughput": [],
  "typical": {
    "estimate": 1355.181691164414,
    "lower_bound": 1350.0637652948233,
    "unit": "ns",
    "upper_bound": 1360.6606876721874
  },
  "median": {
    "estimate": 1343.602770303327,
    "lower_bound": 1340.7306178956574,
    "unit": "ns",
    "upper_bound": 1349.378891656289
  },
  "unit": "ns",
  "slope": {
    "estimate": 1355.181691164414,
    "lower_bound": 1350.0637652948233,
    "unit": "ns",
    "upper_bound": 1360.6606876721874
  },
  "mean": {
    "estimate": 1356.413928062145,
    "lower_bound": 1349.5201334119308,
    "unit": "ns",
    "upper_bound": 1364.5262329084796
  },
  "median_abs_dev": {
    "estimate": 14.646114808472724,
    "lower_bound": 10.314720275808476,
    "unit": "ns",
    "upper_bound": 19.15203157264445
  }
}