{
  "report_directory": "E:\\_ranim\\ranim-bench\\ranim\\target\\criterion\\reports\\cpu_submit\\no_wait\\1600",
  "slope": null,
  "median_abs_dev": {
    "estimate": 356876.6396641731,
    "lower_bound": 212678.96622419357,
    "unit": "ns",
    "upper_bound": 460969.9838161469
  },
  "measured_values": [
    109034600.0,
    111279900.0,
    111038300.0,
    108680900.0,
    109992600.0,
    108560000.0,
    111225700.0,
    109284400.0,
    113811900.0,
    108715100.0,
    108416800.0,
    110589000.0,
    109787700.0,
    112033700.0,
    109916400.0,
    110119200.0,
    108116100.0,
    109077200.0,
    108803500.0,
    110414900.0,
    111332000.0,
    109091700.0,
    110421200.0,
    108536900.0,
    108844200.0,
    110539100.0,
    118663700.0,
    107670900.0,
    108583400.0,
    110533000.0,
    110169900.0,
    110904500.0,
    108653300.0,
    107576300.0,
    110968400.0,
    108581400.0,
    110013000.0,
    108718000.0,
    109851300.0,
    110999700.0,
    108924500.0,
    107168600.0,
    108795000.0,
    116154000.0,
    112917300.0,
    110811500.0,
    111598900.0,
    110467900.0,
    115153800.0,
    113794000.0
  ],
  "change": null,
  "median": {
    "estimate": 22000560.0,
    "lower_bound": 21812630.0,
    "unit": "ns",
    "upper_bound": 22106600.0
  },
  "mean": {
    "estimate": 22061341.2,
    "lower_bound": 21947689.92,
    "unit": "ns",
    "upper_bound": 22188948.54
  },
  "unit": "ns",
  "throughput": [],
  "iteration_count": [
    5,
    5,
    5,
    5,
    5,
    5,
    5,
    5,
    5,
    5,
    5,
    5,
    5,
    5,
    5,
    5,
    5,
    5,
    5,
    5,
    5,
    5,
    5,
    5,
    5,
    5,
    5,
    5,
    5,
    5,
    5,
    5,
    5,
    5,
    5,
    5,
    5,
    5,
    5,
    5,
    5,
    5,
    5,
    5,
    5,
    5,
    5,
    5,
    5,
    5
  ],
  "typical": {
    "estimate": 22061341.2,
    "lower_bound": 21947689.92,
    "unit": "ns",
    "upper_bound": 22188948.54
  }
}