{
  "report_directory": "E:\\_ranim\\ranim-bench\\ranim\\target\\criterion\\reports\\cpu_submit\\no_wait\\25",
  "measured_values": [
    100753700.0,
    97665100.0,
    98783600.0,
    97595700.0,
    96334400.0,
    98133100.0,
    101945300.0,
    100042200.0,
    96886200.0,
    99014600.0,
    97241500.0,
    96910900.0,
    98218600.0,
    96678900.0,
    99763800.0,
    97838600.0,
    97338700.0,
    98287300.0,
    98794600.0,
    100662000.0,
    96680400.0,
    100791400.0,
    102593800.0,
    101712500.0,
    96745500.0,
    103206400.0,
    100231900.0,
    98115200.0,
    98856500.0,
    104553300.0,
    96848900.0,
    98879000.0,
    99439100.0,
    97941800.0,
    100562800.0,
    98707100.0,
    96705600.0,
    98205700.0,
    97360000.0,
    97613000.0,
    98289600.0,
    98624300.0,
    103080000.0,
    98782300.0,
    98086400.0,
    102152400.0,
    97893800.0,
    98463500.0,
    100344500.0,
    99144000.0
  ],
  "throughput": [],
  "typical": {
    "estimate": 377824.38931297703,
    "lower_bound": 375846.1715648855,
    "unit": "ns",
    "upper_bound": 379919.5629770992
  },
  "iteration_count": [
    262,
    262,
    262,
    262,
    262,
    262,
    262,
    262,
    262,
    262,
    262,
    262,
    262,
    262,
    262,
    262,
    262,
    262,
    262,
    262,
    262,
    262,
    262,
    262,
    262,
    262,
    262,
    262,
    262,
    262,
    262,
    262,
    262,
    262,
    262,
    262,
    262,
    262,
    262,
    262,
    262,
    262,
    262,
    262,
    262,
    262,
    262,
    262,
    262,
    262
  ],
  "mean": {
    "estimate": 377824.38931297703,
    "lower_bound": 375846.1715648855,
    "unit": "ns",
    "upper_bound": 379919.5629770992
  },
  "median": {
    "estimate": 376121.75572519086,
    "lower_bound": 374464.69465648854,
    "unit": "ns",
    "upper_bound": 377616.6030534351
  },
  "median_abs_dev": {
    "estimate": 6759.693887625046,
    "lower_bound": 3536.1707005791486,
    "unit": "ns",
    "upper_bound": 9457.799488579054
  },
  "slope": null,
  "change": null,
  "unit": "ns"
}