{
  "report_directory": "E:\\_ranim\\ranim-bench\\ranim\\target\\criterion\\reports\\cpu_submit\\no_wait\\3600",
  "typical": {
    "estimate": 51443697.0,
    "lower_bound": 50343134.475,
    "unit": "ns",
    "upper_bound": 53414660.275
  },
  "change": null,
  "mean": {
    "estimate": 51443697.0,
    "lower_bound": 50343134.475,
    "unit": "ns",
    "upper_bound": 53414660.275
  },
  "median": {
    "estimate": 50290450.0,
    "lower_bound": 50139150.0,
    "unit": "ns",
    "upper_bound": 50552350.0
  },
  "throughput": [],
  "measured_values": [
    104207800.0,
    101104700.0,
    101423400.0,
    102696500.0,
    102288000.0,
    100143200.0,
    98860400.0,
    99836400.0,
    99644000.0,
    100278300.0,
    103123700.0,
    103090800.0,
    100617200.0,
    97964500.0,
    100544600.0,
    102550700.0,
    99592000.0,
    100454100.0,
    108672600.0,
    104021900.0,
    102095700.0,
    99944200.0,
    101371700.0,
    100363400.0,
    100847600.0,
    100253800.0,
    98401900.0,
    102414000.0,
    100487000.0,
    100753400.0,
    99065800.0,
    100461500.0,
    99852700.0,
    100242900.0,
    103671200.0,
    101263100.0,
    100831300.0,
    98892500.0,
    99267500.0,
    99466300.0,
    98775300.0,
    99614200.0,
    100503000.0,
    100231500.0,
    104065300.0,
    191439600.0,
    102202700.0,
    100689700.0,
    100622100.0,
    105164000.0
  ],
  "median_abs_dev": {
    "estimate": 705569.3274736404,
    "lower_bound": 415202.1226286888,
    "unit": "ns",
    "upper_bound": 1166250.20429492
  },
  "iteration_count": [
    2,
    2,
    2,
    2,
    2,
    2,
    2,
    2,
    2,
    2,
    2,
    2,
    2,
    2,
    2,
    2,
    2,
    2,
    2,
    2,
    2,
    2,
    2,
    2,
    2,
    2,
    2,
    2,
    2,
    2,
    2,
    2,
    2,
    2,
    2,
    2,
    2,
    2,
    2,
    2,
    2,
    2,
    2,
    2,
    2,
    2,
    2,
    2,
    2,
    2
  ],
  "unit": "ns",
  "slope": null
}