{
  "slope": null,
  "measured_values": [
    97752100.0,
    96583200.0,
    97211100.0,
    99178700.0,
    102089300.0,
    97542100.0,
    102443500.0,
    101827400.0,
    98379100.0,
    99351400.0,
    95591600.0,
    100242600.0,
    99840200.0,
    98341600.0,
    98149700.0,
    99343000.0,
    96955100.0,
    102181200.0,
    100133800.0,
    102074400.0,
    102932300.0,
    96655500.0,
    104501600.0,
    95514800.0,
    100567800.0,
    100942500.0,
    97478000.0,
    100577300.0,
    97599300.0,
    97813900.0,
    98254100.0,
    95951800.0,
    99859400.0,
    95018700.0,
    98947300.0,
    97541200.0,
    99861300.0,
    101785700.0,
    98958800.0,
    99339500.0,
    101254400.0,
    95960100.0,
    97744200.0,
    96732400.0,
    98494200.0,
    98172300.0,
    97471400.0,
    98218800.0,
    103387700.0,
    99068800.0
  ],
  "throughput": [],
  "change": null,
  "report_directory": "E:\\_ranim\\ranim-bench\\ranim\\target\\criterion\\reports\\cpu_submit\\no_wait\\400",
  "mean": {
    "estimate": 5212438.105263158,
    "lower_bound": 5181068.386842103,
    "unit": "ns",
    "upper_bound": 5244937.105263158
  },
  "typical": {
    "estimate": 5212438.105263158,
    "lower_bound": 5181068.386842103,
    "unit": "ns",
    "upper_bound": 5244937.105263158
  },
  "median": {
    "estimate": 5195828.947368421,
    "lower_bound": 5157531.578947369,
    "unit": "ns",
    "upper_bound": 5241663.157894736
  },
  "unit": "ns",
  "iteration_count": [
    19,
    19,
    19,
    19,
    19,
    19,
    19,
    19,
    19,
    19,
    19,
    19,
    19,
    19,
    19,
    19,
    19,
    19,
    19,
    19,
    19,
    19,
    19,
    19,
    19,
    19,
    19,
    19,
    19,
    19,
    19,
    19,
    19,
    19,
    19,
    19,
    19,
    19,
    19,
    19,
    19,
    19,
    19,
    19,
    19,
    19,
    19,
    19,
    19,
    19
  ],
  "median_abs_dev": {
    "estimate": 103875.63605057533,
    "lower_bound": 70829.2629530548,
    "unit": "ns",
    "upper_bound": 159562.87137771834
  }
}