{
  "id": "eval/eval_static_squares/1000",
  "iteration_count": [
    1,
    2,
    3,
    4,
    5,
    6,
    7,
    8,
    9,
    10
  ],
  "measured_values": [
    1547702800.0,
    3017266300.0,
    4460284400.0,
    6048238700.0,
    7373880300.0,
    8835379100.0,
    10352054300.0,
    11825371900.0,
    13285615600.0,
    14802428500.0
  ],
  "unit": "ns",
  "typical": {
    "estimate": 1479740000.5194805,
    "lower_bound": 1476869087.7316346,
    "upper_bound": 1485288501.9095738,
    "unit": "ns"
  },
  "mean": {
    "estimate": 1491595508.3611112,
    "lower_bound": 1479281454.8881943,
    "upper_bound": 1506940229.7916667,
    "unit": "ns"
  },
  "median": {
    "estimate": 1479553875.0,
    "lower_bound": 1476179511.1111112,
    "upper_bound": 1508633150.0,
    "unit": "ns"
  },
  "median_abs_dev": {
    "estimate": 8723993.837118208,
    "lower_bound": 1535500.993989408,
    "upper_bound": 37259207.58351678,
    "unit": "ns"
  }
}