{
  "mean": {
    "estimate": 4975917.976395154,
    "lower_bound": 4947242.763470761,
    "unit": "ns",
    "upper_bound": 5004902.381793651
  },
  "iteration_count": [
    19,
    38,
    57,
    76,
    95,
    114,
    133,
    152,
    171,
    190
  ],
  "median": {
    "estimate": 4964141.209022556,
    "lower_bound": 4947161.064327485,
    "unit": "ns",
    "upper_bound": 5017394.736842105
  },
  "unit": "ns",
  "measured_values": [
    92877417.0,
    190661000.0,
    285106083.0,
    375932000.0,
    480356708.0,
    564417750.0,
    661888291.0,
    763389958.0,
    845964542.0,
    940818958.0
  ],
  "median_abs_dev": {
    "estimate": 41058.694497377815,
    "lower_bound": 3379.7427031552493,
    "unit": "ns",
    "upper_bound": 89381.32179632288
  },
  "slope": {
    "estimate": 4973854.253588517,
    "lower_bound": 4953406.137825107,
    "unit": "ns",
    "upper_bound": 5005931.426392067
  },
  "report_directory": "/Volumes/Files/_ranim/ranim-bench/ranim/target/criterion/reports/eval/eval_static_squares/100",
  "change": {
    "change": "NoChange",
    "mean": {
      "estimate": -0.0075411449046491885,
      "lower_bound": -0.01607011523464505,
      "unit": "%",
      "upper_bound": 0.0018061804655354992
    },
    "median": {
      "estimate": -0.01294571628033414,
      "lower_bound": -0.02014965237414326,
      "unit": "%",
      "upper_bound": 0.0077213774626814224
    }
  },
  "typical": {
    "estimate": 4973854.253588517,
    "lower_bound": 4953406.137825107,
    "unit": "ns",
    "upper_bound": 5005931.426392067
  },
  "throughput": []
}