{
  "throughput": [],
  "report_directory": "/home/user/workspaces/ranim-bench/ranim/target/criterion/reports/cpu_submit/no_wait/25",
  "median_abs_dev": {
    "estimate": 415.83978226704136,
    "lower_bound": 233.54254744612237,
    "unit": "ns",
    "upper_bound": 547.8454789680686
  },
  "typical": {
    "estimate": 164426.2647452229,
    "lower_bound": 164313.5076114649,
    "unit": "ns",
    "upper_bound": 164543.41289808918
  },
  "unit": "ns",
  "slope": null,
  "change": {
    "change": "Improved",
    "mean": {
      "estimate": -0.20823734290676865,
      "lower_bound": -0.21291777357319747,
      "unit": "%",
      "upper_bound": -0.2028989769000779
    },
    "median": {
      "estimate": -0.21668792459002997,
      "lower_bound": -0.21877186314904296,
      "unit": "%",
      "upper_bound": -0.21359196120709945
    }
  },
  "mean": {
    "estimate": 164426.2647452229,
    "lower_bound": 164313.5076114649,
    "unit": "ns",
    "upper_bound": 164543.41289808918
  },
  "iteration_count": [
    628,
    628,
    628,
    628,
    628,
    628,
    628,
    628,
    628,
    628,
    628,
    628,
    628,
    628,
    628,
    628,
    628,
    628,
    628,
    628,
    628,
    628,
    628,
    628,
    628,
    628,
    628,
    628,
    628,
    628,
    628,
    628,
    628,
    628,
    628,
    628,
    628,
    628,
    628,
    628,
    628,
    628,
    628,
    628,
    628,
    628,
    628,
    628,
    628,
    628
  ],
  "measured_values": [
    102998776.0,
    103417943.0,
    103479378.0,
    103410779.0,
    103171029.0,
    103069959.0,
    103429645.0,
    103473828.0,
    103434734.0,
    103162643.0,
    103006901.0,
    103445234.0,
    103476012.0,
    103392554.0,
    103185436.0,
    103083986.0,
    103868670.0,
    103023411.0,
    103497953.0,
    103097700.0,
    103026457.0,
    103871314.0,
    103094615.0,
    103438681.0,
    103103392.0,
    103037728.0,
    103907312.0,
    103056133.0,
    103521687.0,
    103117799.0,
    102917663.0,
    103764073.0,
    102897294.0,
    103298468.0,
    103111076.0,
    103093212.0,
    103505978.0,
    102936337.0,
    103319628.0,
    103004626.0,
    103247622.0,
    103334095.0,
    102941497.0,
    103286135.0,
    103106347.0,
    103594945.0,
    102999556.0,
    102950855.0,
    103309038.0,
    103064579.0
  ],
  "median": {
    "estimate": 164296.54856687898,
    "lower_bound": 164168.31210191082,
    "unit": "ns",
    "upper_bound": 164579.76273885352
  }
}