{
  "iteration_count": [
    234,
    234,
    234,
    234,
    234,
    234,
    234,
    234,
    234,
    234,
    234,
    234,
    234,
    234,
    234,
    234,
    234,
    234,
    234,
    234,
    234,
    234,
    234,
    234,
    234,
    234,
    234,
    234,
    234,
    234,
    234,
    234,
    234,
    234,
    234,
    234,
    234,
    234,
    234,
    234,
    234,
    234,
    234,
    234,
    234,
    234,
    234,
    234,
    234,
    234
  ],
  "measured_values": [
    108786430.0,
    109336887.0,
    109214960.0,
    109027781.0,
    109213367.0,
    108900953.0,
    109650935.0,
    109316893.0,
    109321691.0,
    109304219.0,
    109246911.0,
    109089688.0,
    109711840.0,
    109510544.0,
    109502649.0,
    109124324.0,
    109040378.0,
    109768016.0,
    109246963.0,
    109052330.0,
    109516807.0,
    109308538.0,
    110002896.0,
    109226895.0,
    108935562.0,
    109468439.0,
    109461506.0,
    109335921.0,
    109505448.0,
    109222700.0,
    109107224.0,
    110113414.0,
    109251293.0,
    109356040.0,
    109184310.0,
    109088421.0,
    109664006.0,
    109386067.0,
    108929675.0,
    109811000.0,
    109146831.0,
    109704912.0,
    109338498.0,
    109149928.0,
    109468984.0,
    109383604.0,
    110388642.0,
    108438810.0,
    109452764.0,
    109341015.0
  ],
  "median": {
    "estimate": 467176.4615384615,
    "lower_bound": 466781.60256410256,
    "unit": "ns",
    "upper_bound": 467451.2991452991
  },
  "median_abs_dev": {
    "estimate": 1127.2131569110477,
    "lower_bound": 728.830940906827,
    "unit": "ns",
    "upper_bound": 1515.7969077045748
  },
  "slope": null,
  "change": {
    "change": "Improved",
    "mean": {
      "estimate": -0.9884400073659814,
      "lower_bound": -0.9884850074672566,
      "unit": "%",
      "upper_bound": -0.9883962976549135
    },
    "median": {
      "estimate": -0.9884474249531496,
      "lower_bound": -0.9884898290372036,
      "unit": "%",
      "upper_bound": -0.988402248371134
    }
  },
  "typical": {
    "estimate": 467269.9067521369,
    "lower_bound": 466884.11666666646,
    "unit": "ns",
    "upper_bound": 467666.91460256407
  },
  "throughput": [],
  "mean": {
    "estimate": 467269.9067521369,
    "lower_bound": 466884.11666666646,
    "unit": "ns",
    "upper_bound": 467666.91460256407
  },
  "unit": "ns",
  "report_directory": "/home/user/workspaces/ranim-bench/ranim/target/criterion/reports/cpu_submit/no_wait/3600"
}