{
  "typical": {
    "estimate": 1265511329.6103897,
    "lower_bound": 1248035621.090909,
    "unit": "ns",
    "upper_bound": 1279960272.517321
  },
  "median": {
    "estimate": 1273136418.0555556,
    "lower_bound": 1246989650.0,
    "unit": "ns",
    "upper_bound": 1298534800.0
  },
  "change": {
    "change": "NoChange",
    "mean": {
      "estimate": -0.012864993917412026,
      "lower_bound": -0.03014781401359651,
      "unit": "%",
      "upper_bound": 0.0035816456327930537
    },
    "median": {
      "estimate": -0.006665152572008615,
      "lower_bound": -0.03434030691514223,
      "unit": "%",
      "upper_bound": 0.012440838291303937
    }
  },
  "throughput": [],
  "report_directory": "E:\\ranim-bench\\ranim\\target\\criterion\\reports\\render\\transform_squares\\10",
  "mean": {
    "estimate": 1274502473.2063491,
    "lower_bound": 1257360341.1492062,
    "unit": "ns",
    "upper_bound": 1291814027.0505953
  },
  "slope": {
    "estimate": 1265511329.6103897,
    "lower_bound": 1248035621.090909,
    "unit": "ns",
    "upper_bound": 1279960272.517321
  },
  "iteration_count": [
    1,
    2,
    3,
    4,
    5,
    6,
    7,
    8,
    9,
    10
  ],
  "median_abs_dev": {
    "estimate": 38210419.01662946,
    "lower_bound": 7491882.129492428,
    "unit": "ns",
    "upper_bound": 50480756.161287546
  },
  "unit": "ns",
  "measured_values": [
    1304637100.0,
    2597069600.0,
    3966668000.0,
    5111251700.0,
    6186564800.0,
    7481937900.0,
    8873945600.0,
    9876459800.0,
    11416139200.0,
    12867907300.0
  ]
}