{
  "change": null,
  "unit": "ns",
  "typical": {
    "estimate": 691722.8076712328,
    "lower_bound": 689986.7483767121,
    "unit": "ns",
    "upper_bound": 693530.4096575343
  },
  "report_directory": "/home/user/workspaces/ranim-bench/ranim/target/criterion/reports/cpu_submit/no_wait/100",
  "median_abs_dev": {
    "estimate": 6176.024060216676,
    "lower_bound": 2821.174499229072,
    "unit": "ns",
    "upper_bound": 9464.633897722631
  },
  "throughput": [],
  "iteration_count": [
    146,
    146,
    146,
    146,
    146,
    146,
    146,
    146,
    146,
    146,
    146,
    146,
    146,
    146,
    146,
    146,
    146,
    146,
    146,
    146,
    146,
    146,
    146,
    146,
    146,
    146,
    146,
    146,
    146,
    146,
    146,
    146,
    146,
    146,
    146,
    146,
    146,
    146,
    146,
    146,
    146,
    146,
    146,
    146,
    146,
    146,
    146,
    146,
    146,
    146
  ],
  "median": {
    "estimate": 690329.6061643835,
    "lower_bound": 687168.3664383562,
    "unit": "ns",
    "upper_bound": 692999.154109589
  },
  "measured_values": [
    100318018.0,
    101306514.0,
    101168657.0,
    102839608.0,
    101022905.0,
    100738244.0,
    103128190.0,
    101003630.0,
    100838001.0,
    101402806.0,
    102519523.0,
    101111341.0,
    101193134.0,
    102950047.0,
    100972593.0,
    101162619.0,
    101369385.0,
    101924272.0,
    100306950.0,
    100501353.0,
    102169451.0,
    100162149.0,
    100314324.0,
    100480995.0,
    102066859.0,
    100290140.0,
    100335145.0,
    102154354.0,
    99674740.0,
    99794595.0,
    100190554.0,
    101882686.0,
    100062024.0,
    100202787.0,
    102337667.0,
    99872772.0,
    99790659.0,
    100099476.0,
    101629565.0,
    100082785.0,
    100044893.0,
    102199590.0,
    100166140.0,
    100327402.0,
    100346529.0,
    102154818.0,
    100454270.0,
    100186430.0,
    102064860.0,
    100260047.0
  ],
  "slope": null,
  "mean": {
    "estimate": 691722.8076712328,
    "lower_bound": 689986.7483767121,
    "unit": "ns",
    "upper_bound": 693530.4096575343
  }
}