{
  "slope": null,
  "mean": {
    "estimate": 207671.15406639015,
    "lower_bound": 206283.55131535284,
    "unit": "ns",
    "upper_bound": 208908.44902593363
  },
  "unit": "ns",
  "median": {
    "estimate": 209745.96680497925,
    "lower_bound": 208920.23029045644,
    "unit": "ns",
    "upper_bound": 210281.91078838173
  },
  "measured_values": [
    98464081.0,
    101492518.0,
    101248042.0,
    101332299.0,
    102101196.0,
    101646998.0,
    101466400.0,
    101621390.0,
    101666576.0,
    101607886.0,
    101432539.0,
    101651477.0,
    101343271.0,
    101726277.0,
    101827095.0,
    101755041.0,
    101820262.0,
    99008541.0,
    101010372.0,
    100560361.0,
    100684182.0,
    100669535.0,
    100699551.0,
    100614071.0,
    99576241.0,
    96899010.0,
    97080689.0,
    97500494.0,
    99954290.0,
    101135697.0,
    101379463.0,
    101609012.0,
    101061769.0,
    101133343.0,
    99777349.0,
    101054636.0,
    101495470.0,
    100978274.0,
    101455718.0,
    100902493.0,
    101199569.0,
    101410923.0,
    101186505.0,
    101044429.0,
    97735135.0,
    94447623.0,
    94493990.0,
    94401878.0,
    94438859.0,
    94071993.0
  ],
  "median_abs_dev": {
    "estimate": 1571.4729218932978,
    "lower_bound": 907.4388479976196,
    "unit": "ns",
    "upper_bound": 2642.4130180255515
  },
  "typical": {
    "estimate": 207671.15406639015,
    "lower_bound": 206283.55131535284,
    "unit": "ns",
    "upper_bound": 208908.44902593363
  },
  "iteration_count": [
    482,
    482,
    482,
    482,
    482,
    482,
    482,
    482,
    482,
    482,
    482,
    482,
    482,
    482,
    482,
    482,
    482,
    482,
    482,
    482,
    482,
    482,
    482,
    482,
    482,
    482,
    482,
    482,
    482,
    482,
    482,
    482,
    482,
    482,
    482,
    482,
    482,
    482,
    482,
    482,
    482,
    482,
    482,
    482,
    482,
    482,
    482,
    482,
    482,
    482
  ],
  "throughput": [],
  "report_directory": "/home/user/workspaces/ranim-bench/ranim/target/criterion/reports/cpu_submit/no_wait/25",
  "change": null
}