{
  "iteration_count": [
    38,
    38,
    38,
    38,
    38,
    38,
    38,
    38,
    38,
    38,
    38,
    38,
    38,
    38,
    38,
    38,
    38,
    38,
    38,
    38,
    38,
    38,
    38,
    38,
    38,
    38,
    38,
    38,
    38,
    38,
    38,
    38,
    38,
    38,
    38,
    38,
    38,
    38,
    38,
    38,
    38,
    38,
    38,
    38,
    38,
    38,
    38,
    38,
    38,
    38
  ],
  "mean": {
    "estimate": 2667272.2300000004,
    "lower_bound": 2660035.4019473684,
    "unit": "ns",
    "upper_bound": 2674611.182078948
  },
  "median": {
    "estimate": 2669688.3289473685,
    "lower_bound": 2651190.8947368423,
    "unit": "ns",
    "upper_bound": 2677000.7236842103
  },
  "slope": null,
  "change": null,
  "measured_values": [
    101407876.0,
    102539251.0,
    101850343.0,
    102699822.0,
    102320344.0,
    102264189.0,
    102484700.0,
    102229403.0,
    103946502.0,
    101471888.0,
    101645372.0,
    101649700.0,
    102063654.0,
    102017719.0,
    102074465.0,
    102036153.0,
    102045020.0,
    100557430.0,
    100606151.0,
    100605851.0,
    100581175.0,
    100673026.0,
    102169834.0,
    100533127.0,
    100352850.0,
    100063589.0,
    99991644.0,
    100376114.0,
    99549128.0,
    99815856.0,
    99723043.0,
    99846753.0,
    99698447.0,
    100745254.0,
    100691584.0,
    103443417.0,
    101714035.0,
    101738020.0,
    101753349.0,
    101720167.0,
    100715839.0,
    100694690.0,
    100851004.0,
    101404358.0,
    101400551.0,
    101424425.0,
    101289764.0,
    101606115.0,
    101574767.0,
    103159479.0
  ],
  "typical": {
    "estimate": 2667272.2300000004,
    "lower_bound": 2660035.4019473684,
    "unit": "ns",
    "upper_bound": 2674611.182078948
  },
  "report_directory": "/home/user/workspaces/ranim-bench/ranim/target/criterion/reports/cpu_submit/no_wait/400",
  "median_abs_dev": {
    "estimate": 29457.681337547892,
    "lower_bound": 16951.248275370883,
    "unit": "ns",
    "upper_bound": 35774.84474644838
  },
  "unit": "ns",
  "throughput": []
}