{
  "id": "eval/eval_transform_squares/10",
  "iteration_count": [
    1159,
    2318,
    3477,
    4636,
    5795,
    6954,
    8113,
    9272,
    10431,
    11590
  ],
  "measured_values": [
    93926900.0,
    184646400.0,
    270434300.0,
    361983400.0,
    453657600.0,
    642578700.0,
    706707200.0,
    801080300.0,
    814028600.0,
    908834900.0
  ],
  "unit": "ns",
  "typical": {
    "estimate": 82060.02846161604,
    "lower_bound": 78357.25111564246,
    "upper_bound": 86530.8133195536,
    "unit": "ns"
  },
  "mean": {
    "estimate": 81720.70818097155,
    "lower_bound": 79007.70042524344,
    "upper_bound": 84975.08030159073,
    "unit": "ns"
  },
  "median": {
    "estimate": 79036.53580672994,
    "lower_bound": 78080.97497842969,
    "upper_bound": 86397.78904227783,
    "unit": "ns"
  },
  "median_abs_dev": {
    "estimate": 1672.1150813292716,
    "lower_bound": 212.42853318580885,
    "upper_bound": 8378.602949826427,
    "unit": "ns"
  }
}