{
  "id": "eval/eval_transform_squares/1000",
  "iteration_count": [
    1,
    2,
    3,
    4,
    5,
    6,
    7,
    8,
    9,
    10
  ],
  "measured_values": [
    1410932900.0,
    2545753400.0,
    3713887400.0,
    5093281000.0,
    6111502400.0,
    7294530500.0,
    8680225600.0,
    9764245300.0,
    11181986400.0,
    12222934100.0
  ],
  "unit": "ns",
  "typical": {
    "estimate": 1231388782.077922,
    "lower_bound": 1223462410.6904233,
    "upper_bound": 1242667912.8099174,
    "unit": "ns"
  },
  "mean": {
    "estimate": 1255844711.4404762,
    "lower_bound": 1229429821.6035712,
    "upper_bound": 1294841414.925,
    "unit": "ns"
  },
  "median": {
    "estimate": 1238997347.6190476,
    "lower_bound": 1221415571.25,
    "upper_bound": 1272876700.0,
    "unit": "ns"
  },
  "median_abs_dev": {
    "estimate": 26071982.172879823,
    "lower_bound": 1317206.6803649068,
    "upper_bound": 53740958.29165703,
    "unit": "ns"
  }
}