{
  "slope": {
    "estimate": 966.2250331338043,
    "lower_bound": 961.6142029397024,
    "unit": "ns",
    "upper_bound": 971.508177373136
  },
  "report_directory": "E:\\_ranim\\ranim-bench\\ranim\\target\\criterion\\reports\\extract\\arc",
  "unit": "ns",
  "throughput": [],
  "mean": {
    "estimate": 962.4629967887876,
    "lower_bound": 959.0868552809892,
    "unit": "ns",
    "upper_bound": 966.3161102508284
  },
  "median_abs_dev": {
    "estimate": 10.218981138296153,
    "lower_bound": 7.216566471637135,
    "unit": "ns",
    "upper_bound": 12.597053303645662
  },
  "median": {
    "estimate": 956.825137282084,
    "lower_bound": 954.033478764135,
    "unit": "ns",
    "upper_bound": 959.7191305810306
  },
  "change": {
    "change": "NoChange",
    "mean": {
      "estimate": -0.015875921579317942,
      "lower_bound": -0.023902023649279618,
      "unit": "%",
      "upper_bound": -0.008017270798323104
    },
    "median": {
      "estimate": -0.010187202023606234,
      "lower_bound": -0.015803333320121404,
      "unit": "%",
      "upper_bound": -0.005819964087032223
    }
  },
  "measured_values": [
    966800.0,
    1954900.0,
    2940700.0,
    3872400.0,
    4929500.0,
    5838700.0,
    6907000.0,
    7802800.0,
    8778300.0,
    9630000.0,
    10696200.0,
    11631600.0,
    12565800.0,
    13513500.0,
    14480900.0,
    15474200.0,
    16993300.0,
    17456800.0,
    18489600.0,
    19321200.0,
    20331200.0,
    21429500.0,
    22883000.0,
    23237000.0,
    24374700.0,
    25217300.0,
    26109900.0,
    27221000.0,
    28269500.0,
    29121300.0,
    30077300.0,
    31040700.0,
    32505800.0,
    33537200.0,
    34479500.0,
    35015200.0,
    36530400.0,
    37184700.0,
    40017600.0,
    38924400.0,
    40029300.0,
    40671600.0,
    41732900.0,
    42751700.0,
    43797500.0,
    45262100.0,
    45675200.0,
    47181300.0,
    47546700.0,
    49022800.0,
    50181600.0,
    50839400.0,
    51399200.0,
    52903900.0,
    54267600.0,
    55431600.0,
    57137000.0,
    57625000.0,
    58514000.0,
    60035100.0,
    62036900.0,
    60890900.0,
    63539600.0,
    65672000.0,
    63271300.0,
    64175100.0,
    73204400.0,
    66502300.0,
    67268500.0,
    68514300.0,
    72699300.0,
    70302000.0,
    71947200.0,
    75479100.0,
    74385600.0,
    74518800.0,
    75683500.0,
    80384000.0,
    79676900.0,
    77632700.0,
    79016100.0,
    79786100.0,
    81108500.0,
    81354900.0,
    82624200.0,
    86849200.0,
    89079900.0,
    86766800.0,
    86242200.0,
    88661800.0,
    88308500.0,
    89849600.0,
    90939000.0,
    92006500.0,
    93974300.0,
    94422000.0,
    96226500.0,
    95436300.0,
    96971800.0,
    96918900.0
  ],
  "typical": {
    "estimate": 966.2250331338043,
    "lower_bound": 961.6142029397024,
    "unit": "ns",
    "upper_bound": 971.508177373136
  },
  "iteration_count": [
    1021,
    2042,
    3063,
    4084,
    5105,
    6126,
    7147,
    8168,
    9189,
    10210,
    11231,
    12252,
    13273,
    14294,
    15315,
    16336,
    17357,
    18378,
    19399,
    20420,
    21441,
    22462,
    23483,
    24504,
    25525,
    26546,
    27567,
    28588,
    29609,
    30630,
    31651,
    32672,
    33693,
    34714,
    35735,
    36756,
    37777,
    38798,
    39819,
    40840,
    41861,
    42882,
    43903,
    44924,
    45945,
    46966,
    47987,
    49008,
    50029,
    51050,
    52071,
    53092,
    54113,
    55134,
    56155,
    57176,
    58197,
    59218,
    60239,
    61260,
    62281,
    63302,
    64323,
    65344,
    66365,
    67386,
    68407,
    69428,
    70449,
    71470,
    72491,
    73512,
    74533,
    75554,
    76575,
    77596,
    78617,
    79638,
    80659,
    81680,
    82701,
    83722,
    84743,
    85764,
    86785,
    87806,
    88827,
    89848,
    90869,
    91890,
    92911,
    93932,
    94953,
    95974,
    96995,
    98016,
    99037,
    100058,
    101079,
    102100
  ]
}