{
  "change": {
    "change": "NoChange",
    "mean": {
      "estimate": -0.005964557781731106,
      "lower_bound": -0.01577658943023645,
      "unit": "%",
      "upper_bound": 0.0028293734987317556
    },
    "median": {
      "estimate": -0.0036988874869184896,
      "lower_bound": -0.009982499689390134,
      "unit": "%",
      "upper_bound": 0.00017894228339664764
    }
  },
  "iteration_count": [
    1215,
    2430,
    3645,
    4860,
    6075,
    7290,
    8505,
    9720,
    10935,
    12150,
    13365,
    14580,
    15795,
    17010,
    18225,
    19440,
    20655,
    21870,
    23085,
    24300,
    25515,
    26730,
    27945,
    29160,
    30375,
    31590,
    32805,
    34020,
    35235,
    36450,
    37665,
    38880,
    40095,
    41310,
    42525,
    43740,
    44955,
    46170,
    47385,
    48600,
    49815,
    51030,
    52245,
    53460,
    54675,
    55890,
    57105,
    58320,
    59535,
    60750,
    61965,
    63180,
    64395,
    65610,
    66825,
    68040,
    69255,
    70470,
    71685,
    72900,
    74115,
    75330,
    76545,
    77760,
    78975,
    80190,
    81405,
    82620,
    83835,
    85050,
    86265,
    87480,
    88695,
    89910,
    91125,
    92340,
    93555,
    94770,
    95985,
    97200,
    98415,
    99630,
    100845,
    102060,
    103275,
    104490,
    105705,
    106920,
    108135,
    109350,
    110565,
    111780,
    112995,
    114210,
    115425,
    116640,
    117855,
    119070,
    120285,
    121500
  ],
  "measured_values": [
    978600.0,
    2154400.0,
    2895500.0,
    4206600.0,
    5105000.0,
    5802700.0,
    6852400.0,
    7763600.0,
    10619700.0,
    9615000.0,
    10608700.0,
    11541800.0,
    12546400.0,
    13485600.0,
    14840000.0,
    15707600.0,
    16552000.0,
    17509700.0,
    18362700.0,
    19283600.0,
    20320100.0,
    22272800.0,
    22458700.0,
    23674400.0,
    24157800.0,
    26000400.0,
    29520000.0,
    27024300.0,
    28081000.0,
    28993700.0,
    30296400.0,
    30780700.0,
    32779300.0,
    33145900.0,
    33990800.0,
    35726100.0,
    37752400.0,
    38130900.0,
    38993700.0,
    39375000.0,
    40087900.0,
    40798500.0,
    42390200.0,
    43772100.0,
    45262900.0,
    45948500.0,
    45465800.0,
    46282400.0,
    48994500.0,
    48421700.0,
    49486000.0,
    51389800.0,
    51457700.0,
    52119000.0,
    53248900.0,
    54735900.0,
    55121800.0,
    56037300.0,
    57107400.0,
    60097800.0,
    59671200.0,
    59890700.0,
    61202400.0,
    63385800.0,
    63332100.0,
    64378600.0,
    64931300.0,
    65648500.0,
    66948800.0,
    67538500.0,
    70751100.0,
    69396200.0,
    71998100.0,
    71649900.0,
    73438100.0,
    74516400.0,
    74307000.0,
    75439700.0,
    77160600.0,
    78586400.0,
    79993800.0,
    80099600.0,
    80981300.0,
    80979000.0,
    82001400.0,
    84179800.0,
    86700000.0,
    89363800.0,
    87557200.0,
    86770200.0,
    89931400.0,
    90059000.0,
    90496100.0,
    91161400.0,
    101660400.0,
    94619300.0,
    94598800.0,
    95038500.0,
    95697200.0,
    96661300.0
  ],
  "median": {
    "estimate": 802.520482547098,
    "lower_bound": 798.7242798353909,
    "unit": "ns",
    "upper_bound": 805.1163732038049
  },
  "median_abs_dev": {
    "estimate": 10.973311481699245,
    "lower_bound": 7.123687952647846,
    "unit": "ns",
    "upper_bound": 14.006161183422176
  },
  "report_directory": "E:\\_ranim\\ranim-bench\\ranim\\target\\criterion\\reports\\extract\\rectangle",
  "unit": "ns",
  "throughput": [],
  "typical": {
    "estimate": 806.5184849496558,
    "lower_bound": 802.6002988916306,
    "unit": "ns",
    "upper_bound": 811.7442578666426
  },
  "mean": {
    "estimate": 809.5146492362865,
    "lower_bound": 805.0696496599969,
    "unit": "ns",
    "upper_bound": 814.8925451127876
  },
  "slope": {
    "estimate": 806.5184849496558,
    "lower_bound": 802.6002988916306,
    "unit": "ns",
    "upper_bound": 811.7442578666426
  }
}