{
  "typical": {
    "estimate": 7752394.669333335,
    "lower_bound": 7595588.797100002,
    "unit": "ns",
    "upper_bound": 7911033.772066663
  },
  "mean": {
    "estimate": 7752394.669333335,
    "lower_bound": 7595588.797100002,
    "unit": "ns",
    "upper_bound": 7911033.772066663
  },
  "iteration_count": [
    15,
    15,
    15,
    15,
    15,
    15,
    15,
    15,
    15,
    15,
    15,
    15,
    15,
    15,
    15,
    15,
    15,
    15,
    15,
    15,
    15,
    15,
    15,
    15,
    15,
    15,
    15,
    15,
    15,
    15,
    15,
    15,
    15,
    15,
    15,
    15,
    15,
    15,
    15,
    15,
    15,
    15,
    15,
    15,
    15,
    15,
    15,
    15,
    15,
    15
  ],
  "change": null,
  "unit": "ns",
  "throughput": [],
  "median_abs_dev": {
    "estimate": 702054.3794560428,
    "lower_bound": 348450.08503377443,
    "unit": "ns",
    "upper_bound": 828600.5141294008
  },
  "slope": null,
  "measured_values": [
    97838584.0,
    112311709.0,
    114176167.0,
    126464541.0,
    126473875.0,
    108355500.0,
    116685583.0,
    107766834.0,
    115643792.0,
    111496500.0,
    124478834.0,
    124087333.0,
    130721208.0,
    100297750.0,
    125815958.0,
    107962333.0,
    111972042.0,
    116653292.0,
    103474708.0,
    117443333.0,
    107754875.0,
    127754875.0,
    110612500.0,
    125317875.0,
    102428292.0,
    115847958.0,
    112414417.0,
    114868833.0,
    112230042.0,
    112646584.0,
    108052083.0,
    125765250.0,
    117402375.0,
    115598667.0,
    125159000.0,
    125261708.0,
    109097125.0,
    124613334.0,
    125478500.0,
    112664708.0,
    119032125.0,
    115570459.0,
    108607750.0,
    134682792.0,
    118789125.0,
    111313375.0,
    119216000.0,
    107765291.0,
    135072666.0,
    113157542.0
  ],
  "report_directory": "/Volumes/Files/_ranim/ranim-bench/ranim/target/criterion/reports/merged_gpu_render/submit/25",
  "median": {
    "estimate": 7705637.533333333,
    "lower_bound": 7494294.466666667,
    "unit": "ns",
    "upper_bound": 7873050.0
  }
}