{
  "report_directory": "/home/user/workspaces/ranim-bench/ranim/target/criterion/reports/extract/polygon/10",
  "median_abs_dev": {
    "estimate": 4.794586128998545,
    "lower_bound": 3.5769257703898494,
    "unit": "ns",
    "upper_bound": 5.465451922243894
  },
  "slope": {
    "estimate": 256.3286593173056,
    "lower_bound": 255.73485625534673,
    "unit": "ns",
    "upper_bound": 256.9494970479107
  },
  "change": {
    "change": "Regressed",
    "mean": {
      "estimate": 0.0632518925967629,
      "lower_bound": 0.06059351370569817,
      "unit": "%",
      "upper_bound": 0.06596354292038191
    },
    "median": {
      "estimate": 0.06517356901742666,
      "lower_bound": 0.06037539261664038,
      "unit": "%",
      "upper_bound": 0.07221700556914482
    }
  },
  "typical": {
    "estimate": 256.3286593173056,
    "lower_bound": 255.73485625534673,
    "unit": "ns",
    "upper_bound": 256.9494970479107
  },
  "unit": "ns",
  "median": {
    "estimate": 255.76907646872525,
    "lower_bound": 254.64252231777007,
    "unit": "ns",
    "upper_bound": 257.416223537276
  },
  "measured_values": [
    1001813.0,
    1994949.0,
    2985872.0,
    3894840.0,
    4882636.0,
    5869972.0,
    6814607.0,
    7804878.0,
    8773608.0,
    9745174.0,
    10709087.0,
    11684058.0,
    12657337.0,
    13626820.0,
    14618423.0,
    15598696.0,
    16551596.0,
    17438351.0,
    18407162.0,
    19382796.0,
    20371955.0,
    21309046.0,
    22655440.0,
    23319856.0,
    24212292.0,
    25218033.0,
    26202041.0,
    27206790.0,
    28152097.0,
    29097373.0,
    30054902.0,
    31092232.0,
    32099466.0,
    33900409.0,
    35170959.0,
    36144058.0,
    36975750.0,
    38057023.0,
    39222234.0,
    39876921.0,
    41137593.0,
    42064605.0,
    42975075.0,
    44034577.0,
    45084231.0,
    45807417.0,
    47002555.0,
    47976496.0,
    48933083.0,
    50222480.0,
    50909648.0,
    52294806.0,
    53365770.0,
    54295116.0,
    55300365.0,
    56441441.0,
    57475305.0,
    58481225.0,
    59499279.0,
    60463210.0,
    61544904.0,
    62716707.0,
    63322993.0,
    64522841.0,
    65708801.0,
    64395629.0,
    66163871.0,
    67743186.0,
    68746521.0,
    68956929.0,
    69913887.0,
    71039694.0,
    71963080.0,
    72495235.0,
    74190056.0,
    75594560.0,
    76022028.0,
    76724665.0,
    77524406.0,
    78730626.0,
    80026825.0,
    81776931.0,
    82204479.0,
    83709292.0,
    84073762.0,
    85525304.0,
    85006984.0,
    87232689.0,
    88022331.0,
    88596646.0,
    89681917.0,
    90192672.0,
    92303751.0,
    93265848.0,
    94609146.0,
    95651836.0,
    96519235.0,
    96096576.0,
    96893702.0,
    97666211.0
  ],
  "iteration_count": [
    3867,
    7734,
    11601,
    15468,
    19335,
    23202,
    27069,
    30936,
    34803,
    38670,
    42537,
    46404,
    50271,
    54138,
    58005,
    61872,
    65739,
    69606,
    73473,
    77340,
    81207,
    85074,
    88941,
    92808,
    96675,
    100542,
    104409,
    108276,
    112143,
    116010,
    119877,
    123744,
    127611,
    131478,
    135345,
    139212,
    143079,
    146946,
    150813,
    154680,
    158547,
    162414,
    166281,
    170148,
    174015,
    177882,
    181749,
    185616,
    189483,
    193350,
    197217,
    201084,
    204951,
    208818,
    212685,
    216552,
    220419,
    224286,
    228153,
    232020,
    235887,
    239754,
    243621,
    247488,
    251355,
    255222,
    259089,
    262956,
    266823,
    270690,
    274557,
    278424,
    282291,
    286158,
    290025,
    293892,
    297759,
    301626,
    305493,
    309360,
    313227,
    317094,
    320961,
    324828,
    328695,
    332562,
    336429,
    340296,
    344163,
    348030,
    351897,
    355764,
    359631,
    363498,
    367365,
    371232,
    375099,
    378966,
    382833,
    386700
  ],
  "mean": {
    "estimate": 255.66972208803492,
    "lower_bound": 254.99776048970915,
    "unit": "ns",
    "upper_bound": 256.33929739666956
  },
  "throughput": []
}