{
  "slope": {
    "estimate": 375.8353639563989,
    "lower_bound": 375.5632813003037,
    "unit": "ns",
    "upper_bound": 376.0710000709814
  },
  "median": {
    "estimate": 374.7334492878351,
    "lower_bound": 373.64127038167385,
    "unit": "ns",
    "upper_bound": 375.31437319348834
  },
  "report_directory": "/home/user/workspaces/ranim-bench/ranim/target/criterion/reports/extract/polygon/20",
  "iteration_count": [
    2653,
    5306,
    7959,
    10612,
    13265,
    15918,
    18571,
    21224,
    23877,
    26530,
    29183,
    31836,
    34489,
    37142,
    39795,
    42448,
    45101,
    47754,
    50407,
    53060,
    55713,
    58366,
    61019,
    63672,
    66325,
    68978,
    71631,
    74284,
    76937,
    79590,
    82243,
    84896,
    87549,
    90202,
    92855,
    95508,
    98161,
    100814,
    103467,
    106120,
    108773,
    111426,
    114079,
    116732,
    119385,
    122038,
    124691,
    127344,
    129997,
    132650,
    135303,
    137956,
    140609,
    143262,
    145915,
    148568,
    151221,
    153874,
    156527,
    159180,
    161833,
    164486,
    167139,
    169792,
    172445,
    175098,
    177751,
    180404,
    183057,
    185710,
    188363,
    191016,
    193669,
    196322,
    198975,
    201628,
    204281,
    206934,
    209587,
    212240,
    214893,
    217546,
    220199,
    222852,
    225505,
    228158,
    230811,
    233464,
    236117,
    238770,
    241423,
    244076,
    246729,
    249382,
    252035,
    254688,
    257341,
    259994,
    262647,
    265300
  ],
  "unit": "ns",
  "measured_values": [
    984240.0,
    1976775.0,
    2968759.0,
    3942189.0,
    4947377.0,
    5922780.0,
    6953427.0,
    7928430.0,
    8875860.0,
    9898231.0,
    10878243.0,
    11886579.0,
    12854116.0,
    13869324.0,
    14860668.0,
    15826792.0,
    16870976.0,
    17845927.0,
    18878789.0,
    19780403.0,
    20765544.0,
    21814265.0,
    22758609.0,
    23753278.0,
    24766763.0,
    25748728.0,
    26712910.0,
    27678254.0,
    28705616.0,
    29844027.0,
    30729379.0,
    31705092.0,
    32636682.0,
    33699309.0,
    34645367.0,
    35657129.0,
    36704468.0,
    37579661.0,
    38607292.0,
    39617110.0,
    40631827.0,
    41582734.0,
    42598494.0,
    43525535.0,
    44518030.0,
    45678041.0,
    46491789.0,
    47456883.0,
    48489323.0,
    49729937.0,
    50735386.0,
    51754081.0,
    52735345.0,
    53954578.0,
    54823370.0,
    55758356.0,
    56772973.0,
    57731935.0,
    58748255.0,
    59784722.0,
    60737072.0,
    61771456.0,
    62809157.0,
    63707374.0,
    64992482.0,
    65895087.0,
    66912549.0,
    67962022.0,
    68880869.0,
    70130420.0,
    71175094.0,
    71942661.0,
    72924516.0,
    73963129.0,
    74855034.0,
    75971734.0,
    76832150.0,
    77957746.0,
    78909043.0,
    79886770.0,
    80857595.0,
    81927185.0,
    83105491.0,
    83974934.0,
    84818637.0,
    85931158.0,
    86844233.0,
    87770664.0,
    88820436.0,
    89873927.0,
    90862635.0,
    91916145.0,
    92832487.0,
    93902950.0,
    95113516.0,
    95858893.0,
    96855505.0,
    97442234.0,
    98408690.0,
    99355509.0
  ],
  "mean": {
    "estimate": 374.6650173148945,
    "lower_bound": 374.3391616518514,
    "unit": "ns",
    "upper_bound": 374.9904073620302
  },
  "median_abs_dev": {
    "estimate": 2.3870196331179376,
    "lower_bound": 1.4401989565965136,
    "unit": "ns",
    "upper_bound": 2.4869913915486603
  },
  "change": {
    "change": "Regressed",
    "mean": {
      "estimate": 0.07461816487493822,
      "lower_bound": 0.07312318013038745,
      "unit": "%",
      "upper_bound": 0.07607160911245271
    },
    "median": {
      "estimate": 0.07648397043178501,
      "lower_bound": 0.07280883308512243,
      "unit": "%",
      "upper_bound": 0.07894499563928292
    }
  },
  "throughput": [],
  "typical": {
    "estimate": 375.8353639563989,
    "lower_bound": 375.5632813003037,
    "unit": "ns",
    "upper_bound": 376.0710000709814
  }
}