{
  "median_abs_dev": {
    "estimate": 1.3721779303127353,
    "lower_bound": 1.1187161476455645,
    "unit": "ns",
    "upper_bound": 1.829314306306471
  },
  "measured_values": [
    1014086.0,
    1980231.0,
    2958990.0,
    3953789.0,
    4947857.0,
    5926485.0,
    6907900.0,
    7911095.0,
    8902026.0,
    9864886.0,
    10856499.0,
    11855366.0,
    12903336.0,
    13870883.0,
    14834102.0,
    15803544.0,
    16792592.0,
    17847235.0,
    18832967.0,
    19827595.0,
    20821864.0,
    21802726.0,
    22818376.0,
    23766256.0,
    24759803.0,
    25742168.0,
    26741476.0,
    27746124.0,
    28759238.0,
    29703031.0,
    30702079.0,
    31646232.0,
    32661379.0,
    33627585.0,
    34609490.0,
    35620539.0,
    36593577.0,
    37628793.0,
    38559151.0,
    39575621.0,
    40601148.0,
    41533670.0,
    42635531.0,
    43527506.0,
    44460468.0,
    45437194.0,
    46509520.0,
    47503596.0,
    48498916.0,
    49387025.0,
    50352980.0,
    51289548.0,
    52313152.0,
    53321006.0,
    54328159.0,
    55330011.0,
    56296356.0,
    57305583.0,
    58306925.0,
    59278810.0,
    60253160.0,
    61324765.0,
    62270311.0,
    63178798.0,
    64267754.0,
    64873387.0,
    65834433.0,
    66836676.0,
    67824762.0,
    68851252.0,
    69771219.0,
    70801496.0,
    71794402.0,
    72747492.0,
    73706734.0,
    74752479.0,
    75819575.0,
    76784989.0,
    77780980.0,
    78863764.0,
    79680236.0,
    81237287.0,
    82232578.0,
    83217338.0,
    84207288.0,
    85146132.0,
    86140310.0,
    87119499.0,
    88186985.0,
    89085633.0,
    90203956.0,
    91129092.0,
    92131496.0,
    93096338.0,
    94082370.0,
    95103719.0,
    96098849.0,
    96788342.0,
    97803960.0,
    98723627.0
  ],
  "median": {
    "estimate": 631.9121033013845,
    "lower_bound": 631.3328502966682,
    "unit": "ns",
    "upper_bound": 632.3139936102236
  },
  "unit": "ns",
  "report_directory": "/home/user/workspaces/ranim-bench/ranim/target/criterion/reports/extract/polygon/40",
  "typical": {
    "estimate": 631.2958809879367,
    "lower_bound": 630.8053715495539,
    "unit": "ns",
    "upper_bound": 631.7489188970786
  },
  "slope": {
    "estimate": 631.2958809879367,
    "lower_bound": 630.8053715495539,
    "unit": "ns",
    "upper_bound": 631.7489188970786
  },
  "throughput": [],
  "mean": {
    "estimate": 631.7212781851185,
    "lower_bound": 631.3044860776578,
    "unit": "ns",
    "upper_bound": 632.2077870818724
  },
  "iteration_count": [
    1565,
    3130,
    4695,
    6260,
    7825,
    9390,
    10955,
    12520,
    14085,
    15650,
    17215,
    18780,
    20345,
    21910,
    23475,
    25040,
    26605,
    28170,
    29735,
    31300,
    32865,
    34430,
    35995,
    37560,
    39125,
    40690,
    42255,
    43820,
    45385,
    46950,
    48515,
    50080,
    51645,
    53210,
    54775,
    56340,
    57905,
    59470,
    61035,
    62600,
    64165,
    65730,
    67295,
    68860,
    70425,
    71990,
    73555,
    75120,
    76685,
    78250,
    79815,
    81380,
    82945,
    84510,
    86075,
    87640,
    89205,
    90770,
    92335,
    93900,
    95465,
    97030,
    98595,
    100160,
    101725,
    103290,
    104855,
    106420,
    107985,
    109550,
    111115,
    112680,
    114245,
    115810,
    117375,
    118940,
    120505,
    122070,
    123635,
    125200,
    126765,
    128330,
    129895,
    131460,
    133025,
    134590,
    136155,
    137720,
    139285,
    140850,
    142415,
    143980,
    145545,
    147110,
    148675,
    150240,
    151805,
    153370,
    154935,
    156500
  ],
  "change": {
    "change": "Regressed",
    "mean": {
      "estimate": 0.07937941334796683,
      "lower_bound": 0.07850555290615752,
      "unit": "%",
      "upper_bound": 0.08034364292621374
    },
    "median": {
      "estimate": 0.08047412716528513,
      "lower_bound": 0.07942617701106447,
      "unit": "%",
      "upper_bound": 0.08136415664843488
    }
  }
}