{
  "change": {
    "change": "Regressed",
    "mean": {
      "estimate": 0.05104898577281003,
      "lower_bound": 0.04671351106342391,
      "unit": "%",
      "upper_bound": 0.055552582447725235
    },
    "median": {
      "estimate": 0.04889980066302013,
      "lower_bound": 0.03520843021863307,
      "unit": "%",
      "upper_bound": 0.05274821168781386
    }
  },
  "report_directory": "/home/user/workspaces/ranim-bench/ranim/target/criterion/reports/extract/polygon/5",
  "median_abs_dev": {
    "estimate": 0.7663984544865202,
    "lower_bound": 0.4804608576956024,
    "unit": "ns",
    "upper_bound": 1.5670138138998426
  },
  "typical": {
    "estimate": 232.38983246619583,
    "lower_bound": 231.35813703649924,
    "unit": "ns",
    "upper_bound": 233.35967410597996
  },
  "measured_values": [
    968140.0,
    1942441.0,
    2903918.0,
    3875004.0,
    4860376.0,
    5810771.0,
    6779713.0,
    7753023.0,
    8704230.0,
    9689112.0,
    10653995.0,
    11615492.0,
    12595294.0,
    13556640.0,
    14539107.0,
    15478252.0,
    16463905.0,
    17374226.0,
    18352624.0,
    19334489.0,
    20304002.0,
    21274476.0,
    22242365.0,
    23283192.0,
    24257624.0,
    25216026.0,
    26198983.0,
    27131035.0,
    28048478.0,
    28995748.0,
    30008392.0,
    30956845.0,
    31939341.0,
    33233497.0,
    34228779.0,
    35126485.0,
    36185376.0,
    37067262.0,
    38103040.0,
    39089354.0,
    40059798.0,
    41088022.0,
    41975168.0,
    43146652.0,
    43968716.0,
    44984726.0,
    45944700.0,
    46909433.0,
    47878314.0,
    48382727.0,
    49418193.0,
    50343933.0,
    51338002.0,
    52312023.0,
    53279912.0,
    54233153.0,
    55208837.0,
    56190622.0,
    57196875.0,
    58149755.0,
    59197596.0,
    60119938.0,
    61102886.0,
    62146168.0,
    62865317.0,
    63873792.0,
    64889080.0,
    65827784.0,
    66774223.0,
    67702557.0,
    68642022.0,
    69653704.0,
    70678882.0,
    71658974.0,
    72603990.0,
    73530190.0,
    74493180.0,
    77300045.0,
    79323860.0,
    80259598.0,
    81250318.0,
    82462178.0,
    83431560.0,
    84451828.0,
    85458220.0,
    86330589.0,
    87440637.0,
    88523794.0,
    89409888.0,
    90446597.0,
    91455996.0,
    92374751.0,
    93537186.0,
    91890675.0,
    92551063.0,
    93520204.0,
    94756551.0,
    95952671.0,
    96974713.0,
    98011061.0
  ],
  "iteration_count": [
    4231,
    8462,
    12693,
    16924,
    21155,
    25386,
    29617,
    33848,
    38079,
    42310,
    46541,
    50772,
    55003,
    59234,
    63465,
    67696,
    71927,
    76158,
    80389,
    84620,
    88851,
    93082,
    97313,
    101544,
    105775,
    110006,
    114237,
    118468,
    122699,
    126930,
    131161,
    135392,
    139623,
    143854,
    148085,
    152316,
    156547,
    160778,
    165009,
    169240,
    173471,
    177702,
    181933,
    186164,
    190395,
    194626,
    198857,
    203088,
    207319,
    211550,
    215781,
    220012,
    224243,
    228474,
    232705,
    236936,
    241167,
    245398,
    249629,
    253860,
    258091,
    262322,
    266553,
    270784,
    275015,
    279246,
    283477,
    287708,
    291939,
    296170,
    300401,
    304632,
    308863,
    313094,
    317325,
    321556,
    325787,
    330018,
    334249,
    338480,
    342711,
    346942,
    351173,
    355404,
    359635,
    363866,
    368097,
    372328,
    376559,
    380790,
    385021,
    389252,
    393483,
    397714,
    401945,
    406176,
    410407,
    414638,
    418869,
    423100
  ],
  "unit": "ns",
  "throughput": [],
  "median": {
    "estimate": 229.10805475325384,
    "lower_bound": 228.9620270299306,
    "unit": "ns",
    "upper_bound": 229.6276382651855
  },
  "slope": {
    "estimate": 232.38983246619583,
    "lower_bound": 231.35813703649924,
    "unit": "ns",
    "upper_bound": 233.35967410597996
  },
  "mean": {
    "estimate": 230.70896099029795,
    "lower_bound": 230.13536253880423,
    "unit": "ns",
    "upper_bound": 231.31919431627423
  }
}