{
  "report_directory": "/home/user/workspaces/ranim-bench/ranim/target/criterion/reports/extract/polygon/20",
  "change": {
    "change": "Regressed",
    "mean": {
      "estimate": 0.04289688049825635,
      "lower_bound": 0.04182651342910505,
      "unit": "%",
      "upper_bound": 0.04397122584306702
    },
    "median": {
      "estimate": 0.04311221554361899,
      "lower_bound": 0.041880546832034904,
      "unit": "%",
      "upper_bound": 0.04458880576127555
    }
  },
  "slope": {
    "estimate": 698.0238342848579,
    "lower_bound": 697.6647181419055,
    "unit": "ns",
    "upper_bound": 698.333559903149
  },
  "mean": {
    "estimate": 696.1338871674379,
    "lower_bound": 695.5720474428745,
    "unit": "ns",
    "upper_bound": 696.6745499188501
  },
  "throughput": [],
  "typical": {
    "estimate": 698.0238342848579,
    "lower_bound": 697.6647181419055,
    "unit": "ns",
    "upper_bound": 698.333559903149
  },
  "measured_values": [
    976874.0,
    1958007.0,
    2945150.0,
    3977128.0,
    4905601.0,
    5872997.0,
    6898052.0,
    7813000.0,
    8841472.0,
    9802455.0,
    10834584.0,
    11832539.0,
    12717019.0,
    13749658.0,
    14716984.0,
    15759372.0,
    16724625.0,
    17763856.0,
    18762011.0,
    19710521.0,
    20755434.0,
    21718262.0,
    22648006.0,
    23739678.0,
    24659475.0,
    25646047.0,
    26568569.0,
    27655290.0,
    28592219.0,
    29560527.0,
    30572207.0,
    31606599.0,
    32585799.0,
    33638435.0,
    34662458.0,
    35544253.0,
    36628951.0,
    37561211.0,
    38543966.0,
    39510420.0,
    40509757.0,
    41445114.0,
    42517618.0,
    43547322.0,
    44397888.0,
    45523072.0,
    46556613.0,
    47545280.0,
    48408720.0,
    49535527.0,
    50428223.0,
    51372375.0,
    52495685.0,
    53434808.0,
    54371315.0,
    55428692.0,
    56498110.0,
    57292030.0,
    58375716.0,
    59283980.0,
    60304507.0,
    61313632.0,
    62208732.0,
    63184003.0,
    64230378.0,
    65475358.0,
    66463935.0,
    67390375.0,
    68380143.0,
    69313905.0,
    70363015.0,
    71414580.0,
    72431059.0,
    73348912.0,
    74371743.0,
    75195708.0,
    76290034.0,
    77255256.0,
    78388346.0,
    79418149.0,
    80339339.0,
    81300603.0,
    82400860.0,
    83345544.0,
    84436733.0,
    85464043.0,
    86372167.0,
    87367967.0,
    88269409.0,
    89373653.0,
    90389491.0,
    91545122.0,
    92384788.0,
    93328238.0,
    94316424.0,
    95353531.0,
    96341717.0,
    97158028.0,
    98152986.0,
    99155409.0
  ],
  "median": {
    "estimate": 696.5080276010904,
    "lower_bound": 695.8213615023474,
    "unit": "ns",
    "upper_bound": 697.3229879275654
  },
  "unit": "ns",
  "iteration_count": [
    1420,
    2840,
    4260,
    5680,
    7100,
    8520,
    9940,
    11360,
    12780,
    14200,
    15620,
    17040,
    18460,
    19880,
    21300,
    22720,
    24140,
    25560,
    26980,
    28400,
    29820,
    31240,
    32660,
    34080,
    35500,
    36920,
    38340,
    39760,
    41180,
    42600,
    44020,
    45440,
    46860,
    48280,
    49700,
    51120,
    52540,
    53960,
    55380,
    56800,
    58220,
    59640,
    61060,
    62480,
    63900,
    65320,
    66740,
    68160,
    69580,
    71000,
    72420,
    73840,
    75260,
    76680,
    78100,
    79520,
    80940,
    82360,
    83780,
    85200,
    86620,
    88040,
    89460,
    90880,
    92300,
    93720,
    95140,
    96560,
    97980,
    99400,
    100820,
    102240,
    103660,
    105080,
    106500,
    107920,
    109340,
    110760,
    112180,
    113600,
    115020,
    116440,
    117860,
    119280,
    120700,
    122120,
    123540,
    124960,
    126380,
    127800,
    129220,
    130640,
    132060,
    133480,
    134900,
    136320,
    137740,
    139160,
    140580,
    142000
  ],
  "median_abs_dev": {
    "estimate": 2.5324451771286824,
    "lower_bound": 1.987104861288719,
    "unit": "ns",
    "upper_bound": 3.1622964639786835
  }
}