{
  "measured_values": [
    1017500.0,
    2028125.0,
    2978708.0,
    3935708.0,
    4932708.0,
    5908792.0,
    6922417.0,
    7856791.0,
    8864000.0,
    9833791.0,
    10848083.0,
    11815875.0,
    12803542.0,
    13777458.0,
    14742250.0,
    15747750.0,
    16799875.0,
    17713042.0,
    18702125.0,
    19787166.0,
    20633833.0,
    21685833.0,
    22617875.0,
    23524208.0,
    24353375.0,
    25626166.0,
    26574541.0,
    27514000.0,
    28567084.0,
    29490083.0,
    30462125.0,
    31567333.0,
    32473292.0,
    33478333.0,
    34458042.0,
    35501458.0,
    36545083.0,
    37489375.0,
    38469667.0,
    39440416.0,
    40511584.0,
    41430750.0,
    42536292.0,
    43417500.0,
    44318750.0,
    45228417.0,
    46296083.0,
    47306333.0,
    48336833.0,
    49571667.0,
    50639167.0,
    51621542.0,
    52600667.0,
    53574375.0,
    54648792.0,
    55661583.0,
    55913541.0,
    57329208.0,
    58603083.0,
    59550541.0,
    60529875.0,
    61582000.0,
    62240667.0,
    63257583.0,
    64572000.0,
    65514458.0,
    66575625.0,
    66713125.0,
    67595667.0,
    68604541.0,
    69517792.0,
    70605792.0,
    71533917.0,
    73158167.0,
    74472042.0,
    75629333.0,
    76551250.0,
    77271000.0,
    77355583.0,
    78407292.0,
    79437833.0,
    80468958.0,
    81209875.0,
    82332417.0,
    83109958.0,
    84339167.0,
    85584083.0,
    86610833.0,
    87920833.0,
    89104208.0,
    90110000.0,
    91210208.0,
    92128083.0,
    92908208.0,
    92971583.0,
    94886791.0,
    95154167.0,
    96318542.0,
    97271000.0,
    98174542.0
  ],
  "unit": "ns",
  "median": {
    "estimate": 1432.536608573718,
    "lower_bound": 1430.943763387393,
    "unit": "ns",
    "upper_bound": 1433.9267441860466
  },
  "change": {
    "change": "NoChange",
    "mean": {
      "estimate": 0.00014742872874440316,
      "lower_bound": -0.0017808486585715007,
      "unit": "%",
      "upper_bound": 0.0020091269543263284
    },
    "median": {
      "estimate": -0.003055769500692529,
      "lower_bound": -0.004222687147227595,
      "unit": "%",
      "upper_bound": -0.0019035641918873111
    }
  },
  "typical": {
    "estimate": 1432.8796958306557,
    "lower_bound": 1430.9630406314348,
    "unit": "ns",
    "upper_bound": 1434.904903120125
  },
  "mean": {
    "estimate": 1433.9716853364098,
    "lower_bound": 1432.3056183144215,
    "unit": "ns",
    "upper_bound": 1435.832146324951
  },
  "iteration_count": [
    688,
    1376,
    2064,
    2752,
    3440,
    4128,
    4816,
    5504,
    6192,
    6880,
    7568,
    8256,
    8944,
    9632,
    10320,
    11008,
    11696,
    12384,
    13072,
    13760,
    14448,
    15136,
    15824,
    16512,
    17200,
    17888,
    18576,
    19264,
    19952,
    20640,
    21328,
    22016,
    22704,
    23392,
    24080,
    24768,
    25456,
    26144,
    26832,
    27520,
    28208,
    28896,
    29584,
    30272,
    30960,
    31648,
    32336,
    33024,
    33712,
    34400,
    35088,
    35776,
    36464,
    37152,
    37840,
    38528,
    39216,
    39904,
    40592,
    41280,
    41968,
    42656,
    43344,
    44032,
    44720,
    45408,
    46096,
    46784,
    47472,
    48160,
    48848,
    49536,
    50224,
    50912,
    51600,
    52288,
    52976,
    53664,
    54352,
    55040,
    55728,
    56416,
    57104,
    57792,
    58480,
    59168,
    59856,
    60544,
    61232,
    61920,
    62608,
    63296,
    63984,
    64672,
    65360,
    66048,
    66736,
    67424,
    68112,
    68800
  ],
  "report_directory": "/Volumes/Files/_ranim/ranim-bench/ranim/target/criterion/reports/extract/polygon/40",
  "throughput": [],
  "median_abs_dev": {
    "estimate": 6.560208409891092,
    "lower_bound": 5.239396939396653,
    "unit": "ns",
    "upper_bound": 9.66640950363212
  },
  "slope": {
    "estimate": 1432.8796958306557,
    "lower_bound": 1430.9630406314348,
    "unit": "ns",
    "upper_bound": 1434.904903120125
  }
}