{
  "change": {
    "change": "NoChange",
    "mean": {
      "estimate": -0.01045479623524559,
      "lower_bound": -0.012828981600030149,
      "unit": "%",
      "upper_bound": -0.007964506416994697
    },
    "median": {
      "estimate": -0.015920885336803803,
      "lower_bound": -0.0169503541860081,
      "unit": "%",
      "upper_bound": -0.015161356485108746
    }
  },
  "iteration_count": [
    2164,
    4328,
    6492,
    8656,
    10820,
    12984,
    15148,
    17312,
    19476,
    21640,
    23804,
    25968,
    28132,
    30296,
    32460,
    34624,
    36788,
    38952,
    41116,
    43280,
    45444,
    47608,
    49772,
    51936,
    54100,
    56264,
    58428,
    60592,
    62756,
    64920,
    67084,
    69248,
    71412,
    73576,
    75740,
    77904,
    80068,
    82232,
    84396,
    86560,
    88724,
    90888,
    93052,
    95216,
    97380,
    99544,
    101708,
    103872,
    106036,
    108200,
    110364,
    112528,
    114692,
    116856,
    119020,
    121184,
    123348,
    125512,
    127676,
    129840,
    132004,
    134168,
    136332,
    138496,
    140660,
    142824,
    144988,
    147152,
    149316,
    151480,
    153644,
    155808,
    157972,
    160136,
    162300,
    164464,
    166628,
    168792,
    170956,
    173120,
    175284,
    177448,
    179612,
    181776,
    183940,
    186104,
    188268,
    190432,
    192596,
    194760,
    196924,
    199088,
    201252,
    203416,
    205580,
    207744,
    209908,
    212072,
    214236,
    216400
  ],
  "throughput": [],
  "mean": {
    "estimate": 456.3426952513601,
    "lower_bound": 456.0728406984842,
    "unit": "ns",
    "upper_bound": 456.5949030498001
  },
  "measured_values": [
    994667.0,
    1956917.0,
    2966791.0,
    3910084.0,
    4905000.0,
    5906000.0,
    6892166.0,
    7839334.0,
    8849375.0,
    9831125.0,
    10751500.0,
    11774667.0,
    12784000.0,
    13794041.0,
    14807542.0,
    15827250.0,
    16719666.0,
    17797583.0,
    18808542.0,
    19771625.0,
    20799625.0,
    21741292.0,
    22816917.0,
    23758916.0,
    24692042.0,
    25747458.0,
    26594083.0,
    27694584.0,
    28700583.0,
    29631959.0,
    30458416.0,
    31659875.0,
    32727000.0,
    33568250.0,
    34631125.0,
    35550209.0,
    36571000.0,
    37636958.0,
    38571834.0,
    39537542.0,
    40483500.0,
    41551125.0,
    42483333.0,
    43486958.0,
    44371667.0,
    45443875.0,
    46401666.0,
    47330792.0,
    48473833.0,
    49370667.0,
    50408167.0,
    51432083.0,
    52306958.0,
    53424875.0,
    54398875.0,
    55393709.0,
    56354041.0,
    57426333.0,
    58350417.0,
    59298708.0,
    60336250.0,
    61325666.0,
    62401834.0,
    63330250.0,
    64343167.0,
    65248917.0,
    66344834.0,
    67211292.0,
    68353333.0,
    69242667.0,
    70197583.0,
    71223834.0,
    72066250.0,
    73133375.0,
    74176125.0,
    75134250.0,
    76029667.0,
    77085875.0,
    77806917.0,
    78944458.0,
    79952083.0,
    80976167.0,
    81973542.0,
    82889750.0,
    83821625.0,
    84892833.0,
    85927708.0,
    86902208.0,
    87770333.0,
    88983500.0,
    90082333.0,
    90490084.0,
    92011375.0,
    92872333.0,
    93917125.0,
    94922500.0,
    95727375.0,
    96868167.0,
    97693417.0,
    98653750.0
  ],
  "typical": {
    "estimate": 456.55371386010233,
    "lower_bound": 456.375733364301,
    "unit": "ns",
    "upper_bound": 456.7262899083172
  },
  "slope": {
    "estimate": 456.55371386010233,
    "lower_bound": 456.375733364301,
    "unit": "ns",
    "upper_bound": 456.7262899083172
  },
  "median": {
    "estimate": 456.7125126029239,
    "lower_bound": 456.40358506113176,
    "unit": "ns",
    "upper_bound": 456.8567325777475
  },
  "report_directory": "/Volumes/Files/_ranim/ranim-bench/ranim/target/criterion/reports/extract/polygon/5",
  "unit": "ns",
  "median_abs_dev": {
    "estimate": 0.7155952592265791,
    "lower_bound": 0.5814338640613484,
    "unit": "ns",
    "upper_bound": 1.0162622552994858
  }
}