{
  "mean": {
    "estimate": 1456.9727278262726,
    "lower_bound": 1449.5879536303637,
    "unit": "ns",
    "upper_bound": 1465.6813681019407
  },
  "measured_values": [
    953200.0,
    1913900.0,
    2881700.0,
    3904800.0,
    4781100.0,
    5949300.0,
    8108100.0,
    8257200.0,
    8808300.0,
    9616400.0,
    10530400.0,
    11978600.0,
    12963900.0,
    13557100.0,
    14416400.0,
    15406600.0,
    16706500.0,
    17310900.0,
    18262200.0,
    19375700.0,
    20251700.0,
    21132800.0,
    22251400.0,
    23374400.0,
    24708200.0,
    25002600.0,
    25992300.0,
    27487400.0,
    28878400.0,
    29711000.0,
    31680700.0,
    32527400.0,
    32707400.0,
    33152900.0,
    33904800.0,
    35676000.0,
    35859800.0,
    37209900.0,
    37653800.0,
    39905800.0,
    40029400.0,
    40733800.0,
    41770800.0,
    42372000.0,
    43744500.0,
    46044400.0,
    45849100.0,
    46373600.0,
    47587800.0,
    49792100.0,
    49492400.0,
    52291700.0,
    52137300.0,
    57574300.0,
    52912100.0,
    54144000.0,
    55365100.0,
    56106100.0,
    59519400.0,
    60007300.0,
    61432300.0,
    60888600.0,
    61093500.0,
    63485300.0,
    62946900.0,
    64695100.0,
    64818400.0,
    68563200.0,
    66467100.0,
    67885300.0,
    68485000.0,
    69576800.0,
    73314300.0,
    71470700.0,
    72580000.0,
    74082200.0,
    75272300.0,
    79313300.0,
    78520600.0,
    79431600.0,
    81709700.0,
    79273700.0,
    81927900.0,
    81509000.0,
    83259000.0,
    83127700.0,
    84794100.0,
    85881700.0,
    96869700.0,
    87072700.0,
    90274200.0,
    91341900.0,
    93036000.0,
    91216400.0,
    95665000.0,
    95603100.0,
    94425900.0,
    96529100.0,
    98850600.0,
    97910900.0
  ],
  "iteration_count": [
    675,
    1350,
    2025,
    2700,
    3375,
    4050,
    4725,
    5400,
    6075,
    6750,
    7425,
    8100,
    8775,
    9450,
    10125,
    10800,
    11475,
    12150,
    12825,
    13500,
    14175,
    14850,
    15525,
    16200,
    16875,
    17550,
    18225,
    18900,
    19575,
    20250,
    20925,
    21600,
    22275,
    22950,
    23625,
    24300,
    24975,
    25650,
    26325,
    27000,
    27675,
    28350,
    29025,
    29700,
    30375,
    31050,
    31725,
    32400,
    33075,
    33750,
    34425,
    35100,
    35775,
    36450,
    37125,
    37800,
    38475,
    39150,
    39825,
    40500,
    41175,
    41850,
    42525,
    43200,
    43875,
    44550,
    45225,
    45900,
    46575,
    47250,
    47925,
    48600,
    49275,
    49950,
    50625,
    51300,
    51975,
    52650,
    53325,
    54000,
    54675,
    55350,
    56025,
    56700,
    57375,
    58050,
    58725,
    59400,
    60075,
    60750,
    61425,
    62100,
    62775,
    63450,
    64125,
    64800,
    65475,
    66150,
    66825,
    67500
  ],
  "throughput": [],
  "typical": {
    "estimate": 1460.567538982754,
    "lower_bound": 1452.285351787354,
    "unit": "ns",
    "upper_bound": 1470.539560142326
  },
  "median": {
    "estimate": 1444.887451907477,
    "lower_bound": 1437.6877269426288,
    "unit": "ns",
    "upper_bound": 1452.7485216308746
  },
  "median_abs_dev": {
    "estimate": 26.128713953211246,
    "lower_bound": 16.719948835206527,
    "unit": "ns",
    "upper_bound": 32.33923668736768
  },
  "unit": "ns",
  "slope": {
    "estimate": 1460.567538982754,
    "lower_bound": 1452.285351787354,
    "unit": "ns",
    "upper_bound": 1470.539560142326
  },
  "report_directory": "E:\\_ranim\\ranim-bench\\ranim\\target\\criterion\\reports\\extract\\polygon\\40",
  "change": {
    "change": "NoChange",
    "mean": {
      "estimate": -0.00968306158963761,
      "lower_bound": -0.017861758656303482,
      "unit": "%",
      "upper_bound": -0.0006977561060755046
    },
    "median": {
      "estimate": -0.006345143793662911,
      "lower_bound": -0.015098635461935015,
      "unit": "%",
      "upper_bound": 0.002678504026643717
    }
  }
}