{
  "unit": "ns",
  "iteration_count": [
    1259,
    2518,
    3777,
    5036,
    6295,
    7554,
    8813,
    10072,
    11331,
    12590,
    13849,
    15108,
    16367,
    17626,
    18885,
    20144,
    21403,
    22662,
    23921,
    25180,
    26439,
    27698,
    28957,
    30216,
    31475,
    32734,
    33993,
    35252,
    36511,
    37770,
    39029,
    40288,
    41547,
    42806,
    44065,
    45324,
    46583,
    47842,
    49101,
    50360,
    51619,
    52878,
    54137,
    55396,
    56655,
    57914,
    59173,
    60432,
    61691,
    62950,
    64209,
    65468,
    66727,
    67986,
    69245,
    70504,
    71763,
    73022,
    74281,
    75540,
    76799,
    78058,
    79317,
    80576,
    81835,
    83094,
    84353,
    85612,
    86871,
    88130,
    89389,
    90648,
    91907,
    93166,
    94425,
    95684,
    96943,
    98202,
    99461,
    100720,
    101979,
    103238,
    104497,
    105756,
    107015,
    108274,
    109533,
    110792,
    112051,
    113310,
    114569,
    115828,
    117087,
    118346,
    119605,
    120864,
    122123,
    123382,
    124641,
    125900
  ],
  "throughput": [],
  "typical": {
    "estimate": 783.122064713199,
    "lower_bound": 779.2358021397729,
    "unit": "ns",
    "upper_bound": 788.0343142752862
  },
  "median_abs_dev": {
    "estimate": 13.485554262791316,
    "lower_bound": 9.00447637089322,
    "unit": "ns",
    "upper_bound": 15.861653199697654
  },
  "slope": {
    "estimate": 783.122064713199,
    "lower_bound": 779.2358021397729,
    "unit": "ns",
    "upper_bound": 788.0343142752862
  },
  "change": {
    "change": "NoChange",
    "mean": {
      "estimate": -0.0167553380598342,
      "lower_bound": -0.026102610336934517,
      "unit": "%",
      "upper_bound": -0.007878523319829245
    },
    "median": {
      "estimate": -0.01354483971490128,
      "lower_bound": -0.023328522530796647,
      "unit": "%",
      "upper_bound": -0.007231955102539489
    }
  },
  "mean": {
    "estimate": 781.7367917821647,
    "lower_bound": 777.7113153856299,
    "unit": "ns",
    "upper_bound": 786.2675454128213
  },
  "measured_values": [
    952400.0,
    2083600.0,
    2872200.0,
    3814900.0,
    4795600.0,
    5821000.0,
    6699000.0,
    7707600.0,
    8590100.0,
    9682100.0,
    11297900.0,
    12539300.0,
    12489400.0,
    13504600.0,
    14548000.0,
    15362300.0,
    16368800.0,
    17505700.0,
    18410700.0,
    19912000.0,
    20348200.0,
    21445000.0,
    22292200.0,
    23146500.0,
    26070400.0,
    24985800.0,
    26101900.0,
    27456400.0,
    28209100.0,
    32285100.0,
    29905200.0,
    30758100.0,
    33603800.0,
    34664500.0,
    34120000.0,
    35651600.0,
    35980200.0,
    36760000.0,
    37807800.0,
    38726800.0,
    40161400.0,
    40447200.0,
    42882800.0,
    43477700.0,
    47228000.0,
    45422600.0,
    47377700.0,
    48055900.0,
    47964200.0,
    48844700.0,
    49098100.0,
    51231800.0,
    50933300.0,
    53567100.0,
    54088200.0,
    53966000.0,
    55363200.0,
    56013800.0,
    57610000.0,
    58678400.0,
    61009400.0,
    60153500.0,
    62218000.0,
    62335500.0,
    66462600.0,
    63649400.0,
    66319400.0,
    68031400.0,
    78170700.0,
    72706900.0,
    71472000.0,
    70217000.0,
    71203700.0,
    72263100.0,
    72934300.0,
    74798800.0,
    74802300.0,
    77205800.0,
    77452200.0,
    78675100.0,
    79804800.0,
    82383200.0,
    80401600.0,
    83678400.0,
    86145800.0,
    84148100.0,
    85574100.0,
    85304100.0,
    86318300.0,
    87360600.0,
    91133600.0,
    91199200.0,
    90720300.0,
    91838600.0,
    93962000.0,
    93157300.0,
    94751300.0,
    95740300.0,
    96617000.0,
    99151500.0
  ],
  "report_directory": "E:\\_ranim\\ranim-bench\\ranim\\target\\criterion\\reports\\extract\\polygon\\5",
  "median": {
    "estimate": 775.3653577821265,
    "lower_bound": 772.4045538787398,
    "unit": "ns",
    "upper_bound": 778.1051705426945
  }
}