{
  "mean": {
    "estimate": 575.9053179933194,
    "lower_bound": 574.6119079935025,
    "unit": "ns",
    "upper_bound": 577.2737682886451
  },
  "measured_values": [
    1064750.0,
    1960541.0,
    2859250.0,
    3977333.0,
    4941542.0,
    5981542.0,
    6865459.0,
    7887541.0,
    8977750.0,
    9681500.0,
    10900209.0,
    12084542.0,
    12998584.0,
    14015833.0,
    14844375.0,
    15693000.0,
    16865250.0,
    17754333.0,
    19190708.0,
    19963333.0,
    21054333.0,
    22093625.0,
    22954667.0,
    24065958.0,
    24910417.0,
    26071667.0,
    26872959.0,
    27922833.0,
    28563458.0,
    29796417.0,
    30834125.0,
    31521292.0,
    32635083.0,
    33814042.0,
    34668292.0,
    35076291.0,
    36859208.0,
    37712208.0,
    39118334.0,
    39805416.0,
    40657958.0,
    41573250.0,
    42597750.0,
    43828750.0,
    44504958.0,
    45603875.0,
    46790792.0,
    47133000.0,
    49177500.0,
    50609958.0,
    50816167.0,
    51903542.0,
    53222917.0,
    53930583.0,
    54785667.0,
    55906083.0,
    55449875.0,
    57395417.0,
    58350583.0,
    60179792.0,
    61267959.0,
    62112667.0,
    62808958.0,
    63314083.0,
    64862750.0,
    65143625.0,
    66723708.0,
    68104750.0,
    69290083.0,
    70254042.0,
    70661875.0,
    72279125.0,
    72386333.0,
    75849000.0,
    74470167.0,
    75998375.0,
    77222500.0,
    77158709.0,
    78702208.0,
    80816083.0,
    82101083.0,
    80746791.0,
    83186291.0,
    83851250.0,
    84038291.0,
    85840084.0,
    87116209.0,
    87646041.0,
    88640459.0,
    90495958.0,
    89850000.0,
    92068459.0,
    93233375.0,
    93329958.0,
    94507708.0,
    94852083.0,
    96639250.0,
    97531916.0,
    98479667.0,
    100062583.0
  ],
  "iteration_count": [
    1729,
    3458,
    5187,
    6916,
    8645,
    10374,
    12103,
    13832,
    15561,
    17290,
    19019,
    20748,
    22477,
    24206,
    25935,
    27664,
    29393,
    31122,
    32851,
    34580,
    36309,
    38038,
    39767,
    41496,
    43225,
    44954,
    46683,
    48412,
    50141,
    51870,
    53599,
    55328,
    57057,
    58786,
    60515,
    62244,
    63973,
    65702,
    67431,
    69160,
    70889,
    72618,
    74347,
    76076,
    77805,
    79534,
    81263,
    82992,
    84721,
    86450,
    88179,
    89908,
    91637,
    93366,
    95095,
    96824,
    98553,
    100282,
    102011,
    103740,
    105469,
    107198,
    108927,
    110656,
    112385,
    114114,
    115843,
    117572,
    119301,
    121030,
    122759,
    124488,
    126217,
    127946,
    129675,
    131404,
    133133,
    134862,
    136591,
    138320,
    140049,
    141778,
    143507,
    145236,
    146965,
    148694,
    150423,
    152152,
    153881,
    155610,
    157339,
    159068,
    160797,
    162526,
    164255,
    165984,
    167713,
    169442,
    171171,
    172900
  ],
  "median": {
    "estimate": 576.0788823019086,
    "lower_bound": 575.3230689692757,
    "unit": "ns",
    "upper_bound": 576.7750351152607
  },
  "median_abs_dev": {
    "estimate": 4.842494404410783,
    "lower_bound": 3.6833835029183226,
    "unit": "ns",
    "upper_bound": 5.756488930321929
  },
  "slope": {
    "estimate": 576.6728009392706,
    "lower_bound": 575.5931058249346,
    "unit": "ns",
    "upper_bound": 577.7881328102513
  },
  "unit": "ns",
  "throughput": [],
  "change": {
    "change": "Regressed",
    "mean": {
      "estimate": 0.021228330225211423,
      "lower_bound": 0.017747864333530934,
      "unit": "%",
      "upper_bound": 0.024508151254043157
    },
    "median": {
      "estimate": 0.021417851680603173,
      "lower_bound": 0.0188805497039504,
      "unit": "%",
      "upper_bound": 0.024343259867572797
    }
  },
  "typical": {
    "estimate": 576.6728009392706,
    "lower_bound": 575.5931058249346,
    "unit": "ns",
    "upper_bound": 577.7881328102513
  },
  "report_directory": "/Volumes/Files/_ranim/ranim-bench/ranim/target/criterion/reports/extract/polygon/10"
}