{
  "report_directory": "/Volumes/Files/_ranim/ranim-bench/ranim/target/criterion/reports/extract/polygon/20",
  "unit": "ns",
  "mean": {
    "estimate": 824.5859735265652,
    "lower_bound": 821.5286020043266,
    "unit": "ns",
    "upper_bound": 827.9673611396007
  },
  "iteration_count": [
    1190,
    2380,
    3570,
    4760,
    5950,
    7140,
    8330,
    9520,
    10710,
    11900,
    13090,
    14280,
    15470,
    16660,
    17850,
    19040,
    20230,
    21420,
    22610,
    23800,
    24990,
    26180,
    27370,
    28560,
    29750,
    30940,
    32130,
    33320,
    34510,
    35700,
    36890,
    38080,
    39270,
    40460,
    41650,
    42840,
    44030,
    45220,
    46410,
    47600,
    48790,
    49980,
    51170,
    52360,
    53550,
    54740,
    55930,
    57120,
    58310,
    59500,
    60690,
    61880,
    63070,
    64260,
    65450,
    66640,
    67830,
    69020,
    70210,
    71400,
    72590,
    73780,
    74970,
    76160,
    77350,
    78540,
    79730,
    80920,
    82110,
    83300,
    84490,
    85680,
    86870,
    88060,
    89250,
    90440,
    91630,
    92820,
    94010,
    95200,
    96390,
    97580,
    98770,
    99960,
    101150,
    102340,
    103530,
    104720,
    105910,
    107100,
    108290,
    109480,
    110670,
    111860,
    113050,
    114240,
    115430,
    116620,
    117810,
    119000
  ],
  "throughput": [],
  "slope": {
    "estimate": 821.8020159225505,
    "lower_bound": 819.258427382984,
    "unit": "ns",
    "upper_bound": 824.9554928499599
  },
  "median": {
    "estimate": 820.6936340451587,
    "lower_bound": 818.5033552754435,
    "unit": "ns",
    "upper_bound": 823.2649956534337
  },
  "typical": {
    "estimate": 821.8020159225505,
    "lower_bound": 819.258427382984,
    "unit": "ns",
    "upper_bound": 824.9554928499599
  },
  "measured_values": [
    988166.0,
    1989333.0,
    2970250.0,
    4055125.0,
    4685375.0,
    5697959.0,
    6920250.0,
    7968417.0,
    8776542.0,
    9826459.0,
    10799792.0,
    11924750.0,
    13419417.0,
    13744792.0,
    14665750.0,
    15766833.0,
    16693667.0,
    17733833.0,
    18428625.0,
    19655375.0,
    20305125.0,
    21702166.0,
    23572209.0,
    23407000.0,
    24356042.0,
    25274833.0,
    26181542.0,
    26967625.0,
    28565125.0,
    29505000.0,
    30208917.0,
    30967125.0,
    31846750.0,
    33088375.0,
    33777667.0,
    35056667.0,
    38743042.0,
    37077166.0,
    40605708.0,
    39575833.0,
    39358500.0,
    40462000.0,
    42414708.0,
    43232041.0,
    44901708.0,
    45167000.0,
    45715041.0,
    46761875.0,
    48036125.0,
    49318125.0,
    49349333.0,
    50406625.0,
    51283250.0,
    52819500.0,
    54070750.0,
    54215042.0,
    55428333.0,
    56672583.0,
    61654833.0,
    60285875.0,
    63462625.0,
    61516666.0,
    65959791.0,
    64981875.0,
    63121750.0,
    63865958.0,
    65493833.0,
    66797916.0,
    67062917.0,
    68449125.0,
    69503875.0,
    69740709.0,
    70879917.0,
    72519583.0,
    72469459.0,
    73479125.0,
    75299667.0,
    76468583.0,
    77148625.0,
    77401708.0,
    79864583.0,
    80088250.0,
    80427041.0,
    81666042.0,
    83123875.0,
    83668500.0,
    85232625.0,
    85055209.0,
    85903875.0,
    87586833.0,
    88765750.0,
    89503208.0,
    90608959.0,
    91398875.0,
    92187709.0,
    93629125.0,
    94277417.0,
    96184917.0,
    95802417.0,
    96618375.0
  ],
  "median_abs_dev": {
    "estimate": 8.60484782108966,
    "lower_bound": 6.713452007669576,
    "unit": "ns",
    "upper_bound": 11.049738082695054
  },
  "change": {
    "change": "Improved",
    "mean": {
      "estimate": -0.03749724079104666,
      "lower_bound": -0.041721330419375605,
      "unit": "%",
      "upper_bound": -0.033019141030054044
    },
    "median": {
      "estimate": -0.043143856441463346,
      "lower_bound": -0.046343384396738185,
      "unit": "%",
      "upper_bound": -0.03982881239075764
    }
  }
}