{
  "measured_values": [
    1001800.0,
    1952600.0,
    2908400.0,
    3897500.0,
    4945400.0,
    5848300.0,
    6825900.0,
    8076800.0,
    8839400.0,
    9707000.0,
    10816800.0,
    11786700.0,
    12745700.0,
    13670700.0,
    14814100.0,
    15654000.0,
    16646700.0,
    17622400.0,
    18712100.0,
    19423700.0,
    20518200.0,
    21694200.0,
    22722500.0,
    23316600.0,
    24455600.0,
    26849700.0,
    26329900.0,
    27335800.0,
    28398100.0,
    29454500.0,
    30464000.0,
    31113900.0,
    32326400.0,
    33356700.0,
    34832500.0,
    35010400.0,
    36035400.0,
    37515900.0,
    38072000.0,
    39094700.0,
    40205300.0,
    41101400.0,
    41896900.0,
    43005000.0,
    43805800.0,
    45862400.0,
    46098600.0,
    47925300.0,
    50359500.0,
    48555200.0,
    50363500.0,
    50960700.0,
    52978700.0,
    52605700.0,
    53601900.0,
    55465800.0,
    56065000.0,
    57162900.0,
    58207500.0,
    71403200.0,
    59661900.0,
    61203600.0,
    61610500.0,
    62556100.0,
    64070400.0,
    64570300.0,
    65555600.0,
    68234200.0,
    67630000.0,
    68658300.0,
    72232400.0,
    70061500.0,
    71583000.0,
    72333000.0,
    73502500.0,
    73903900.0,
    74652400.0,
    76798100.0,
    78896900.0,
    81373600.0,
    79362300.0,
    80669200.0,
    84475100.0,
    82610000.0,
    82775200.0,
    83845000.0,
    85128900.0,
    97535000.0,
    86970200.0,
    90151800.0,
    89071700.0,
    89576100.0,
    93017700.0,
    93292900.0,
    96227700.0,
    94920400.0,
    95221000.0,
    96670000.0,
    99437800.0,
    97734700.0
  ],
  "unit": "ns",
  "median": {
    "estimate": 921.326780580213,
    "lower_bound": 919.7413175796636,
    "unit": "ns",
    "upper_bound": 923.3389252701649
  },
  "median_abs_dev": {
    "estimate": 7.651131949185488,
    "lower_bound": 5.219866838375963,
    "unit": "ns",
    "upper_bound": 9.334474964380554
  },
  "report_directory": "E:\\_ranim\\ranim-bench\\ranim\\target\\criterion\\reports\\extract\\arc",
  "mean": {
    "estimate": 928.1608347418066,
    "lower_bound": 923.905205068627,
    "unit": "ns",
    "upper_bound": 933.7566106027836
  },
  "change": {
    "change": "NoChange",
    "mean": {
      "estimate": 0.0017070344770531154,
      "lower_bound": -0.0047092056470831485,
      "unit": "%",
      "upper_bound": 0.008317466535180675
    },
    "median": {
      "estimate": 0.0008013973675387032,
      "lower_bound": -0.002263542689703883,
      "unit": "%",
      "upper_bound": 0.004885203070397637
    }
  },
  "typical": {
    "estimate": 931.7399492895088,
    "lower_bound": 925.5151429551252,
    "unit": "ns",
    "upper_bound": 939.638082434613
  },
  "slope": {
    "estimate": 931.7399492895088,
    "lower_bound": 925.5151429551252,
    "unit": "ns",
    "upper_bound": 939.638082434613
  },
  "iteration_count": [
    1064,
    2128,
    3192,
    4256,
    5320,
    6384,
    7448,
    8512,
    9576,
    10640,
    11704,
    12768,
    13832,
    14896,
    15960,
    17024,
    18088,
    19152,
    20216,
    21280,
    22344,
    23408,
    24472,
    25536,
    26600,
    27664,
    28728,
    29792,
    30856,
    31920,
    32984,
    34048,
    35112,
    36176,
    37240,
    38304,
    39368,
    40432,
    41496,
    42560,
    43624,
    44688,
    45752,
    46816,
    47880,
    48944,
    50008,
    51072,
    52136,
    53200,
    54264,
    55328,
    56392,
    57456,
    58520,
    59584,
    60648,
    61712,
    62776,
    63840,
    64904,
    65968,
    67032,
    68096,
    69160,
    70224,
    71288,
    72352,
    73416,
    74480,
    75544,
    76608,
    77672,
    78736,
    79800,
    80864,
    81928,
    82992,
    84056,
    85120,
    86184,
    87248,
    88312,
    89376,
    90440,
    91504,
    92568,
    93632,
    94696,
    95760,
    96824,
    97888,
    98952,
    100016,
    101080,
    102144,
    103208,
    104272,
    105336,
    106400
  ],
  "throughput": []
}