{
  "typical": {
    "estimate": 969.3928198878006,
    "lower_bound": 964.4148813024171,
    "unit": "ns",
    "upper_bound": 974.9490341236124
  },
  "report_directory": "E:\\_ranim\\ranim-bench\\ranim\\target\\criterion\\reports\\extract\\circle",
  "median": {
    "estimate": 960.3608535231162,
    "lower_bound": 957.4070244373212,
    "unit": "ns",
    "upper_bound": 965.0294695481336
  },
  "unit": "ns",
  "measured_values": [
    1049100.0,
    1928900.0,
    2985600.0,
    4532800.0,
    4819000.0,
    5921500.0,
    6780400.0,
    7714300.0,
    8774100.0,
    9824000.0,
    10565800.0,
    11674400.0,
    12687700.0,
    13873500.0,
    14818400.0,
    15801100.0,
    16705100.0,
    18331800.0,
    18390200.0,
    19319700.0,
    22692500.0,
    21568900.0,
    22329400.0,
    23726100.0,
    24895800.0,
    25240900.0,
    27974000.0,
    27426300.0,
    28038600.0,
    29148600.0,
    29951800.0,
    31382900.0,
    31972900.0,
    33911700.0,
    34095600.0,
    35240400.0,
    36132100.0,
    36907600.0,
    37878000.0,
    39532900.0,
    40087800.0,
    41422900.0,
    41697900.0,
    42754400.0,
    43704100.0,
    44967000.0,
    46483700.0,
    47613400.0,
    47643700.0,
    48625400.0,
    50209000.0,
    50639200.0,
    51972200.0,
    52571400.0,
    53255800.0,
    54068900.0,
    55554500.0,
    57032200.0,
    60285700.0,
    58407000.0,
    61256400.0,
    60370200.0,
    63468700.0,
    64536900.0,
    63490600.0,
    64334700.0,
    67028800.0,
    66389700.0,
    66668300.0,
    70444900.0,
    68916300.0,
    70022200.0,
    71161000.0,
    72498100.0,
    73651000.0,
    73994500.0,
    74945500.0,
    77213900.0,
    76908800.0,
    77459800.0,
    82900000.0,
    87123400.0,
    80567100.0,
    82089100.0,
    83725400.0,
    85704600.0,
    85641300.0,
    87364300.0,
    88242300.0,
    88058300.0,
    88687200.0,
    89569800.0,
    91861200.0,
    94159700.0,
    95035700.0,
    92823500.0,
    96627600.0,
    95216200.0,
    98862200.0,
    103382900.0
  ],
  "change": {
    "change": "NoChange",
    "mean": {
      "estimate": -0.009671662227158316,
      "lower_bound": -0.019718579848453325,
      "unit": "%",
      "upper_bound": -0.00027360347894812354
    },
    "median": {
      "estimate": -0.003348369048835953,
      "lower_bound": -0.009778871892300218,
      "unit": "%",
      "upper_bound": 0.001867392447286731
    }
  },
  "median_abs_dev": {
    "estimate": 12.044973629079433,
    "lower_bound": 8.129653579248572,
    "unit": "ns",
    "upper_bound": 15.7243739492471
  },
  "iteration_count": [
    1018,
    2036,
    3054,
    4072,
    5090,
    6108,
    7126,
    8144,
    9162,
    10180,
    11198,
    12216,
    13234,
    14252,
    15270,
    16288,
    17306,
    18324,
    19342,
    20360,
    21378,
    22396,
    23414,
    24432,
    25450,
    26468,
    27486,
    28504,
    29522,
    30540,
    31558,
    32576,
    33594,
    34612,
    35630,
    36648,
    37666,
    38684,
    39702,
    40720,
    41738,
    42756,
    43774,
    44792,
    45810,
    46828,
    47846,
    48864,
    49882,
    50900,
    51918,
    52936,
    53954,
    54972,
    55990,
    57008,
    58026,
    59044,
    60062,
    61080,
    62098,
    63116,
    64134,
    65152,
    66170,
    67188,
    68206,
    69224,
    70242,
    71260,
    72278,
    73296,
    74314,
    75332,
    76350,
    77368,
    78386,
    79404,
    80422,
    81440,
    82458,
    83476,
    84494,
    85512,
    86530,
    87548,
    88566,
    89584,
    90602,
    91620,
    92638,
    93656,
    94674,
    95692,
    96710,
    97728,
    98746,
    99764,
    100782,
    101800
  ],
  "throughput": [],
  "mean": {
    "estimate": 968.6478725699692,
    "lower_bound": 964.1325726700436,
    "unit": "ns",
    "upper_bound": 973.8510599102134
  },
  "slope": {
    "estimate": 969.3928198878006,
    "lower_bound": 964.4148813024171,
    "unit": "ns",
    "upper_bound": 974.9490341236124
  }
}