{
  "median": {
    "estimate": 798.1566913637416,
    "lower_bound": 796.2830902215019,
    "unit": "ns",
    "upper_bound": 800.6469911643227
  },
  "measured_values": [
    1003400.0,
    2044900.0,
    2908700.0,
    3870800.0,
    4829700.0,
    5943200.0,
    6765700.0,
    7896800.0,
    8731300.0,
    10399700.0,
    11234000.0,
    11778000.0,
    12692300.0,
    13733100.0,
    14680000.0,
    16843200.0,
    16657500.0,
    17591400.0,
    18918900.0,
    19658700.0,
    21464100.0,
    21848900.0,
    22661100.0,
    26485700.0,
    24545300.0,
    26165400.0,
    28064800.0,
    27579600.0,
    28452600.0,
    29319200.0,
    30655800.0,
    31589400.0,
    32967000.0,
    33293200.0,
    34299900.0,
    35431800.0,
    36599900.0,
    37492500.0,
    38373700.0,
    39394600.0,
    40110100.0,
    43470900.0,
    42813600.0,
    43046800.0,
    47693500.0,
    48214300.0,
    46376200.0,
    47344500.0,
    48245100.0,
    49235200.0,
    50225800.0,
    53273600.0,
    51668000.0,
    52375700.0,
    53461600.0,
    54421800.0,
    56001700.0,
    56853800.0,
    58687800.0,
    61180800.0,
    59383800.0,
    60288400.0,
    62642100.0,
    65054900.0,
    63120600.0,
    64381600.0,
    65673700.0,
    67520400.0,
    67690700.0,
    69967500.0,
    71910700.0,
    73342400.0,
    71958700.0,
    74566200.0,
    76360000.0,
    76272000.0,
    75307600.0,
    78296000.0,
    77366300.0,
    78271300.0,
    79981800.0,
    82228100.0,
    81442800.0,
    84796100.0,
    84613800.0,
    84403200.0,
    85315700.0,
    86746600.0,
    87330900.0,
    88435200.0,
    89599000.0,
    92280100.0,
    92111800.0,
    94126600.0,
    93174000.0,
    94202600.0,
    95064100.0,
    98949300.0,
    97497000.0,
    100252100.0
  ],
  "mean": {
    "estimate": 804.7912321210894,
    "lower_bound": 801.3903566138285,
    "unit": "ns",
    "upper_bound": 808.5138907719916
  },
  "throughput": [],
  "median_abs_dev": {
    "estimate": 9.399647082622398,
    "lower_bound": 6.128165634092517,
    "unit": "ns",
    "upper_bound": 14.06778868621445
  },
  "iteration_count": [
    1234,
    2468,
    3702,
    4936,
    6170,
    7404,
    8638,
    9872,
    11106,
    12340,
    13574,
    14808,
    16042,
    17276,
    18510,
    19744,
    20978,
    22212,
    23446,
    24680,
    25914,
    27148,
    28382,
    29616,
    30850,
    32084,
    33318,
    34552,
    35786,
    37020,
    38254,
    39488,
    40722,
    41956,
    43190,
    44424,
    45658,
    46892,
    48126,
    49360,
    50594,
    51828,
    53062,
    54296,
    55530,
    56764,
    57998,
    59232,
    60466,
    61700,
    62934,
    64168,
    65402,
    66636,
    67870,
    69104,
    70338,
    71572,
    72806,
    74040,
    75274,
    76508,
    77742,
    78976,
    80210,
    81444,
    82678,
    83912,
    85146,
    86380,
    87614,
    88848,
    90082,
    91316,
    92550,
    93784,
    95018,
    96252,
    97486,
    98720,
    99954,
    101188,
    102422,
    103656,
    104890,
    106124,
    107358,
    108592,
    109826,
    111060,
    112294,
    113528,
    114762,
    115996,
    117230,
    118464,
    119698,
    120932,
    122166,
    123400
  ],
  "typical": {
    "estimate": 803.695020572475,
    "lower_bound": 800.9239321068115,
    "unit": "ns",
    "upper_bound": 806.6331889474026
  },
  "unit": "ns",
  "report_directory": "E:\\_ranim\\ranim-bench\\ranim\\target\\criterion\\reports\\extract\\rectangle",
  "slope": {
    "estimate": 803.695020572475,
    "lower_bound": 800.9239321068115,
    "unit": "ns",
    "upper_bound": 806.6331889474026
  },
  "change": {
    "change": "NoChange",
    "mean": {
      "estimate": 0.006584282228266236,
      "lower_bound": 0.0007362031211873347,
      "unit": "%",
      "upper_bound": 0.011942826833366067
    },
    "median": {
      "estimate": 0.004506798075427199,
      "lower_bound": -0.0009459573828225488,
      "unit": "%",
      "upper_bound": 0.008782113741297115
    }
  }
}