{
  "median": {
    "estimate": 803.8287642215624,
    "lower_bound": 801.1304108078301,
    "unit": "ns",
    "upper_bound": 808.2275093660293
  },
  "mean": {
    "estimate": 808.8204212420067,
    "lower_bound": 805.4599002367537,
    "unit": "ns",
    "upper_bound": 812.7315224462717
  },
  "median_abs_dev": {
    "estimate": 11.377888071845696,
    "lower_bound": 8.688259420832184,
    "unit": "ns",
    "upper_bound": 14.835491071809267
  },
  "iteration_count": [
    1209,
    2418,
    3627,
    4836,
    6045,
    7254,
    8463,
    9672,
    10881,
    12090,
    13299,
    14508,
    15717,
    16926,
    18135,
    19344,
    20553,
    21762,
    22971,
    24180,
    25389,
    26598,
    27807,
    29016,
    30225,
    31434,
    32643,
    33852,
    35061,
    36270,
    37479,
    38688,
    39897,
    41106,
    42315,
    43524,
    44733,
    45942,
    47151,
    48360,
    49569,
    50778,
    51987,
    53196,
    54405,
    55614,
    56823,
    58032,
    59241,
    60450,
    61659,
    62868,
    64077,
    65286,
    66495,
    67704,
    68913,
    70122,
    71331,
    72540,
    73749,
    74958,
    76167,
    77376,
    78585,
    79794,
    81003,
    82212,
    83421,
    84630,
    85839,
    87048,
    88257,
    89466,
    90675,
    91884,
    93093,
    94302,
    95511,
    96720,
    97929,
    99138,
    100347,
    101556,
    102765,
    103974,
    105183,
    106392,
    107601,
    108810,
    110019,
    111228,
    112437,
    113646,
    114855,
    116064,
    117273,
    118482,
    119691,
    120900
  ],
  "change": {
    "change": "NoChange",
    "mean": {
      "estimate": -0.006811008987787082,
      "lower_bound": -0.013646023888886447,
      "unit": "%",
      "upper_bound": -0.00012262363164526063
    },
    "median": {
      "estimate": -0.005818368954466635,
      "lower_bound": -0.011161241181291803,
      "unit": "%",
      "upper_bound": 0.0021271866524231746
    }
  },
  "typical": {
    "estimate": 812.5950614468136,
    "lower_bound": 808.2950237260527,
    "unit": "ns",
    "upper_bound": 817.6258054986286
  },
  "unit": "ns",
  "report_directory": "E:\\_ranim\\ranim-bench\\ranim\\target\\criterion\\reports\\extract\\square",
  "slope": {
    "estimate": 812.5950614468136,
    "lower_bound": 808.2950237260527,
    "unit": "ns",
    "upper_bound": 817.6258054986286
  },
  "measured_values": [
    1025700.0,
    1962700.0,
    2881200.0,
    3858700.0,
    4832600.0,
    5912800.0,
    6744900.0,
    7753700.0,
    8646300.0,
    10035800.0,
    10626900.0,
    11772400.0,
    12512200.0,
    13497100.0,
    15104900.0,
    15899800.0,
    16340200.0,
    17285500.0,
    18216100.0,
    19161200.0,
    20185200.0,
    21182800.0,
    22160000.0,
    23075300.0,
    24077000.0,
    25029400.0,
    26035300.0,
    26948900.0,
    27987600.0,
    28637500.0,
    32197000.0,
    31534300.0,
    31644100.0,
    33223000.0,
    33625600.0,
    34941400.0,
    35546500.0,
    36691500.0,
    38800600.0,
    38364000.0,
    40025300.0,
    40227000.0,
    41120600.0,
    42721100.0,
    43166300.0,
    45041600.0,
    45405900.0,
    46126200.0,
    48314800.0,
    48093800.0,
    49920800.0,
    51517800.0,
    51191500.0,
    52305900.0,
    53189200.0,
    54756200.0,
    55208300.0,
    57475400.0,
    57136800.0,
    58054600.0,
    58955500.0,
    60344900.0,
    61725100.0,
    62260900.0,
    72524600.0,
    64810400.0,
    65481000.0,
    69767800.0,
    68036700.0,
    67895800.0,
    69164700.0,
    71253700.0,
    70896400.0,
    72150300.0,
    74131100.0,
    75468900.0,
    75623800.0,
    76662500.0,
    78887900.0,
    78668800.0,
    80957100.0,
    79742900.0,
    85793900.0,
    82273700.0,
    82765500.0,
    85555400.0,
    85523500.0,
    86012200.0,
    89518900.0,
    93446200.0,
    88861900.0,
    89955800.0,
    92256600.0,
    91063900.0,
    92119700.0,
    93094100.0,
    94916200.0,
    94569100.0,
    95456800.0,
    97252300.0
  ],
  "throughput": []
}