{
  "iteration_count": [
    2001,
    4002,
    6003,
    8004,
    10005,
    12006,
    14007,
    16008,
    18009,
    20010,
    22011,
    24012,
    26013,
    28014,
    30015,
    32016,
    34017,
    36018,
    38019,
    40020,
    42021,
    44022,
    46023,
    48024,
    50025,
    52026,
    54027,
    56028,
    58029,
    60030,
    62031,
    64032,
    66033,
    68034,
    70035,
    72036,
    74037,
    76038,
    78039,
    80040,
    82041,
    84042,
    86043,
    88044,
    90045,
    92046,
    94047,
    96048,
    98049,
    100050,
    102051,
    104052,
    106053,
    108054,
    110055,
    112056,
    114057,
    116058,
    118059,
    120060,
    122061,
    124062,
    126063,
    128064,
    130065,
    132066,
    134067,
    136068,
    138069,
    140070,
    142071,
    144072,
    146073,
    148074,
    150075,
    152076,
    154077,
    156078,
    158079,
    160080,
    162081,
    164082,
    166083,
    168084,
    170085,
    172086,
    174087,
    176088,
    178089,
    180090,
    182091,
    184092,
    186093,
    188094,
    190095,
    192096,
    194097,
    196098,
    198099,
    200100
  ],
  "typical": {
    "estimate": 498.4027322573382,
    "lower_bound": 497.54665750473595,
    "unit": "ns",
    "upper_bound": 499.2968451702535
  },
  "change": {
    "change": "NoChange",
    "mean": {
      "estimate": 0.005379005097148282,
      "lower_bound": 0.0027066987693204424,
      "unit": "%",
      "upper_bound": 0.007990855831311388
    },
    "median": {
      "estimate": 0.010055551917873997,
      "lower_bound": 0.004320131841493824,
      "unit": "%",
      "upper_bound": 0.012191965481229472
    }
  },
  "slope": {
    "estimate": 498.4027322573382,
    "lower_bound": 497.54665750473595,
    "unit": "ns",
    "upper_bound": 499.2968451702535
  },
  "median_abs_dev": {
    "estimate": 3.9042303849719096,
    "lower_bound": 2.302753980681743,
    "unit": "ns",
    "upper_bound": 4.786032201086074
  },
  "measured_values": [
    1023584.0,
    1991792.0,
    2978250.0,
    3968250.0,
    4970083.0,
    5962708.0,
    6899459.0,
    7919292.0,
    8908959.0,
    9828542.0,
    11002625.0,
    12074542.0,
    13068208.0,
    14059250.0,
    15079542.0,
    16075584.0,
    17086792.0,
    18122459.0,
    19054750.0,
    20133083.0,
    21132834.0,
    22180833.0,
    23067791.0,
    24158000.0,
    25220042.0,
    26167083.0,
    27129542.0,
    28017667.0,
    29075709.0,
    30048917.0,
    31128417.0,
    32033125.0,
    33127292.0,
    34119042.0,
    35081500.0,
    36162500.0,
    36870458.0,
    37673542.0,
    38707000.0,
    39614792.0,
    40532542.0,
    41695667.0,
    43064209.0,
    44065875.0,
    45122375.0,
    46004750.0,
    46670917.0,
    47840792.0,
    49246584.0,
    50077667.0,
    50605959.0,
    51545417.0,
    52632208.0,
    53544625.0,
    54527083.0,
    56047583.0,
    57295500.0,
    58527417.0,
    59351459.0,
    60106458.0,
    61216750.0,
    61451875.0,
    62527208.0,
    63440125.0,
    64519333.0,
    65363917.0,
    66400542.0,
    67369417.0,
    68684375.0,
    70352416.0,
    71301167.0,
    72466833.0,
    72571791.0,
    74191875.0,
    75269209.0,
    76320208.0,
    77233250.0,
    78313750.0,
    79308000.0,
    80258000.0,
    81052750.0,
    81654833.0,
    83186750.0,
    84263958.0,
    85294750.0,
    85386750.0,
    86122875.0,
    86945875.0,
    88151875.0,
    89072458.0,
    90072625.0,
    91158917.0,
    92213375.0,
    92776500.0,
    95144459.0,
    96538084.0,
    97679542.0,
    97066458.0,
    98018916.0,
    99557416.0
  ],
  "unit": "ns",
  "mean": {
    "estimate": 499.108375378375,
    "lower_bound": 498.42064378883504,
    "unit": "ns",
    "upper_bound": 499.80151515391776
  },
  "report_directory": "/Volumes/Files/_ranim/ranim-bench/ranim/target/criterion/reports/extract/arc",
  "median": {
    "estimate": 500.38190624891047,
    "lower_bound": 497.61873063468266,
    "unit": "ns",
    "upper_bound": 501.0775486881184
  },
  "throughput": []
}