{
  "median": {
    "estimate": 512.8919475491695,
    "lower_bound": 511.3440197428834,
    "unit": "ns",
    "upper_bound": 514.1707136580765
  },
  "iteration_count": [
    1936,
    3872,
    5808,
    7744,
    9680,
    11616,
    13552,
    15488,
    17424,
    19360,
    21296,
    23232,
    25168,
    27104,
    29040,
    30976,
    32912,
    34848,
    36784,
    38720,
    40656,
    42592,
    44528,
    46464,
    48400,
    50336,
    52272,
    54208,
    56144,
    58080,
    60016,
    61952,
    63888,
    65824,
    67760,
    69696,
    71632,
    73568,
    75504,
    77440,
    79376,
    81312,
    83248,
    85184,
    87120,
    89056,
    90992,
    92928,
    94864,
    96800,
    98736,
    100672,
    102608,
    104544,
    106480,
    108416,
    110352,
    112288,
    114224,
    116160,
    118096,
    120032,
    121968,
    123904,
    125840,
    127776,
    129712,
    131648,
    133584,
    135520,
    137456,
    139392,
    141328,
    143264,
    145200,
    147136,
    149072,
    151008,
    152944,
    154880,
    156816,
    158752,
    160688,
    162624,
    164560,
    166496,
    168432,
    170368,
    172304,
    174240,
    176176,
    178112,
    180048,
    181984,
    183920,
    185856,
    187792,
    189728,
    191664,
    193600
  ],
  "typical": {
    "estimate": 511.20514734546725,
    "lower_bound": 510.2267720409172,
    "unit": "ns",
    "upper_bound": 512.6732181455775
  },
  "measured_values": [
    1024583.0,
    2009041.0,
    2992083.0,
    3989875.0,
    4991375.0,
    6050459.0,
    6995500.0,
    8021209.0,
    8962458.0,
    10027583.0,
    11012250.0,
    12009458.0,
    12981500.0,
    14013416.0,
    14863458.0,
    15949084.0,
    16956958.0,
    17953333.0,
    18816416.0,
    19906291.0,
    20903458.0,
    21872709.0,
    23010500.0,
    23793250.0,
    25042833.0,
    26024291.0,
    26858833.0,
    27962292.0,
    29013750.0,
    29877041.0,
    30989000.0,
    31916292.0,
    32936375.0,
    33824333.0,
    34612459.0,
    35738833.0,
    36617000.0,
    37889500.0,
    38923625.0,
    39653500.0,
    40658375.0,
    41666291.0,
    42494083.0,
    43492916.0,
    44548291.0,
    45710375.0,
    46876792.0,
    47246000.0,
    48286792.0,
    49120833.0,
    50295875.0,
    51178291.0,
    52746167.0,
    53837750.0,
    54846750.0,
    55813709.0,
    56715750.0,
    57737042.0,
    58730459.0,
    59837125.0,
    60542709.0,
    61752208.0,
    62819000.0,
    63752375.0,
    64793917.0,
    64943167.0,
    66227917.0,
    67190542.0,
    68148209.0,
    69123417.0,
    70104750.0,
    70984500.0,
    71974083.0,
    73480083.0,
    74953708.0,
    75463708.0,
    75852958.0,
    76873417.0,
    77883583.0,
    78513833.0,
    79815458.0,
    80714459.0,
    81696792.0,
    82736250.0,
    83577083.0,
    84518917.0,
    85585917.0,
    86444959.0,
    87661917.0,
    88716375.0,
    89458167.0,
    90776917.0,
    95990875.0,
    92838417.0,
    93887875.0,
    94880584.0,
    95741125.0,
    96826084.0,
    97852167.0,
    98750958.0
  ],
  "median_abs_dev": {
    "estimate": 3.9040837403456106,
    "lower_bound": 2.990211792818883,
    "unit": "ns",
    "upper_bound": 4.714221272464112
  },
  "report_directory": "/Volumes/Files/_ranim/ranim-bench/ranim/target/criterion/reports/extract/circle",
  "throughput": [],
  "unit": "ns",
  "slope": {
    "estimate": 511.20514734546725,
    "lower_bound": 510.2267720409172,
    "unit": "ns",
    "upper_bound": 512.6732181455775
  },
  "change": {
    "change": "NoChange",
    "mean": {
      "estimate": 0.004151289952593729,
      "lower_bound": 0.0019711240985587587,
      "unit": "%",
      "upper_bound": 0.0061831731384712416
    },
    "median": {
      "estimate": 0.005016918113986968,
      "lower_bound": 0.001184240817618365,
      "unit": "%",
      "upper_bound": 0.007881875822495
    }
  },
  "mean": {
    "estimate": 512.9727982069845,
    "lower_bound": 512.2003593924787,
    "unit": "ns",
    "upper_bound": 513.8064890699779
  }
}