{
  "median": {
    "estimate": 365.7555377661372,
    "lower_bound": 365.3271832999714,
    "unit": "ns",
    "upper_bound": 366.32240031186086
  },
  "slope": {
    "estimate": 365.31917951594306,
    "lower_bound": 364.9085519807686,
    "unit": "ns",
    "upper_bound": 365.7188320236992
  },
  "change": {
    "change": "NoChange",
    "mean": {
      "estimate": -0.005742329927904133,
      "lower_bound": -0.008297406165299172,
      "unit": "%",
      "upper_bound": -0.0033064977563824986
    },
    "median": {
      "estimate": -0.004743536821399941,
      "lower_bound": -0.007211334080023501,
      "unit": "%",
      "upper_bound": -0.0020608546406575353
    }
  },
  "measured_values": [
    1023833.0,
    2007875.0,
    2989584.0,
    3940083.0,
    4977000.0,
    5884708.0,
    6669000.0,
    7963667.0,
    8814834.0,
    9890583.0,
    10860083.0,
    11889125.0,
    12821084.0,
    13845000.0,
    14765042.0,
    15685625.0,
    16749667.0,
    17682042.0,
    18593083.0,
    19678667.0,
    20617125.0,
    21600000.0,
    22622083.0,
    23550125.0,
    24658166.0,
    25569833.0,
    26452209.0,
    27483125.0,
    28596333.0,
    29511417.0,
    30530833.0,
    31625208.0,
    32547875.0,
    33500250.0,
    34487125.0,
    35589167.0,
    36484708.0,
    37478875.0,
    38723500.0,
    39443042.0,
    40522458.0,
    41472541.0,
    42010625.0,
    43468500.0,
    44443167.0,
    45358334.0,
    46317000.0,
    47422500.0,
    48380583.0,
    49338292.0,
    50345292.0,
    51475125.0,
    52386792.0,
    53284459.0,
    54365667.0,
    54317583.0,
    55413791.0,
    56452666.0,
    57466166.0,
    58395458.0,
    59819375.0,
    60989000.0,
    61901333.0,
    62864375.0,
    63877458.0,
    64779542.0,
    65814709.0,
    66759500.0,
    67867709.0,
    68751375.0,
    69761459.0,
    70681792.0,
    71599250.0,
    72745375.0,
    73622084.0,
    74712083.0,
    75378666.0,
    76982292.0,
    78153208.0,
    79087875.0,
    79871458.0,
    80747667.0,
    81784709.0,
    82698708.0,
    84027625.0,
    84856834.0,
    85919417.0,
    86577167.0,
    87474708.0,
    88435625.0,
    89345459.0,
    90348583.0,
    91342250.0,
    92214167.0,
    93254167.0,
    94171875.0,
    95166666.0,
    96027333.0,
    96335375.0,
    97485917.0
  ],
  "median_abs_dev": {
    "estimate": 1.545354905527872,
    "lower_bound": 1.2414294593728208,
    "unit": "ns",
    "upper_bound": 1.8389752979555316
  },
  "report_directory": "/Volumes/Files/_ranim/ranim-bench/ranim/target/criterion/reports/extract/rectangle",
  "iteration_count": [
    2690,
    5380,
    8070,
    10760,
    13450,
    16140,
    18830,
    21520,
    24210,
    26900,
    29590,
    32280,
    34970,
    37660,
    40350,
    43040,
    45730,
    48420,
    51110,
    53800,
    56490,
    59180,
    61870,
    64560,
    67250,
    69940,
    72630,
    75320,
    78010,
    80700,
    83390,
    86080,
    88770,
    91460,
    94150,
    96840,
    99530,
    102220,
    104910,
    107600,
    110290,
    112980,
    115670,
    118360,
    121050,
    123740,
    126430,
    129120,
    131810,
    134500,
    137190,
    139880,
    142570,
    145260,
    147950,
    150640,
    153330,
    156020,
    158710,
    161400,
    164090,
    166780,
    169470,
    172160,
    174850,
    177540,
    180230,
    182920,
    185610,
    188300,
    190990,
    193680,
    196370,
    199060,
    201750,
    204440,
    207130,
    209820,
    212510,
    215200,
    217890,
    220580,
    223270,
    225960,
    228650,
    231340,
    234030,
    236720,
    239410,
    242100,
    244790,
    247480,
    250170,
    252860,
    255550,
    258240,
    260930,
    263620,
    266310,
    269000
  ],
  "typical": {
    "estimate": 365.31917951594306,
    "lower_bound": 364.9085519807686,
    "unit": "ns",
    "upper_bound": 365.7188320236992
  },
  "unit": "ns",
  "mean": {
    "estimate": 365.895750378724,
    "lower_bound": 365.38507743181503,
    "unit": "ns",
    "upper_bound": 366.4293357354604
  },
  "throughput": []
}