{
  "measured_values": [
    1024042.0,
    2027375.0,
    2972417.0,
    3991208.0,
    4956459.0,
    5988042.0,
    7001042.0,
    7936208.0,
    8971250.0,
    9986500.0,
    10930042.0,
    11971959.0,
    12983417.0,
    14042959.0,
    15032708.0,
    16070500.0,
    16918875.0,
    17951084.0,
    18918166.0,
    19912375.0,
    20913917.0,
    21865000.0,
    22972458.0,
    23899834.0,
    24864791.0,
    25907500.0,
    26926417.0,
    27884708.0,
    28825375.0,
    29701917.0,
    30649125.0,
    31499250.0,
    32627917.0,
    33581250.0,
    34676833.0,
    35427584.0,
    36848625.0,
    37906208.0,
    38758834.0,
    39792500.0,
    40919125.0,
    41716792.0,
    42507458.0,
    43817584.0,
    44914875.0,
    45838042.0,
    46866500.0,
    47814833.0,
    48850750.0,
    49800417.0,
    50766375.0,
    51824875.0,
    52320541.0,
    53809666.0,
    54889958.0,
    55825125.0,
    56788250.0,
    57872750.0,
    58830334.0,
    59758333.0,
    60782625.0,
    61151000.0,
    62588167.0,
    63870458.0,
    64797708.0,
    65693834.0,
    66741375.0,
    67813291.0,
    68719208.0,
    69795959.0,
    70616250.0,
    71669334.0,
    72690125.0,
    73668541.0,
    74665458.0,
    75673334.0,
    76598625.0,
    77745625.0,
    77980833.0,
    79723042.0,
    80670792.0,
    81720792.0,
    82761500.0,
    83662625.0,
    84579000.0,
    84998875.0,
    85091750.0,
    86267291.0,
    87191500.0,
    88171958.0,
    89086291.0,
    90602875.0,
    91400750.0,
    92491500.0,
    93353667.0,
    94112167.0,
    95057292.0,
    96205708.0,
    97104625.0,
    97612917.0
  ],
  "median_abs_dev": {
    "estimate": 4.064435120679239,
    "lower_bound": 2.61007846105538,
    "unit": "ns",
    "upper_bound": 5.666838479292016
  },
  "slope": {
    "estimate": 1428.288102034084,
    "lower_bound": 1425.4095516894893,
    "unit": "ns",
    "upper_bound": 1431.4114267777657
  },
  "mean": {
    "estimate": 1433.7603078768952,
    "lower_bound": 1431.7363308040904,
    "unit": "ns",
    "upper_bound": 1435.7923154930331
  },
  "iteration_count": [
    693,
    1386,
    2079,
    2772,
    3465,
    4158,
    4851,
    5544,
    6237,
    6930,
    7623,
    8316,
    9009,
    9702,
    10395,
    11088,
    11781,
    12474,
    13167,
    13860,
    14553,
    15246,
    15939,
    16632,
    17325,
    18018,
    18711,
    19404,
    20097,
    20790,
    21483,
    22176,
    22869,
    23562,
    24255,
    24948,
    25641,
    26334,
    27027,
    27720,
    28413,
    29106,
    29799,
    30492,
    31185,
    31878,
    32571,
    33264,
    33957,
    34650,
    35343,
    36036,
    36729,
    37422,
    38115,
    38808,
    39501,
    40194,
    40887,
    41580,
    42273,
    42966,
    43659,
    44352,
    45045,
    45738,
    46431,
    47124,
    47817,
    48510,
    49203,
    49896,
    50589,
    51282,
    51975,
    52668,
    53361,
    54054,
    54747,
    55440,
    56133,
    56826,
    57519,
    58212,
    58905,
    59598,
    60291,
    60984,
    61677,
    62370,
    63063,
    63756,
    64449,
    65142,
    65835,
    66528,
    67221,
    67914,
    68607,
    69300
  ],
  "change": {
    "change": "NoChange",
    "mean": {
      "estimate": -0.008777075006286883,
      "lower_bound": -0.010689178012510982,
      "unit": "%",
      "upper_bound": -0.00692874554463603
    },
    "median": {
      "estimate": -0.005945674608573981,
      "lower_bound": -0.00758288170737742,
      "unit": "%",
      "upper_bound": -0.005118447013984529
    }
  },
  "throughput": [],
  "report_directory": "/Volumes/Files/_ranim/ranim-bench/ranim/target/criterion/reports/extract/polygon/40",
  "typical": {
    "estimate": 1428.288102034084,
    "lower_bound": 1425.4095516894893,
    "unit": "ns",
    "upper_bound": 1431.4114267777657
  },
  "unit": "ns",
  "median": {
    "estimate": 1436.927527888144,
    "lower_bound": 1436.08093797666,
    "unit": "ns",
    "upper_bound": 1437.3185832074423
  }
}