{
  "median_abs_dev": {
    "estimate": 0.7761954150926803,
    "lower_bound": 0.5835996501526419,
    "unit": "ns",
    "upper_bound": 1.0683991289365604
  },
  "unit": "ns",
  "median": {
    "estimate": 263.3730064085281,
    "lower_bound": 263.15623490825703,
    "unit": "ns",
    "upper_bound": 263.58718152112687
  },
  "report_directory": "/home/user/workspaces/ranim-bench/ranim/target/criterion/reports/extract/rectangle",
  "measured_values": [
    994153.0,
    1954402.0,
    2926394.0,
    3899747.0,
    4911454.0,
    5845463.0,
    6832904.0,
    7814744.0,
    8758812.0,
    9734581.0,
    10758971.0,
    11697359.0,
    12660764.0,
    13643656.0,
    14631827.0,
    15581818.0,
    16574978.0,
    17599838.0,
    18557583.0,
    19517241.0,
    20519610.0,
    21539310.0,
    22567057.0,
    23478034.0,
    24421972.0,
    25375059.0,
    26421289.0,
    27342916.0,
    28385790.0,
    29357120.0,
    30309374.0,
    31225271.0,
    32258136.0,
    33127455.0,
    34047890.0,
    35258818.0,
    36182389.0,
    37016863.0,
    37932278.0,
    39020006.0,
    39972512.0,
    40941958.0,
    41893641.0,
    42923902.0,
    43915019.0,
    44820726.0,
    45837441.0,
    46779557.0,
    47754804.0,
    48691680.0,
    49693667.0,
    50796614.0,
    51664540.0,
    52654535.0,
    53690546.0,
    54576998.0,
    55539331.0,
    56729371.0,
    57680253.0,
    58476625.0,
    59449768.0,
    60502000.0,
    61549614.0,
    62616643.0,
    63576080.0,
    64503719.0,
    65409887.0,
    66474622.0,
    67323252.0,
    68315130.0,
    69315064.0,
    70235770.0,
    71252205.0,
    72436844.0,
    73244297.0,
    74413809.0,
    75240668.0,
    76281759.0,
    77316619.0,
    78250759.0,
    79094610.0,
    80636429.0,
    81553788.0,
    82571425.0,
    83524631.0,
    84562897.0,
    85678578.0,
    86449412.0,
    87453013.0,
    88432158.0,
    89437812.0,
    90450319.0,
    91367698.0,
    92404331.0,
    93416127.0,
    94261601.0,
    95305077.0,
    96590705.0,
    97683683.0,
    98537524.0
  ],
  "change": {
    "change": "Improved",
    "mean": {
      "estimate": -0.028382835300810427,
      "lower_bound": -0.031141817148508277,
      "unit": "%",
      "upper_bound": -0.02568325354941284
    },
    "median": {
      "estimate": -0.02656297709899058,
      "lower_bound": -0.030583268009393372,
      "unit": "%",
      "upper_bound": -0.024459063439194795
    }
  },
  "iteration_count": [
    3709,
    7418,
    11127,
    14836,
    18545,
    22254,
    25963,
    29672,
    33381,
    37090,
    40799,
    44508,
    48217,
    51926,
    55635,
    59344,
    63053,
    66762,
    70471,
    74180,
    77889,
    81598,
    85307,
    89016,
    92725,
    96434,
    100143,
    103852,
    107561,
    111270,
    114979,
    118688,
    122397,
    126106,
    129815,
    133524,
    137233,
    140942,
    144651,
    148360,
    152069,
    155778,
    159487,
    163196,
    166905,
    170614,
    174323,
    178032,
    181741,
    185450,
    189159,
    192868,
    196577,
    200286,
    203995,
    207704,
    211413,
    215122,
    218831,
    222540,
    226249,
    229958,
    233667,
    237376,
    241085,
    244794,
    248503,
    252212,
    255921,
    259630,
    263339,
    267048,
    270757,
    274466,
    278175,
    281884,
    285593,
    289302,
    293011,
    296720,
    300429,
    304138,
    307847,
    311556,
    315265,
    318974,
    322683,
    326392,
    330101,
    333810,
    337519,
    341228,
    344937,
    348646,
    352355,
    356064,
    359773,
    363482,
    367191,
    370900
  ],
  "mean": {
    "estimate": 263.62620605991486,
    "lower_bound": 263.43701265106455,
    "unit": "ns",
    "upper_bound": 263.82965332414005
  },
  "throughput": [],
  "slope": {
    "estimate": 264.1532109399799,
    "lower_bound": 263.8674982859579,
    "unit": "ns",
    "upper_bound": 264.40702109703403
  },
  "typical": {
    "estimate": 264.1532109399799,
    "lower_bound": 263.8674982859579,
    "unit": "ns",
    "upper_bound": 264.40702109703403
  }
}