{
  "median": {
    "estimate": 915141878.5,
    "lower_bound": 876106125.0,
    "unit": "ns",
    "upper_bound": 1330816375.3492064
  },
  "median_abs_dev": {
    "estimate": 95017722.20264822,
    "lower_bound": 2830514.4364916026,
    "unit": "ns",
    "upper_bound": 331255049.6126138
  },
  "throughput": [],
  "measured_values": [
    837818416.0,
    1728576375.0,
    2684622125.0,
    3566725625.0,
    4380530625.0,
    5612458292.0,
    9329023250.0,
    10703428208.0,
    11960236292.0,
    13289309917.0
  ],
  "slope": {
    "estimate": 1230283005.5324676,
    "lower_bound": 1049754570.4657792,
    "unit": "ns",
    "upper_bound": 1309151888.5150216
  },
  "mean": {
    "estimate": 1062867016.0148412,
    "lower_bound": 927429821.9166667,
    "unit": "ns",
    "upper_bound": 1200428796.396746
  },
  "typical": {
    "estimate": 1230283005.5324676,
    "lower_bound": 1049754570.4657792,
    "unit": "ns",
    "upper_bound": 1309151888.5150216
  },
  "iteration_count": [
    1,
    2,
    3,
    4,
    5,
    6,
    7,
    8,
    9,
    10
  ],
  "report_directory": "/Volumes/Files/_ranim/ranim-bench/ranim/target/criterion/reports/render/static_squares/10",
  "unit": "ns",
  "change": {
    "change": "NoChange",
    "mean": {
      "estimate": -0.03828963995253054,
      "lower_bound": -0.19490452615470116,
      "unit": "%",
      "upper_bound": 0.15897192668045698
    },
    "median": {
      "estimate": -0.11513589686118776,
      "lower_bound": -0.3472585506417173,
      "unit": "%",
      "upper_bound": 0.4896244808415264
    }
  }
}