{
  "iteration_count": [
    3224,
    6448,
    9672,
    12896,
    16120,
    19344,
    22568,
    25792,
    29016,
    32240,
    35464,
    38688,
    41912,
    45136,
    48360,
    51584,
    54808,
    58032,
    61256,
    64480,
    67704,
    70928,
    74152,
    77376,
    80600,
    83824,
    87048,
    90272,
    93496,
    96720,
    99944,
    103168,
    106392,
    109616,
    112840,
    116064,
    119288,
    122512,
    125736,
    128960,
    132184,
    135408,
    138632,
    141856,
    145080,
    148304,
    151528,
    154752,
    157976,
    161200,
    164424,
    167648,
    170872,
    174096,
    177320,
    180544,
    183768,
    186992,
    190216,
    193440,
    196664,
    199888,
    203112,
    206336,
    209560,
    212784,
    216008,
    219232,
    222456,
    225680,
    228904,
    232128,
    235352,
    238576,
    241800,
    245024,
    248248,
    251472,
    254696,
    257920,
    261144,
    264368,
    267592,
    270816,
    274040,
    277264,
    280488,
    283712,
    286936,
    290160,
    293384,
    296608,
    299832,
    303056,
    306280,
    309504,
    312728,
    315952,
    319176,
    322400
  ],
  "unit": "ns",
  "throughput": [],
  "typical": {
    "estimate": 305.7852826728823,
    "lower_bound": 305.470676578735,
    "unit": "ns",
    "upper_bound": 306.151331965885
  },
  "median_abs_dev": {
    "estimate": 0.7836120288920503,
    "lower_bound": 0.5454065306277606,
    "unit": "ns",
    "upper_bound": 1.1386098011255548
  },
  "slope": {
    "estimate": 305.7852826728823,
    "lower_bound": 305.470676578735,
    "unit": "ns",
    "upper_bound": 306.151331965885
  },
  "report_directory": "/home/user/workspaces/ranim-bench/ranim/target/criterion/reports/extract/arc",
  "measured_values": [
    987096.0,
    1970816.0,
    2970946.0,
    4025609.0,
    4950969.0,
    5950518.0,
    6977829.0,
    7937183.0,
    8951770.0,
    9875497.0,
    10933998.0,
    11936072.0,
    12913820.0,
    13829191.0,
    14941382.0,
    15889925.0,
    16898212.0,
    17806168.0,
    18808754.0,
    19847857.0,
    20781763.0,
    21744654.0,
    22837087.0,
    23774831.0,
    24793105.0,
    25798886.0,
    26738613.0,
    27741158.0,
    28769301.0,
    29773649.0,
    30730959.0,
    31647933.0,
    32708196.0,
    33709890.0,
    34763471.0,
    35650468.0,
    36658454.0,
    37660388.0,
    38628387.0,
    39654447.0,
    40581289.0,
    41593652.0,
    42579005.0,
    43581870.0,
    44584345.0,
    45529953.0,
    46580678.0,
    47524964.0,
    48501841.0,
    49415809.0,
    50490229.0,
    51404799.0,
    52358742.0,
    53380975.0,
    54451537.0,
    55402355.0,
    56263714.0,
    57379121.0,
    58279996.0,
    59326963.0,
    60239350.0,
    61323978.0,
    62297820.0,
    63288281.0,
    64284294.0,
    65418477.0,
    66325211.0,
    67485433.0,
    68374625.0,
    69295216.0,
    70463071.0,
    71363705.0,
    72316806.0,
    73302981.0,
    74194697.0,
    75204175.0,
    76265511.0,
    77285378.0,
    77852474.0,
    78628764.0,
    79632601.0,
    80438496.0,
    81363305.0,
    82454476.0,
    83367733.0,
    84320044.0,
    85440621.0,
    86331266.0,
    87403081.0,
    88195841.0,
    89294487.0,
    90227992.0,
    91291902.0,
    92254523.0,
    93248200.0,
    94330405.0,
    95172427.0,
    96433258.0,
    97458015.0,
    98434430.0
  ],
  "mean": {
    "estimate": 306.7082510481284,
    "lower_bound": 306.44047112148877,
    "unit": "ns",
    "upper_bound": 306.9755443850351
  },
  "change": {
    "change": "Improved",
    "mean": {
      "estimate": -0.027902857982428086,
      "lower_bound": -0.02912145841544443,
      "unit": "%",
      "upper_bound": -0.026647002531590067
    },
    "median": {
      "estimate": -0.02723790644349533,
      "lower_bound": -0.028401046267839347,
      "unit": "%",
      "upper_bound": -0.02644436042526699
    }
  },
  "median": {
    "estimate": 307.05027598184193,
    "lower_bound": 306.8174699164866,
    "unit": "ns",
    "upper_bound": 307.17127496159753
  }
}