{
  "measured_values": [
    1024046.0,
    1953904.0,
    2933055.0,
    3908699.0,
    4893170.0,
    5887691.0,
    6864296.0,
    7848407.0,
    8789286.0,
    9811849.0,
    10775300.0,
    11757567.0,
    12750975.0,
    13770031.0,
    14681595.0,
    15631331.0,
    16667769.0,
    17905016.0,
    18876943.0,
    19874329.0,
    20911940.0,
    21864220.0,
    22908032.0,
    23802775.0,
    24829746.0,
    25772680.0,
    26822493.0,
    27779402.0,
    28807085.0,
    29789071.0,
    30775616.0,
    31833384.0,
    32818297.0,
    33663846.0,
    34710926.0,
    35634622.0,
    36586672.0,
    37582424.0,
    38616158.0,
    39541498.0,
    40526159.0,
    41798232.0,
    42908909.0,
    43812750.0,
    44820433.0,
    45794826.0,
    46750232.0,
    47734122.0,
    48652990.0,
    49711049.0,
    50755353.0,
    51753269.0,
    52665084.0,
    53791291.0,
    54832409.0,
    55754042.0,
    56779079.0,
    57696905.0,
    58786042.0,
    59677439.0,
    60759854.0,
    61801402.0,
    62770314.0,
    63777037.0,
    64699721.0,
    65241621.0,
    66204180.0,
    67276776.0,
    68137896.0,
    69169596.0,
    70124091.0,
    71187881.0,
    72209522.0,
    72925248.0,
    73998936.0,
    74905741.0,
    76104475.0,
    76946909.0,
    77969882.0,
    78927373.0,
    79789824.0,
    81538682.0,
    82607583.0,
    83636678.0,
    84634844.0,
    85592315.0,
    86843337.0,
    87678146.0,
    88743710.0,
    89695318.0,
    90557560.0,
    91566087.0,
    92555346.0,
    93625439.0,
    94516024.0,
    95298885.0,
    95991958.0,
    96648783.0,
    97688428.0,
    98800138.0
  ],
  "unit": "ns",
  "typical": {
    "estimate": 202.48637694151992,
    "lower_bound": 202.26053237138345,
    "unit": "ns",
    "upper_bound": 202.70982148779217
  },
  "iteration_count": [
    4900,
    9800,
    14700,
    19600,
    24500,
    29400,
    34300,
    39200,
    44100,
    49000,
    53900,
    58800,
    63700,
    68600,
    73500,
    78400,
    83300,
    88200,
    93100,
    98000,
    102900,
    107800,
    112700,
    117600,
    122500,
    127400,
    132300,
    137200,
    142100,
    147000,
    151900,
    156800,
    161700,
    166600,
    171500,
    176400,
    181300,
    186200,
    191100,
    196000,
    200900,
    205800,
    210700,
    215600,
    220500,
    225400,
    230300,
    235200,
    240100,
    245000,
    249900,
    254800,
    259700,
    264600,
    269500,
    274400,
    279300,
    284200,
    289100,
    294000,
    298900,
    303800,
    308700,
    313600,
    318500,
    323400,
    328300,
    333200,
    338100,
    343000,
    347900,
    352800,
    357700,
    362600,
    367500,
    372400,
    377300,
    382200,
    387100,
    392000,
    396900,
    401800,
    406700,
    411600,
    416500,
    421400,
    426300,
    431200,
    436100,
    441000,
    445900,
    450800,
    455700,
    460600,
    465500,
    470400,
    475300,
    480200,
    485100,
    490000
  ],
  "mean": {
    "estimate": 202.2140954326364,
    "lower_bound": 201.9468046654911,
    "unit": "ns",
    "upper_bound": 202.49275994778588
  },
  "report_directory": "/home/user/workspaces/ranim-bench/ranim/target/criterion/reports/extract/square",
  "slope": {
    "estimate": 202.48637694151992,
    "lower_bound": 202.26053237138345,
    "unit": "ns",
    "upper_bound": 202.70982148779217
  },
  "change": {
    "change": "Improved",
    "mean": {
      "estimate": -0.06048240665295279,
      "lower_bound": -0.06259448063917045,
      "unit": "%",
      "upper_bound": -0.05847565494053486
    },
    "median": {
      "estimate": -0.05764959462911812,
      "lower_bound": -0.0613375924705134,
      "unit": "%",
      "upper_bound": -0.05491725839686934
    }
  },
  "median": {
    "estimate": 202.64155067333056,
    "lower_bound": 202.01032879818595,
    "unit": "ns",
    "upper_bound": 202.93350423096064
  },
  "median_abs_dev": {
    "estimate": 1.0188720133413156,
    "lower_bound": 0.5998751629488172,
    "unit": "ns",
    "upper_bound": 1.5156146167345397
  },
  "throughput": []
}