{
  "measured_values": [
    991210.0,
    1978564.0,
    2969273.0,
    3982224.0,
    4957494.0,
    5942303.0,
    6930968.0,
    7927900.0,
    8916054.0,
    9891856.0,
    10915306.0,
    11891007.0,
    12882378.0,
    13903414.0,
    14864358.0,
    15868283.0,
    16850486.0,
    17833121.0,
    18845881.0,
    19836250.0,
    20817542.0,
    21838738.0,
    22828546.0,
    23789701.0,
    24849859.0,
    25812978.0,
    26779542.0,
    27771954.0,
    28827876.0,
    29762500.0,
    30780391.0,
    31876186.0,
    32805210.0,
    33862874.0,
    34950625.0,
    35989054.0,
    36875589.0,
    37914609.0,
    38872086.0,
    39880979.0,
    40827756.0,
    41864092.0,
    42843430.0,
    43922784.0,
    44862850.0,
    45885438.0,
    46840492.0,
    47877779.0,
    48852758.0,
    49515115.0,
    50511836.0,
    51464925.0,
    52438483.0,
    53455201.0,
    54664287.0,
    55450836.0,
    56506266.0,
    57590760.0,
    58399280.0,
    59426187.0,
    60436764.0,
    61364546.0,
    62404007.0,
    63447744.0,
    64367412.0,
    65571611.0,
    66510824.0,
    67452533.0,
    68519364.0,
    69463857.0,
    70665060.0,
    71706353.0,
    72832446.0,
    73629944.0,
    74411053.0,
    75428021.0,
    76381541.0,
    77476796.0,
    78440495.0,
    79354573.0,
    80423368.0,
    81162869.0,
    82259406.0,
    83458855.0,
    84358634.0,
    85242324.0,
    86477120.0,
    87267245.0,
    88238498.0,
    89344523.0,
    90289288.0,
    91243610.0,
    92300803.0,
    93263892.0,
    94329561.0,
    95350758.0,
    96572017.0,
    97753883.0,
    98608730.0,
    99809802.0
  ],
  "slope": {
    "estimate": 394.6123352402129,
    "lower_bound": 394.3856505601144,
    "unit": "ns",
    "upper_bound": 394.85553191074655
  },
  "report_directory": "/home/user/workspaces/ranim-bench/ranim/target/criterion/reports/extract/arc",
  "unit": "ns",
  "typical": {
    "estimate": 394.6123352402129,
    "lower_bound": 394.3856505601144,
    "unit": "ns",
    "upper_bound": 394.85553191074655
  },
  "iteration_count": [
    2517,
    5034,
    7551,
    10068,
    12585,
    15102,
    17619,
    20136,
    22653,
    25170,
    27687,
    30204,
    32721,
    35238,
    37755,
    40272,
    42789,
    45306,
    47823,
    50340,
    52857,
    55374,
    57891,
    60408,
    62925,
    65442,
    67959,
    70476,
    72993,
    75510,
    78027,
    80544,
    83061,
    85578,
    88095,
    90612,
    93129,
    95646,
    98163,
    100680,
    103197,
    105714,
    108231,
    110748,
    113265,
    115782,
    118299,
    120816,
    123333,
    125850,
    128367,
    130884,
    133401,
    135918,
    138435,
    140952,
    143469,
    145986,
    148503,
    151020,
    153537,
    156054,
    158571,
    161088,
    163605,
    166122,
    168639,
    171156,
    173673,
    176190,
    178707,
    181224,
    183741,
    186258,
    188775,
    191292,
    193809,
    196326,
    198843,
    201360,
    203877,
    206394,
    208911,
    211428,
    213945,
    216462,
    218979,
    221496,
    224013,
    226530,
    229047,
    231564,
    234081,
    236598,
    239115,
    241632,
    244149,
    246666,
    249183,
    251700
  ],
  "median_abs_dev": {
    "estimate": 0.9102587755009832,
    "lower_bound": 0.6224582995548659,
    "unit": "ns",
    "upper_bound": 1.2936763032725027
  },
  "change": {
    "change": "NoChange",
    "mean": {
      "estimate": 0.00220531154184056,
      "lower_bound": 0.000848984627030786,
      "unit": "%",
      "upper_bound": 0.00339722625796498
    },
    "median": {
      "estimate": 0.001458379026813672,
      "lower_bound": 0.0005407482684678389,
      "unit": "%",
      "upper_bound": 0.0029068462569223907
    }
  },
  "throughput": [],
  "mean": {
    "estimate": 394.5290817105698,
    "lower_bound": 394.33355783774954,
    "unit": "ns",
    "upper_bound": 394.7319446177678
  },
  "median": {
    "estimate": 394.2779761487432,
    "lower_bound": 394.07567488446983,
    "unit": "ns",
    "upper_bound": 394.48384533558897
  }
}