{
  "unit": "ns",
  "median_abs_dev": {
    "estimate": 0.593016491253521,
    "lower_bound": 0.4439141942969517,
    "unit": "ns",
    "upper_bound": 0.7471497010211812
  },
  "slope": {
    "estimate": 252.70933072093027,
    "lower_bound": 252.61254572241484,
    "unit": "ns",
    "upper_bound": 252.79838918683637
  },
  "change": {
    "change": "NoChange",
    "mean": {
      "estimate": -0.004951637780475804,
      "lower_bound": -0.005835518125805808,
      "unit": "%",
      "upper_bound": -0.004160822131128073
    },
    "median": {
      "estimate": -0.005488771034195428,
      "lower_bound": -0.0061846665528157985,
      "unit": "%",
      "upper_bound": -0.004876021737219793
    }
  },
  "typical": {
    "estimate": 252.70933072093027,
    "lower_bound": 252.61254572241484,
    "unit": "ns",
    "upper_bound": 252.79838918683637
  },
  "measured_values": [
    987243.0,
    1998189.0,
    3003095.0,
    3997029.0,
    5012465.0,
    6013363.0,
    6999122.0,
    8009027.0,
    9002811.0,
    10015822.0,
    11013835.0,
    12007058.0,
    12995172.0,
    14007792.0,
    15004943.0,
    16006832.0,
    17025132.0,
    17858107.0,
    18860228.0,
    19840748.0,
    20830594.0,
    21840890.0,
    22786936.0,
    23792552.0,
    24826452.0,
    25807633.0,
    26779086.0,
    27809539.0,
    28754021.0,
    29730293.0,
    30685237.0,
    31736519.0,
    32717409.0,
    33630994.0,
    34590114.0,
    35584279.0,
    36609422.0,
    37603017.0,
    38674236.0,
    39596998.0,
    40563742.0,
    41578937.0,
    42571820.0,
    43567649.0,
    44545824.0,
    45527185.0,
    46565763.0,
    47505047.0,
    48507798.0,
    49425030.0,
    50492913.0,
    51439720.0,
    52394211.0,
    53433952.0,
    54380650.0,
    55432853.0,
    56459499.0,
    57409172.0,
    58394250.0,
    59527685.0,
    60446691.0,
    61411220.0,
    62373406.0,
    63393269.0,
    64469929.0,
    65473471.0,
    66430168.0,
    67426276.0,
    68421183.0,
    69584284.0,
    70490627.0,
    71408780.0,
    72352432.0,
    73393013.0,
    74574498.0,
    75412983.0,
    76415545.0,
    77347343.0,
    78409635.0,
    79403029.0,
    80352321.0,
    81416869.0,
    82420682.0,
    83401233.0,
    84428781.0,
    85404703.0,
    86453951.0,
    87412219.0,
    88466768.0,
    89413404.0,
    90377534.0,
    91410662.0,
    92428611.0,
    93299156.0,
    94316056.0,
    95255219.0,
    96169154.0,
    97061950.0,
    97975335.0,
    99064929.0
  ],
  "median": {
    "estimate": 252.69593140617343,
    "lower_bound": 252.60568176826467,
    "unit": "ns",
    "upper_bound": 252.84322938208288
  },
  "mean": {
    "estimate": 252.94512036109353,
    "lower_bound": 252.762729118153,
    "unit": "ns",
    "upper_bound": 253.1387408599392
  },
  "iteration_count": [
    3925,
    7850,
    11775,
    15700,
    19625,
    23550,
    27475,
    31400,
    35325,
    39250,
    43175,
    47100,
    51025,
    54950,
    58875,
    62800,
    66725,
    70650,
    74575,
    78500,
    82425,
    86350,
    90275,
    94200,
    98125,
    102050,
    105975,
    109900,
    113825,
    117750,
    121675,
    125600,
    129525,
    133450,
    137375,
    141300,
    145225,
    149150,
    153075,
    157000,
    160925,
    164850,
    168775,
    172700,
    176625,
    180550,
    184475,
    188400,
    192325,
    196250,
    200175,
    204100,
    208025,
    211950,
    215875,
    219800,
    223725,
    227650,
    231575,
    235500,
    239425,
    243350,
    247275,
    251200,
    255125,
    259050,
    262975,
    266900,
    270825,
    274750,
    278675,
    282600,
    286525,
    290450,
    294375,
    298300,
    302225,
    306150,
    310075,
    314000,
    317925,
    321850,
    325775,
    329700,
    333625,
    337550,
    341475,
    345400,
    349325,
    353250,
    357175,
    361100,
    365025,
    368950,
    372875,
    376800,
    380725,
    384650,
    388575,
    392500
  ],
  "throughput": [],
  "report_directory": "/home/user/workspaces/ranim-bench/ranim/target/criterion/reports/extract/rectangle"
}