{
  "id": "eval/eval_transform_squares/10",
  "iteration_count": [
    1765,
    3530,
    5295,
    7060,
    8825,
    10590,
    12355,
    14120,
    15885,
    17650
  ],
  "measured_values": [
    90038333.0,
    179917416.0,
    276811083.0,
    361363708.0,
    446065458.0,
    548701042.0,
    633279000.0,
    731886167.0,
    805305875.0,
    899327250.0
  ],
  "unit": "ns",
  "typical": {
    "estimate": 51178.93013354917,
    "lower_bound": 50874.8976729612,
    "upper_bound": 51602.23107355441,
    "unit": "ns"
  },
  "mean": {
    "estimate": 51254.218088875394,
    "lower_bound": 50949.097703493855,
    "upper_bound": 51591.41345490635,
    "unit": "ns"
  },
  "median": {
    "estimate": 51098.94050991502,
    "lower_bound": 50832.05058231036,
    "upper_bound": 51813.12955618508,
    "unit": "ns"
  },
  "median_abs_dev": {
    "estimate": 415.79915928475606,
    "lower_bound": 44.35535921253418,
    "upper_bound": 878.2165244085319,
    "unit": "ns"
  }
}