{
  "id": "eval/eval_transform_squares/100",
  "iteration_count": [
    14,
    28,
    42,
    56,
    70,
    84,
    98,
    112,
    126,
    140
  ],
  "measured_values": [
    90307917.0,
    176799666.0,
    272016709.0,
    341919292.0,
    449568584.0,
    539254333.0,
    627131500.0,
    688613666.0,
    784716875.0,
    915474417.0
  ],
  "unit": "ns",
  "typical": {
    "estimate": 6350098.206864564,
    "lower_bound": 6224815.8057976505,
    "upper_bound": 6473401.869048315,
    "unit": "ns"
  },
  "mean": {
    "estimate": 6350388.403032879,
    "lower_bound": 6261939.449897959,
    "upper_bound": 6431971.733866213,
    "unit": "ns"
  },
  "median": {
    "estimate": 6409497.730442177,
    "lower_bound": 6227911.706349206,
    "upper_bound": 6450565.5,
    "unit": "ns"
  },
  "median_abs_dev": {
    "estimate": 120323.75436382668,
    "lower_bound": 19141.273626603554,
    "upper_bound": 240647.50872765333,
    "unit": "ns"
  }
}