{
  "change": {
    "change": "Regressed",
    "mean": {
      "estimate": 0.037696795156774376,
      "lower_bound": 0.036568313507576805,
      "unit": "%",
      "upper_bound": 0.038943139239470466
    },
    "median": {
      "estimate": 0.03894266038869909,
      "lower_bound": 0.03743205482931766,
      "unit": "%",
      "upper_bound": 0.03991059301157706
    }
  },
  "slope": {
    "estimate": 351.8956236739188,
    "lower_bound": 351.3359915936703,
    "unit": "ns",
    "upper_bound": 352.3871902657327
  },
  "measured_values": [
    986653.0,
    2000317.0,
    2995817.0,
    4004332.0,
    5009730.0,
    6033333.0,
    7004126.0,
    7999286.0,
    9001688.0,
    9991958.0,
    10999631.0,
    11965946.0,
    12999037.0,
    14000988.0,
    14960300.0,
    15973974.0,
    17006423.0,
    17908156.0,
    18900851.0,
    19900959.0,
    20898583.0,
    21908741.0,
    22944606.0,
    23996733.0,
    24967055.0,
    25940805.0,
    26885307.0,
    27879114.0,
    28865357.0,
    29873089.0,
    30879730.0,
    31863949.0,
    32848779.0,
    33939999.0,
    35175122.0,
    35939264.0,
    36966755.0,
    37974077.0,
    38956472.0,
    39943445.0,
    40964995.0,
    41949603.0,
    42931257.0,
    43933560.0,
    45057483.0,
    45965066.0,
    46956599.0,
    47922972.0,
    48941576.0,
    49470785.0,
    50468359.0,
    51401121.0,
    52394155.0,
    53379486.0,
    54392669.0,
    55361128.0,
    56293318.0,
    57376514.0,
    58313372.0,
    59300656.0,
    60341673.0,
    61286557.0,
    62309147.0,
    63371313.0,
    64243490.0,
    65815588.0,
    66782894.0,
    67915703.0,
    68706336.0,
    69800422.0,
    70696564.0,
    71946674.0,
    72690469.0,
    73702430.0,
    74680377.0,
    75661790.0,
    76720309.0,
    77841245.0,
    78722639.0,
    79715593.0,
    80832973.0,
    82199233.0,
    83181939.0,
    84473057.0,
    85246476.0,
    86326726.0,
    87390465.0,
    88274855.0,
    89324006.0,
    90448971.0,
    91340193.0,
    92363654.0,
    93597814.0,
    94381374.0,
    95356666.0,
    96583973.0,
    97326565.0,
    98647951.0,
    99643761.0,
    100763916.0
  ],
  "median": {
    "estimate": 351.54377200704226,
    "lower_bound": 351.1134389671362,
    "unit": "ns",
    "upper_bound": 351.740184496034
  },
  "unit": "ns",
  "report_directory": "/home/user/workspaces/ranim-bench/ranim/target/criterion/reports/extract/circle",
  "throughput": [],
  "typical": {
    "estimate": 351.8956236739188,
    "lower_bound": 351.3359915936703,
    "unit": "ns",
    "upper_bound": 352.3871902657327
  },
  "mean": {
    "estimate": 351.3054392273324,
    "lower_bound": 350.9515368959484,
    "unit": "ns",
    "upper_bound": 351.65742089865495
  },
  "median_abs_dev": {
    "estimate": 1.384459027987438,
    "lower_bound": 1.0414115966104454,
    "unit": "ns",
    "upper_bound": 1.8397928781352464
  },
  "iteration_count": [
    2840,
    5680,
    8520,
    11360,
    14200,
    17040,
    19880,
    22720,
    25560,
    28400,
    31240,
    34080,
    36920,
    39760,
    42600,
    45440,
    48280,
    51120,
    53960,
    56800,
    59640,
    62480,
    65320,
    68160,
    71000,
    73840,
    76680,
    79520,
    82360,
    85200,
    88040,
    90880,
    93720,
    96560,
    99400,
    102240,
    105080,
    107920,
    110760,
    113600,
    116440,
    119280,
    122120,
    124960,
    127800,
    130640,
    133480,
    136320,
    139160,
    142000,
    144840,
    147680,
    150520,
    153360,
    156200,
    159040,
    161880,
    164720,
    167560,
    170400,
    173240,
    176080,
    178920,
    181760,
    184600,
    187440,
    190280,
    193120,
    195960,
    198800,
    201640,
    204480,
    207320,
    210160,
    213000,
    215840,
    218680,
    221520,
    224360,
    227200,
    230040,
    232880,
    235720,
    238560,
    241400,
    244240,
    247080,
    249920,
    252760,
    255600,
    258440,
    261280,
    264120,
    266960,
    269800,
    272640,
    275480,
    278320,
    281160,
    284000
  ]
}