{
  "unit": "ns",
  "slope": {
    "estimate": 195.70727524323075,
    "lower_bound": 195.35526448528864,
    "unit": "ns",
    "upper_bound": 196.02315035782
  },
  "median": {
    "estimate": 196.49137602244116,
    "lower_bound": 196.20269939741624,
    "unit": "ns",
    "upper_bound": 196.7432428206924
  },
  "report_directory": "/home/user/workspaces/ranim-bench/ranim/target/criterion/reports/extract/rectangle",
  "measured_values": [
    983678.0,
    1964300.0,
    2953408.0,
    3917198.0,
    4929981.0,
    5941902.0,
    6889532.0,
    7924316.0,
    8823824.0,
    9856796.0,
    10773477.0,
    11762955.0,
    12864295.0,
    13780265.0,
    14782388.0,
    15731630.0,
    16699147.0,
    17876051.0,
    19076628.0,
    19930350.0,
    20794452.0,
    21935006.0,
    22970511.0,
    23913763.0,
    24833750.0,
    25928828.0,
    26998438.0,
    27824259.0,
    28879972.0,
    29853020.0,
    31084987.0,
    31884146.0,
    32953436.0,
    32780549.0,
    33715685.0,
    34618410.0,
    35652974.0,
    36619348.0,
    37517955.0,
    38488149.0,
    39472156.0,
    40642297.0,
    41452707.0,
    42356213.0,
    43270139.0,
    44190146.0,
    45234528.0,
    46185374.0,
    47288828.0,
    48474898.0,
    49462002.0,
    50334280.0,
    51156082.0,
    52282068.0,
    53064987.0,
    54228264.0,
    54960136.0,
    55940677.0,
    57018974.0,
    58005036.0,
    59048157.0,
    59995064.0,
    60841754.0,
    61690667.0,
    62548426.0,
    65102178.0,
    65961382.0,
    67003589.0,
    68004760.0,
    68936870.0,
    69754966.0,
    70998173.0,
    71687706.0,
    72749962.0,
    73690808.0,
    74635913.0,
    75729288.0,
    76711433.0,
    77686192.0,
    78697632.0,
    79651344.0,
    80452457.0,
    81444079.0,
    82418890.0,
    83605892.0,
    84365497.0,
    85504427.0,
    86552797.0,
    87223674.0,
    88004308.0,
    89291889.0,
    90280175.0,
    91261809.0,
    92230027.0,
    93262587.0,
    94370409.0,
    95347816.0,
    95322517.0,
    96263144.0,
    97321082.0
  ],
  "median_abs_dev": {
    "estimate": 2.5706924666684774,
    "lower_bound": 0.9660974836547256,
    "unit": "ns",
    "upper_bound": 3.8668697448861176
  },
  "typical": {
    "estimate": 195.70727524323075,
    "lower_bound": 195.35526448528864,
    "unit": "ns",
    "upper_bound": 196.02315035782
  },
  "mean": {
    "estimate": 195.95531323337025,
    "lower_bound": 195.5021155018101,
    "unit": "ns",
    "upper_bound": 196.4093842556036
  },
  "change": {
    "change": "Regressed",
    "mean": {
      "estimate": 0.04206327096073048,
      "lower_bound": 0.03889208386208112,
      "unit": "%",
      "upper_bound": 0.04537418613967508
    },
    "median": {
      "estimate": 0.047290934417488995,
      "lower_bound": 0.0455479111882439,
      "unit": "%",
      "upper_bound": 0.049210316067598736
    }
  },
  "iteration_count": [
    4997,
    9994,
    14991,
    19988,
    24985,
    29982,
    34979,
    39976,
    44973,
    49970,
    54967,
    59964,
    64961,
    69958,
    74955,
    79952,
    84949,
    89946,
    94943,
    99940,
    104937,
    109934,
    114931,
    119928,
    124925,
    129922,
    134919,
    139916,
    144913,
    149910,
    154907,
    159904,
    164901,
    169898,
    174895,
    179892,
    184889,
    189886,
    194883,
    199880,
    204877,
    209874,
    214871,
    219868,
    224865,
    229862,
    234859,
    239856,
    244853,
    249850,
    254847,
    259844,
    264841,
    269838,
    274835,
    279832,
    284829,
    289826,
    294823,
    299820,
    304817,
    309814,
    314811,
    319808,
    324805,
    329802,
    334799,
    339796,
    344793,
    349790,
    354787,
    359784,
    364781,
    369778,
    374775,
    379772,
    384769,
    389766,
    394763,
    399760,
    404757,
    409754,
    414751,
    419748,
    424745,
    429742,
    434739,
    439736,
    444733,
    449730,
    454727,
    459724,
    464721,
    469718,
    474715,
    479712,
    484709,
    489706,
    494703,
    499700
  ],
  "throughput": []
}