{
  "iteration_count": [
    4622,
    9244,
    13866,
    18488,
    23110,
    27732,
    32354,
    36976,
    41598,
    46220,
    50842,
    55464,
    60086,
    64708,
    69330,
    73952,
    78574,
    83196,
    87818,
    92440,
    97062,
    101684,
    106306,
    110928,
    115550,
    120172,
    124794,
    129416,
    134038,
    138660,
    143282,
    147904,
    152526,
    157148,
    161770,
    166392,
    171014,
    175636,
    180258,
    184880,
    189502,
    194124,
    198746,
    203368,
    207990,
    212612,
    217234,
    221856,
    226478,
    231100,
    235722,
    240344,
    244966,
    249588,
    254210,
    258832,
    263454,
    268076,
    272698,
    277320,
    281942,
    286564,
    291186,
    295808,
    300430,
    305052,
    309674,
    314296,
    318918,
    323540,
    328162,
    332784,
    337406,
    342028,
    346650,
    351272,
    355894,
    360516,
    365138,
    369760,
    374382,
    379004,
    383626,
    388248,
    392870,
    397492,
    402114,
    406736,
    411358,
    415980,
    420602,
    425224,
    429846,
    434468,
    439090,
    443712,
    448334,
    452956,
    457578,
    462200
  ],
  "median_abs_dev": {
    "estimate": 1.9340481403150256,
    "lower_bound": 1.5583068506420497,
    "unit": "ns",
    "upper_bound": 2.5077745088998853
  },
  "mean": {
    "estimate": 215.2318347890062,
    "lower_bound": 214.85693775112193,
    "unit": "ns",
    "upper_bound": 215.60918329582668
  },
  "measured_values": [
    990141.0,
    1970231.0,
    2971653.0,
    3971232.0,
    4969586.0,
    5945760.0,
    6949897.0,
    7901955.0,
    8901263.0,
    9933573.0,
    10869972.0,
    11881512.0,
    12843399.0,
    13842426.0,
    14856803.0,
    15816895.0,
    16781117.0,
    17927001.0,
    18938071.0,
    19893546.0,
    20900928.0,
    21951934.0,
    22914692.0,
    23911184.0,
    24886036.0,
    25848443.0,
    26835247.0,
    27801853.0,
    28887333.0,
    29831726.0,
    30996035.0,
    31901827.0,
    32847162.0,
    33952270.0,
    35011300.0,
    36006609.0,
    37010325.0,
    37951804.0,
    39046392.0,
    39911155.0,
    40964844.0,
    41951548.0,
    43060333.0,
    43957608.0,
    45044771.0,
    46018721.0,
    47051191.0,
    47990565.0,
    48977589.0,
    49313304.0,
    50418781.0,
    51350722.0,
    52354106.0,
    53440198.0,
    54372398.0,
    55615927.0,
    56495929.0,
    57380490.0,
    58463396.0,
    59450059.0,
    60497056.0,
    61369424.0,
    62534405.0,
    63456977.0,
    64048374.0,
    64877530.0,
    65884412.0,
    66838945.0,
    67816041.0,
    68848159.0,
    69912770.0,
    70645603.0,
    71758104.0,
    72699102.0,
    73603700.0,
    74577850.0,
    75697616.0,
    76581225.0,
    77413276.0,
    78456737.0,
    79533070.0,
    82505244.0,
    83444358.0,
    84660423.0,
    85641896.0,
    87018667.0,
    87805563.0,
    88830368.0,
    90063268.0,
    90875582.0,
    91942126.0,
    92859649.0,
    94194039.0,
    94557956.0,
    95528509.0,
    96962286.0,
    97565385.0,
    99053236.0,
    99988662.0,
    101141099.0
  ],
  "throughput": [],
  "report_directory": "/home/user/workspaces/ranim-bench/ranim/target/criterion/reports/extract/square",
  "typical": {
    "estimate": 215.8957176109249,
    "lower_bound": 215.15797571436548,
    "unit": "ns",
    "upper_bound": 216.55687154696432
  },
  "median": {
    "estimate": 215.0384289308781,
    "lower_bound": 214.44323866785092,
    "unit": "ns",
    "upper_bound": 215.55407973209415
  },
  "slope": {
    "estimate": 215.8957176109249,
    "lower_bound": 215.15797571436548,
    "unit": "ns",
    "upper_bound": 216.55687154696432
  },
  "unit": "ns",
  "change": {
    "change": "Regressed",
    "mean": {
      "estimate": 0.048752918184821414,
      "lower_bound": 0.044948011055045346,
      "unit": "%",
      "upper_bound": 0.05253790116465309
    },
    "median": {
      "estimate": 0.052687778661135054,
      "lower_bound": 0.04974758594429196,
      "unit": "%",
      "upper_bound": 0.05561286722611025
    }
  }
}