{
  "id": "render/transform_squares/20",
  "iteration_count": [
    1,
    2,
    3,
    4,
    5,
    6,
    7,
    8,
    9,
    10
  ],
  "measured_values": [
    2736295917.0,
    5705813167.0,
    9207270542.0,
    11468097125.0,
    14221322917.0,
    17242718583.0,
    20025869417.0,
    22492252292.0,
    25791840708.0,
    28921161917.0
  ],
  "unit": "ns",
  "typical": {
    "estimate": 2866655424.044156,
    "lower_bound": 2840572410.484042,
    "upper_bound": 2890821615.138298,
    "unit": "ns"
  },
  "mean": {
    "estimate": 2867361427.132619,
    "lower_bound": 2823171436.9009523,
    "upper_bound": 2920973863.6992855,
    "unit": "ns"
  },
  "median": {
    "estimate": 2863299283.404762,
    "lower_bound": 2832219060.0,
    "upper_bound": 2879570236.475,
    "unit": "ns"
  },
  "median_abs_dev": {
    "estimate": 21884544.86670159,
    "lower_bound": 5012781.150030345,
    "upper_bound": 110708492.77795108,
    "unit": "ns"
  }
}