{
  "id": "render/transform_squares/5",
  "iteration_count": [
    1,
    2,
    3,
    4,
    5,
    6,
    7,
    8,
    9,
    10
  ],
  "measured_values": [
    707613167.0,
    1417189583.0,
    2110741250.0,
    2727188708.0,
    3452384542.0,
    4128330959.0,
    4894413458.0,
    5585952750.0,
    6271350167.0,
    6728154625.0
  ],
  "unit": "ns",
  "typical": {
    "estimate": 689576865.812987,
    "lower_bound": 680207538.8382977,
    "upper_bound": 697526613.0117288,
    "unit": "ns"
  },
  "mean": {
    "estimate": 694719578.4443651,
    "lower_bound": 687722629.8804762,
    "upper_bound": 701109812.993254,
    "unit": "ns"
  },
  "median": {
    "estimate": 697530389.4861112,
    "lower_bound": 686137042.7,
    "upper_bound": 703580416.6666666,
    "unit": "ns"
  },
  "median_abs_dev": {
    "estimate": 12252733.053208904,
    "lower_bound": 1768176.4155752447,
    "upper_bound": 19137393.047243357,
    "unit": "ns"
  }
}