{
  "id": "render/static_squares/20",
  "iteration_count": [
    1,
    2,
    3,
    4,
    5,
    6,
    7,
    8,
    9,
    10
  ],
  "measured_values": [
    2032150417.0,
    4241131125.0,
    6206457666.0,
    8416925333.0,
    10358185834.0,
    12238066334.0,
    14644951041.0,
    16317468750.0,
    18456895625.0,
    20601823125.0
  ],
  "unit": "ns",
  "typical": {
    "estimate": 2060274060.6051948,
    "lower_bound": 2049121727.040069,
    "upper_bound": 2076868764.456,
    "unit": "ns"
  },
  "mean": {
    "estimate": 2067984937.3688889,
    "lower_bound": 2051237453.9958336,
    "upper_bound": 2086023494.616111,
    "unit": "ns"
  },
  "median": {
    "estimate": 2064500767.25,
    "lower_bound": 2039683593.75,
    "upper_bound": 2092135863.0,
    "unit": "ns"
  },
  "median_abs_dev": {
    "estimate": 36798293.25897476,
    "lower_bound": 5588696.3067308655,
    "upper_bound": 48379183.01653267,
    "unit": "ns"
  }
}