{
  "id": "render/static_squares/5",
  "iteration_count": [
    1,
    2,
    3,
    4,
    5,
    6,
    7,
    8,
    9,
    10
  ],
  "measured_values": [
    655773542.0,
    1266181042.0,
    1887622042.0,
    2675168500.0,
    3601252583.0,
    3904326125.0,
    4561565458.0,
    5050766750.0,
    5331514042.0,
    6295142958.0
  ],
  "unit": "ns",
  "typical": {
    "estimate": 634431282.0285715,
    "lower_bound": 614729554.9314079,
    "upper_bound": 662289058.7561847,
    "unit": "ns"
  },
  "mean": {
    "estimate": 646273786.9713492,
    "lower_bound": 627774640.0282798,
    "upper_bound": 667333562.7201132,
    "unit": "ns"
  },
  "median": {
    "estimate": 641905770.9166667,
    "lower_bound": 629514295.8,
    "upper_bound": 660222166.6428571,
    "unit": "ns"
  },
  "median_abs_dev": {
    "estimate": 18599141.576109353,
    "lower_bound": 1585267.3655308487,
    "upper_bound": 52931197.1506834,
    "unit": "ns"
  }
}