{
  "typical": {
    "estimate": 302.6132458739559,
    "lower_bound": 301.76957731843953,
    "unit": "ns",
    "upper_bound": 303.56426870689324
  },
  "measured_values": [
    1002370.0,
    1999850.0,
    3004254.0,
    4008106.0,
    5011629.0,
    6010402.0,
    7009956.0,
    8025712.0,
    9013383.0,
    10011325.0,
    11063939.0,
    12043025.0,
    13016160.0,
    14022989.0,
    15007164.0,
    16078603.0,
    17088688.0,
    18172289.0,
    19122562.0,
    20120904.0,
    21091284.0,
    22112780.0,
    23127753.0,
    24130283.0,
    25094732.0,
    26101690.0,
    27131331.0,
    28137478.0,
    29150047.0,
    30102843.0,
    31147222.0,
    32139533.0,
    33120022.0,
    34313761.0,
    35351727.0,
    36386769.0,
    37359803.0,
    38366842.0,
    39412984.0,
    40402369.0,
    41376435.0,
    42382983.0,
    43433153.0,
    44435293.0,
    45419348.0,
    46467002.0,
    47464843.0,
    48651108.0,
    49612822.0,
    49879633.0,
    50866694.0,
    51949274.0,
    52861735.0,
    53929247.0,
    54892213.0,
    55852634.0,
    56910728.0,
    57892599.0,
    58914626.0,
    59872513.0,
    60879391.0,
    61904925.0,
    62918705.0,
    63898243.0,
    64985962.0,
    66155747.0,
    66934567.0,
    67986289.0,
    68968121.0,
    69947327.0,
    70837397.0,
    71910519.0,
    72893312.0,
    73901343.0,
    74845664.0,
    75853473.0,
    76806431.0,
    77774877.0,
    78860303.0,
    79918657.0,
    80954600.0,
    81971578.0,
    82220334.0,
    82063911.0,
    83036605.0,
    84030028.0,
    84978968.0,
    86115119.0,
    86849856.0,
    87942044.0,
    88933353.0,
    90024079.0,
    91069750.0,
    91890780.0,
    92732870.0,
    93681829.0,
    94642211.0,
    96790880.0,
    97731654.0,
    98749693.0
  ],
  "throughput": [],
  "change": {
    "change": "NoChange",
    "mean": {
      "estimate": 0.0030280081007503235,
      "lower_bound": 0.0008557439166814618,
      "unit": "%",
      "upper_bound": 0.005056335867010308
    },
    "median": {
      "estimate": 0.0034246942698161753,
      "lower_bound": 0.002279036503442411,
      "unit": "%",
      "upper_bound": 0.005613079594235959
    }
  },
  "median_abs_dev": {
    "estimate": 1.805066870697586,
    "lower_bound": 1.1232098578707113,
    "unit": "ns",
    "upper_bound": 2.634532071970566
  },
  "iteration_count": [
    3276,
    6552,
    9828,
    13104,
    16380,
    19656,
    22932,
    26208,
    29484,
    32760,
    36036,
    39312,
    42588,
    45864,
    49140,
    52416,
    55692,
    58968,
    62244,
    65520,
    68796,
    72072,
    75348,
    78624,
    81900,
    85176,
    88452,
    91728,
    95004,
    98280,
    101556,
    104832,
    108108,
    111384,
    114660,
    117936,
    121212,
    124488,
    127764,
    131040,
    134316,
    137592,
    140868,
    144144,
    147420,
    150696,
    153972,
    157248,
    160524,
    163800,
    167076,
    170352,
    173628,
    176904,
    180180,
    183456,
    186732,
    190008,
    193284,
    196560,
    199836,
    203112,
    206388,
    209664,
    212940,
    216216,
    219492,
    222768,
    226044,
    229320,
    232596,
    235872,
    239148,
    242424,
    245700,
    248976,
    252252,
    255528,
    258804,
    262080,
    265356,
    268632,
    271908,
    275184,
    278460,
    281736,
    285012,
    288288,
    291564,
    294840,
    298116,
    301392,
    304668,
    307944,
    311220,
    314496,
    317772,
    321048,
    324324,
    327600
  ],
  "report_directory": "/home/user/workspaces/ranim-bench/ranim/target/criterion/reports/extract/arc",
  "mean": {
    "estimate": 304.8535432947069,
    "lower_bound": 304.23533950160726,
    "unit": "ns",
    "upper_bound": 305.4391369009471
  },
  "median": {
    "estimate": 305.20808419521654,
    "lower_bound": 304.8709427146927,
    "unit": "ns",
    "upper_bound": 305.869881969882
  },
  "slope": {
    "estimate": 302.6132458739559,
    "lower_bound": 301.76957731843953,
    "unit": "ns",
    "upper_bound": 303.56426870689324
  },
  "unit": "ns"
}