{
  "mean": {
    "estimate": 196.57559157166335,
    "lower_bound": 196.2243088833876,
    "unit": "ns",
    "upper_bound": 196.93627514928767
  },
  "report_directory": "/home/user/workspaces/ranim-bench/ranim/target/criterion/reports/extract/square",
  "unit": "ns",
  "typical": {
    "estimate": 196.80696346250755,
    "lower_bound": 196.33225933713632,
    "unit": "ns",
    "upper_bound": 197.2510173276992
  },
  "iteration_count": [
    5072,
    10144,
    15216,
    20288,
    25360,
    30432,
    35504,
    40576,
    45648,
    50720,
    55792,
    60864,
    65936,
    71008,
    76080,
    81152,
    86224,
    91296,
    96368,
    101440,
    106512,
    111584,
    116656,
    121728,
    126800,
    131872,
    136944,
    142016,
    147088,
    152160,
    157232,
    162304,
    167376,
    172448,
    177520,
    182592,
    187664,
    192736,
    197808,
    202880,
    207952,
    213024,
    218096,
    223168,
    228240,
    233312,
    238384,
    243456,
    248528,
    253600,
    258672,
    263744,
    268816,
    273888,
    278960,
    284032,
    289104,
    294176,
    299248,
    304320,
    309392,
    314464,
    319536,
    324608,
    329680,
    334752,
    339824,
    344896,
    349968,
    355040,
    360112,
    365184,
    370256,
    375328,
    380400,
    385472,
    390544,
    395616,
    400688,
    405760,
    410832,
    415904,
    420976,
    426048,
    431120,
    436192,
    441264,
    446336,
    451408,
    456480,
    461552,
    466624,
    471696,
    476768,
    481840,
    486912,
    491984,
    497056,
    502128,
    507200
  ],
  "measured_values": [
    1022076.0,
    1995923.0,
    3006869.0,
    3996674.0,
    4993343.0,
    5991185.0,
    7018291.0,
    7976808.0,
    8962636.0,
    9949336.0,
    10921870.0,
    11960037.0,
    12924125.0,
    13909353.0,
    14923233.0,
    15902210.0,
    16898979.0,
    18152890.0,
    19158356.0,
    20137100.0,
    21157835.0,
    22178799.0,
    23225292.0,
    24196193.0,
    25205525.0,
    26192375.0,
    27249689.0,
    28195471.0,
    29238517.0,
    30198588.0,
    31313368.0,
    32345945.0,
    33299002.0,
    33491974.0,
    34497900.0,
    35465645.0,
    36425274.0,
    37420480.0,
    38411629.0,
    39430139.0,
    40385130.0,
    41395895.0,
    42359102.0,
    43351682.0,
    44458227.0,
    45348538.0,
    46282969.0,
    47273046.0,
    48289111.0,
    49516954.0,
    50570559.0,
    51419952.0,
    52425698.0,
    53466350.0,
    54599575.0,
    55467061.0,
    56475603.0,
    57463195.0,
    58427052.0,
    59472362.0,
    60432072.0,
    61460861.0,
    62478429.0,
    63594052.0,
    64431301.0,
    65296423.0,
    66328168.0,
    67470710.0,
    68305045.0,
    69329316.0,
    70410574.0,
    71479688.0,
    72418529.0,
    73414577.0,
    74333029.0,
    75287178.0,
    76186465.0,
    77329999.0,
    78262287.0,
    79208181.0,
    80313434.0,
    82679170.0,
    83715874.0,
    84672779.0,
    85730552.0,
    86570467.0,
    87713090.0,
    88748000.0,
    89683004.0,
    90925744.0,
    91760149.0,
    92699280.0,
    93922674.0,
    94710442.0,
    95856240.0,
    96911409.0,
    97999399.0,
    97556128.0,
    98578646.0,
    99577057.0
  ],
  "change": {
    "change": "NoChange",
    "mean": {
      "estimate": -0.0074547335222419076,
      "lower_bound": -0.009214518978087468,
      "unit": "%",
      "upper_bound": -0.005644558173295643
    },
    "median": {
      "estimate": -0.010613690329646984,
      "lower_bound": -0.012774612527446829,
      "unit": "%",
      "upper_bound": -0.007776025335466508
    }
  },
  "throughput": [],
  "median": {
    "estimate": 195.933082363959,
    "lower_bound": 195.51465728247135,
    "unit": "ns",
    "upper_bound": 196.50428824921136
  },
  "median_abs_dev": {
    "estimate": 2.00916922022995,
    "lower_bound": 1.0259701747566343,
    "unit": "ns",
    "upper_bound": 3.0451284267810936
  },
  "slope": {
    "estimate": 196.80696346250755,
    "lower_bound": 196.33225933713632,
    "unit": "ns",
    "upper_bound": 197.2510173276992
  }
}