{
  "unit": "ns",
  "typical": {
    "estimate": 1386.960887654879,
    "lower_bound": 1381.978874961423,
    "unit": "ns",
    "upper_bound": 1392.1715187875843
  },
  "report_directory": "E:\\_ranim\\ranim-bench\\ranim\\target\\criterion\\reports\\extract\\polygon\\10",
  "mean": {
    "estimate": 1385.0485869723373,
    "lower_bound": 1380.0859690934458,
    "unit": "ns",
    "upper_bound": 1390.4763533679218
  },
  "median_abs_dev": {
    "estimate": 15.250365129548529,
    "lower_bound": 11.116138441531442,
    "unit": "ns",
    "upper_bound": 22.158704010618383
  },
  "change": {
    "change": "Improved",
    "mean": {
      "estimate": -0.018900747954815555,
      "lower_bound": -0.02496128872865003,
      "unit": "%",
      "upper_bound": -0.012769266696387983
    },
    "median": {
      "estimate": -0.02265141787659319,
      "lower_bound": -0.02834339683705145,
      "unit": "%",
      "upper_bound": -0.016473778117501836
    }
  },
  "measured_values": [
    1066100.0,
    1927300.0,
    2905300.0,
    3848100.0,
    5011200.0,
    6290600.0,
    6761700.0,
    7818900.0,
    8686400.0,
    9699400.0,
    10753200.0,
    11538000.0,
    12620500.0,
    13555300.0,
    14497500.0,
    16334900.0,
    16526600.0,
    17446800.0,
    18607200.0,
    19711900.0,
    20418100.0,
    21287400.0,
    23164400.0,
    23245000.0,
    24363800.0,
    25239100.0,
    26091100.0,
    27179800.0,
    28130500.0,
    29049500.0,
    29998500.0,
    30967500.0,
    34114700.0,
    33716800.0,
    33952700.0,
    34937800.0,
    35974400.0,
    36929700.0,
    37722400.0,
    40693900.0,
    39898100.0,
    42227200.0,
    42089300.0,
    42907500.0,
    45486600.0,
    45166400.0,
    46653500.0,
    46519400.0,
    47485100.0,
    49538900.0,
    50048400.0,
    51662200.0,
    53985600.0,
    52756400.0,
    54082500.0,
    54544100.0,
    57954700.0,
    56484500.0,
    57630300.0,
    58758700.0,
    61711200.0,
    60738000.0,
    61117200.0,
    62768600.0,
    63339800.0,
    64611000.0,
    65755400.0,
    68145800.0,
    67354900.0,
    69268500.0,
    69683400.0,
    72502400.0,
    73613500.0,
    72795200.0,
    73989200.0,
    74252300.0,
    75538600.0,
    76626400.0,
    77236200.0,
    77585600.0,
    78674000.0,
    79949700.0,
    81219800.0,
    81722600.0,
    86129100.0,
    83095300.0,
    87034900.0,
    87107400.0,
    86553400.0,
    87673800.0,
    88348800.0,
    89375800.0,
    90921400.0,
    94198400.0,
    93419100.0,
    97536800.0,
    94548700.0,
    97156200.0,
    98374200.0,
    99428800.0
  ],
  "median": {
    "estimate": 1376.314399555226,
    "lower_bound": 1372.0469483568074,
    "unit": "ns",
    "upper_bound": 1380.3420357672348
  },
  "slope": {
    "estimate": 1386.960887654879,
    "lower_bound": 1381.978874961423,
    "unit": "ns",
    "upper_bound": 1392.1715187875843
  },
  "iteration_count": [
    710,
    1420,
    2130,
    2840,
    3550,
    4260,
    4970,
    5680,
    6390,
    7100,
    7810,
    8520,
    9230,
    9940,
    10650,
    11360,
    12070,
    12780,
    13490,
    14200,
    14910,
    15620,
    16330,
    17040,
    17750,
    18460,
    19170,
    19880,
    20590,
    21300,
    22010,
    22720,
    23430,
    24140,
    24850,
    25560,
    26270,
    26980,
    27690,
    28400,
    29110,
    29820,
    30530,
    31240,
    31950,
    32660,
    33370,
    34080,
    34790,
    35500,
    36210,
    36920,
    37630,
    38340,
    39050,
    39760,
    40470,
    41180,
    41890,
    42600,
    43310,
    44020,
    44730,
    45440,
    46150,
    46860,
    47570,
    48280,
    48990,
    49700,
    50410,
    51120,
    51830,
    52540,
    53250,
    53960,
    54670,
    55380,
    56090,
    56800,
    57510,
    58220,
    58930,
    59640,
    60350,
    61060,
    61770,
    62480,
    63190,
    63900,
    64610,
    65320,
    66030,
    66740,
    67450,
    68160,
    68870,
    69580,
    70290,
    71000
  ],
  "throughput": []
}