{
  "median_abs_dev": {
    "estimate": 35.224461101639434,
    "lower_bound": 25.954134341273942,
    "unit": "ns",
    "upper_bound": 45.26645138293249
  },
  "iteration_count": [
    476,
    952,
    1428,
    1904,
    2380,
    2856,
    3332,
    3808,
    4284,
    4760,
    5236,
    5712,
    6188,
    6664,
    7140,
    7616,
    8092,
    8568,
    9044,
    9520,
    9996,
    10472,
    10948,
    11424,
    11900,
    12376,
    12852,
    13328,
    13804,
    14280,
    14756,
    15232,
    15708,
    16184,
    16660,
    17136,
    17612,
    18088,
    18564,
    19040,
    19516,
    19992,
    20468,
    20944,
    21420,
    21896,
    22372,
    22848,
    23324,
    23800,
    24276,
    24752,
    25228,
    25704,
    26180,
    26656,
    27132,
    27608,
    28084,
    28560,
    29036,
    29512,
    29988,
    30464,
    30940,
    31416,
    31892,
    32368,
    32844,
    33320,
    33796,
    34272,
    34748,
    35224,
    35700,
    36176,
    36652,
    37128,
    37604,
    38080,
    38556,
    39032,
    39508,
    39984,
    40460,
    40936,
    41412,
    41888,
    42364,
    42840,
    43316,
    43792,
    44268,
    44744,
    45220,
    45696,
    46172,
    46648,
    47124,
    47600
  ],
  "report_directory": "E:\\_ranim\\ranim-bench\\ranim\\target\\criterion\\reports\\extract\\polygon\\20",
  "typical": {
    "estimate": 2102.7557753705887,
    "lower_bound": 2092.1956177802363,
    "unit": "ns",
    "upper_bound": 2114.2202375164297
  },
  "slope": {
    "estimate": 2102.7557753705887,
    "lower_bound": 2092.1956177802363,
    "unit": "ns",
    "upper_bound": 2114.2202375164297
  },
  "mean": {
    "estimate": 2089.4192133952197,
    "lower_bound": 2080.5315044301597,
    "unit": "ns",
    "upper_bound": 2098.853433930209
  },
  "throughput": [],
  "measured_values": [
    1040200.0,
    1970500.0,
    2922800.0,
    3939600.0,
    4829500.0,
    5822300.0,
    6842800.0,
    7767700.0,
    8879400.0,
    9859000.0,
    10973700.0,
    12123700.0,
    12853000.0,
    13700800.0,
    14668400.0,
    15573600.0,
    16825800.0,
    17523900.0,
    18556000.0,
    19432700.0,
    20523000.0,
    21363700.0,
    22449800.0,
    25350600.0,
    26109600.0,
    25357700.0,
    26592100.0,
    27664500.0,
    28747700.0,
    29146200.0,
    30496000.0,
    31281800.0,
    32256800.0,
    33241200.0,
    34678500.0,
    35301600.0,
    36664300.0,
    37408200.0,
    37842100.0,
    39047300.0,
    42467300.0,
    40979700.0,
    42022100.0,
    42822400.0,
    44140100.0,
    46477400.0,
    46033000.0,
    48709600.0,
    47757500.0,
    48893400.0,
    50505800.0,
    52140700.0,
    51999800.0,
    54330500.0,
    58779700.0,
    55079600.0,
    55841400.0,
    56556600.0,
    62896700.0,
    58940800.0,
    62274400.0,
    62559800.0,
    63236200.0,
    63234700.0,
    65228500.0,
    64831600.0,
    68921800.0,
    68371600.0,
    68352700.0,
    69553800.0,
    69520000.0,
    71937800.0,
    74875300.0,
    72978000.0,
    74847200.0,
    75678900.0,
    74993300.0,
    76168400.0,
    77947400.0,
    78895700.0,
    81918500.0,
    84928800.0,
    83938400.0,
    85814600.0,
    85053600.0,
    86952300.0,
    87335700.0,
    88603900.0,
    88617500.0,
    89132800.0,
    91868400.0,
    98013900.0,
    93374400.0,
    92866300.0,
    93473300.0,
    98011100.0,
    99031300.0,
    97788800.0,
    98490100.0,
    98782200.0
  ],
  "unit": "ns",
  "median": {
    "estimate": 2075.3795816198817,
    "lower_bound": 2068.090405752944,
    "unit": "ns",
    "upper_bound": 2081.7794685441745
  },
  "change": {
    "change": "Improved",
    "mean": {
      "estimate": -0.02806109430323045,
      "lower_bound": -0.03653327971599557,
      "unit": "%",
      "upper_bound": -0.01962960606331415
    },
    "median": {
      "estimate": -0.04100656528375224,
      "lower_bound": -0.05518808841496366,
      "unit": "%",
      "upper_bound": -0.014007494285171784
    }
  }
}