{
  "iteration_count": [
    2518,
    5036,
    7554,
    10072,
    12590,
    15108,
    17626,
    20144,
    22662,
    25180,
    27698,
    30216,
    32734,
    35252,
    37770,
    40288,
    42806,
    45324,
    47842,
    50360,
    52878,
    55396,
    57914,
    60432,
    62950,
    65468,
    67986,
    70504,
    73022,
    75540,
    78058,
    80576,
    83094,
    85612,
    88130,
    90648,
    93166,
    95684,
    98202,
    100720,
    103238,
    105756,
    108274,
    110792,
    113310,
    115828,
    118346,
    120864,
    123382,
    125900,
    128418,
    130936,
    133454,
    135972,
    138490,
    141008,
    143526,
    146044,
    148562,
    151080,
    153598,
    156116,
    158634,
    161152,
    163670,
    166188,
    168706,
    171224,
    173742,
    176260,
    178778,
    181296,
    183814,
    186332,
    188850,
    191368,
    193886,
    196404,
    198922,
    201440,
    203958,
    206476,
    208994,
    211512,
    214030,
    216548,
    219066,
    221584,
    224102,
    226620,
    229138,
    231656,
    234174,
    236692,
    239210,
    241728,
    244246,
    246764,
    249282,
    251800
  ],
  "typical": {
    "estimate": 401.16386975502405,
    "lower_bound": 400.4169970950912,
    "unit": "ns",
    "upper_bound": 401.872167118034
  },
  "throughput": [],
  "median": {
    "estimate": 396.8797546553702,
    "lower_bound": 396.1217094618552,
    "unit": "ns",
    "upper_bound": 400.86095923305686
  },
  "unit": "ns",
  "median_abs_dev": {
    "estimate": 4.735526031801375,
    "lower_bound": 3.1877417044960827,
    "unit": "ns",
    "upper_bound": 5.694565723247234
  },
  "report_directory": "/home/user/workspaces/ranim-bench/ranim/target/criterion/reports/extract/polygon/10",
  "measured_values": [
    995533.0,
    1998650.0,
    2990757.0,
    3963266.0,
    4950212.0,
    5943631.0,
    6946898.0,
    7911471.0,
    8941641.0,
    9893370.0,
    10932477.0,
    11907420.0,
    12906610.0,
    13919546.0,
    14912935.0,
    15856999.0,
    16848905.0,
    17890566.0,
    18866061.0,
    19866854.0,
    20847087.0,
    21818364.0,
    22806863.0,
    23786776.0,
    24750087.0,
    25814321.0,
    26784255.0,
    27768607.0,
    28753078.0,
    29780863.0,
    30809349.0,
    31745948.0,
    32755737.0,
    33935733.0,
    35005578.0,
    35996431.0,
    36963109.0,
    37989832.0,
    38994953.0,
    39960067.0,
    40943026.0,
    41930333.0,
    42956034.0,
    44056086.0,
    44971265.0,
    46131883.0,
    47032515.0,
    47958214.0,
    48977272.0,
    49820825.0,
    50774527.0,
    51783085.0,
    52817301.0,
    53887337.0,
    54815189.0,
    55809277.0,
    56826451.0,
    57788549.0,
    58865578.0,
    60861042.0,
    61836667.0,
    62864141.0,
    63957901.0,
    64962591.0,
    65985677.0,
    66864687.0,
    68376567.0,
    69930687.0,
    70002394.0,
    70946969.0,
    71976494.0,
    72980762.0,
    73982406.0,
    75005782.0,
    75962010.0,
    77031814.0,
    78138078.0,
    79180992.0,
    80143071.0,
    81023614.0,
    82072178.0,
    82852409.0,
    83820629.0,
    84869009.0,
    85878357.0,
    86805639.0,
    87823204.0,
    88834577.0,
    90010194.0,
    91010616.0,
    91867604.0,
    92930756.0,
    93901591.0,
    94966977.0,
    95923009.0,
    96956223.0,
    97935475.0,
    100210793.0,
    101333168.0,
    102584058.0
  ],
  "slope": {
    "estimate": 401.16386975502405,
    "lower_bound": 400.4169970950912,
    "unit": "ns",
    "upper_bound": 401.872167118034
  },
  "mean": {
    "estimate": 398.2381903246595,
    "lower_bound": 397.4740394613617,
    "unit": "ns",
    "upper_bound": 399.0246185894763
  },
  "change": {
    "change": "NoChange",
    "mean": {
      "estimate": -0.004670116429494664,
      "lower_bound": -0.006577016098153454,
      "unit": "%",
      "upper_bound": -0.0023435036892767735
    },
    "median": {
      "estimate": -0.005984923941068532,
      "lower_bound": -0.008150917700846971,
      "unit": "%",
      "upper_bound": 0.004066419125867693
    }
  }
}