{
  "median": {
    "estimate": 1233.692417347385,
    "lower_bound": 1231.8730643656718,
    "unit": "ns",
    "upper_bound": 1235.4353233830846
  },
  "measured_values": [
    1104550.0,
    1977006.0,
    2993557.0,
    3950504.0,
    5010138.0,
    5938841.0,
    6922761.0,
    7977856.0,
    8906559.0,
    9981382.0,
    11013152.0,
    11929572.0,
    12964469.0,
    13940132.0,
    14970460.0,
    15940482.0,
    16886729.0,
    17842755.0,
    18852153.0,
    19816745.0,
    20820672.0,
    21915293.0,
    22790263.0,
    23870046.0,
    24765836.0,
    25825540.0,
    26724918.0,
    27844036.0,
    28806694.0,
    29720398.0,
    30721269.0,
    31741978.0,
    32716859.0,
    33786932.0,
    34727379.0,
    35696530.0,
    36698102.0,
    37753488.0,
    38711567.0,
    39689545.0,
    40764879.0,
    41687530.0,
    42729921.0,
    43707588.0,
    44685686.0,
    45869216.0,
    46776168.0,
    47685064.0,
    48656228.0,
    49764555.0,
    50745729.0,
    51734567.0,
    52730940.0,
    53703668.0,
    54734202.0,
    55787694.0,
    56646564.0,
    57711378.0,
    58709283.0,
    59697751.0,
    60668064.0,
    61723529.0,
    62879667.0,
    63767012.0,
    64679625.0,
    65323965.0,
    66255934.0,
    67252899.0,
    68162165.0,
    69182533.0,
    69857188.0,
    70615997.0,
    71611007.0,
    72608652.0,
    73674698.0,
    74584545.0,
    75624712.0,
    76972916.0,
    78441851.0,
    79201171.0,
    79794905.0,
    80708029.0,
    81753566.0,
    82746198.0,
    83717772.0,
    84654790.0,
    85669719.0,
    86651203.0,
    87577041.0,
    88713120.0,
    89881842.0,
    90646071.0,
    91614100.0,
    92485374.0,
    93558230.0,
    94508602.0,
    95511156.0,
    96800268.0,
    97794997.0,
    98713681.0
  ],
  "change": {
    "change": "Regressed",
    "mean": {
      "estimate": 0.01735967611258027,
      "lower_bound": 0.01542310925590022,
      "unit": "%",
      "upper_bound": 0.020586396884181655
    },
    "median": {
      "estimate": 0.017496107818470552,
      "lower_bound": 0.01590036595103118,
      "unit": "%",
      "upper_bound": 0.01886068530744822
    }
  },
  "iteration_count": [
    804,
    1608,
    2412,
    3216,
    4020,
    4824,
    5628,
    6432,
    7236,
    8040,
    8844,
    9648,
    10452,
    11256,
    12060,
    12864,
    13668,
    14472,
    15276,
    16080,
    16884,
    17688,
    18492,
    19296,
    20100,
    20904,
    21708,
    22512,
    23316,
    24120,
    24924,
    25728,
    26532,
    27336,
    28140,
    28944,
    29748,
    30552,
    31356,
    32160,
    32964,
    33768,
    34572,
    35376,
    36180,
    36984,
    37788,
    38592,
    39396,
    40200,
    41004,
    41808,
    42612,
    43416,
    44220,
    45024,
    45828,
    46632,
    47436,
    48240,
    49044,
    49848,
    50652,
    51456,
    52260,
    53064,
    53868,
    54672,
    55476,
    56280,
    57084,
    57888,
    58692,
    59496,
    60300,
    61104,
    61908,
    62712,
    63516,
    64320,
    65124,
    65928,
    66732,
    67536,
    68340,
    69144,
    69948,
    70752,
    71556,
    72360,
    73164,
    73968,
    74772,
    75576,
    76380,
    77184,
    77988,
    78792,
    79596,
    80400
  ],
  "median_abs_dev": {
    "estimate": 6.1106713439271125,
    "lower_bound": 4.423921198408405,
    "unit": "ns",
    "upper_bound": 8.121786437016434
  },
  "report_directory": "/home/user/workspaces/ranim-bench/ranim/target/criterion/reports/extract/polygon/40",
  "throughput": [],
  "mean": {
    "estimate": 1233.8919849748606,
    "lower_bound": 1231.582223980546,
    "unit": "ns",
    "upper_bound": 1237.3475227754034
  },
  "typical": {
    "estimate": 1228.8167618461555,
    "lower_bound": 1227.6053329110775,
    "unit": "ns",
    "upper_bound": 1230.226276954212
  },
  "unit": "ns",
  "slope": {
    "estimate": 1228.8167618461555,
    "lower_bound": 1227.6053329110775,
    "unit": "ns",
    "upper_bound": 1230.226276954212
  }
}