{
  "mean": {
    "estimate": 272.30437463400557,
    "lower_bound": 272.06885964734914,
    "unit": "ns",
    "upper_bound": 272.5438940050571
  },
  "report_directory": "/home/user/workspaces/ranim-bench/ranim/target/criterion/reports/extract/polygon/5",
  "median": {
    "estimate": 271.8925683989122,
    "lower_bound": 271.5963661760267,
    "unit": "ns",
    "upper_bound": 272.25814133708434
  },
  "iteration_count": [
    3653,
    7306,
    10959,
    14612,
    18265,
    21918,
    25571,
    29224,
    32877,
    36530,
    40183,
    43836,
    47489,
    51142,
    54795,
    58448,
    62101,
    65754,
    69407,
    73060,
    76713,
    80366,
    84019,
    87672,
    91325,
    94978,
    98631,
    102284,
    105937,
    109590,
    113243,
    116896,
    120549,
    124202,
    127855,
    131508,
    135161,
    138814,
    142467,
    146120,
    149773,
    153426,
    157079,
    160732,
    164385,
    168038,
    171691,
    175344,
    178997,
    182650,
    186303,
    189956,
    193609,
    197262,
    200915,
    204568,
    208221,
    211874,
    215527,
    219180,
    222833,
    226486,
    230139,
    233792,
    237445,
    241098,
    244751,
    248404,
    252057,
    255710,
    259363,
    263016,
    266669,
    270322,
    273975,
    277628,
    281281,
    284934,
    288587,
    292240,
    295893,
    299546,
    303199,
    306852,
    310505,
    314158,
    317811,
    321464,
    325117,
    328770,
    332423,
    336076,
    339729,
    343382,
    347035,
    350688,
    354341,
    357994,
    361647,
    365300
  ],
  "throughput": [],
  "measured_values": [
    1000653.0,
    1997430.0,
    3002090.0,
    4000689.0,
    5022984.0,
    6015883.0,
    7015194.0,
    8024163.0,
    9026169.0,
    10013917.0,
    11025823.0,
    12010345.0,
    13018172.0,
    14018895.0,
    15008328.0,
    16006506.0,
    17049170.0,
    17798433.0,
    18814555.0,
    19802054.0,
    20766257.0,
    21766280.0,
    22768005.0,
    23734032.0,
    24773900.0,
    25758463.0,
    26707167.0,
    27800027.0,
    28748269.0,
    29682185.0,
    30685524.0,
    31637975.0,
    32681130.0,
    33970766.0,
    34934568.0,
    35933378.0,
    37021218.0,
    37890531.0,
    38927924.0,
    39898701.0,
    40902159.0,
    41936176.0,
    42865052.0,
    43914278.0,
    44972179.0,
    45908940.0,
    46821675.0,
    47873686.0,
    48851396.0,
    49512280.0,
    50559752.0,
    51522222.0,
    52690727.0,
    53535472.0,
    54736949.0,
    55681585.0,
    56606203.0,
    57489603.0,
    58471871.0,
    59394675.0,
    60462677.0,
    61435107.0,
    62360736.0,
    63400070.0,
    64410822.0,
    65376639.0,
    66383144.0,
    67415166.0,
    68526150.0,
    69529590.0,
    70519081.0,
    71492973.0,
    72372976.0,
    73290160.0,
    74308516.0,
    75378572.0,
    76318710.0,
    77387039.0,
    78304982.0,
    79352295.0,
    80260762.0,
    81248330.0,
    82517177.0,
    83516206.0,
    84423752.0,
    85375151.0,
    86363951.0,
    87420581.0,
    88410644.0,
    89278639.0,
    90456259.0,
    91371780.0,
    92310625.0,
    93436607.0,
    94619269.0,
    95765640.0,
    96503111.0,
    98239531.0,
    99212741.0,
    100202111.0
  ],
  "change": {
    "change": "Regressed",
    "mean": {
      "estimate": 0.03001591685854521,
      "lower_bound": 0.028953091171626692,
      "unit": "%",
      "upper_bound": 0.031084786829918363
    },
    "median": {
      "estimate": 0.029134320327942165,
      "lower_bound": 0.02780946457620259,
      "unit": "%",
      "upper_bound": 0.030621671733231937
    }
  },
  "unit": "ns",
  "typical": {
    "estimate": 272.0718136043781,
    "lower_bound": 271.8239103134465,
    "unit": "ns",
    "upper_bound": 272.3497453245596
  },
  "median_abs_dev": {
    "estimate": 1.2095083589312543,
    "lower_bound": 0.7952892427896782,
    "unit": "ns",
    "upper_bound": 1.5814754625535603
  },
  "slope": {
    "estimate": 272.0718136043781,
    "lower_bound": 271.8239103134465,
    "unit": "ns",
    "upper_bound": 272.3497453245596
  }
}