{
  "id": "render/transform_squares/40",
  "iteration_count": [
    1,
    2,
    3,
    4,
    5,
    6,
    7,
    8,
    9,
    10
  ],
  "measured_values": [
    3985813400.0,
    8009051800.0,
    12069049400.0,
    16128617100.0,
    20059567200.0,
    23845002600.0,
    27827438700.0,
    31890519000.0,
    35850823700.0,
    40099692500.0
  ],
  "unit": "ns",
  "typical": {
    "estimate": 3993932328.311688,
    "lower_bound": 3982821089.3943386,
    "upper_bound": 4006996052.2123895,
    "unit": "ns"
  },
  "mean": {
    "estimate": 3998664794.7936506,
    "lower_bound": 3986993044.6428576,
    "upper_bound": 4010828527.888888,
    "unit": "ns"
  },
  "median": {
    "estimate": 3995420387.5,
    "lower_bound": 3980580892.857143,
    "upper_bound": 4016492858.333333,
    "unit": "ns"
  },
  "median_abs_dev": {
    "estimate": 23011371.180966496,
    "lower_bound": 2142371.3761321288,
    "upper_bound": 34352490.02762139,
    "unit": "ns"
  }
}