{
  "id": "render/transform_squares/5",
  "iteration_count": [
    1,
    2,
    3,
    4,
    5,
    6,
    7,
    8,
    9,
    10
  ],
  "measured_values": [
    1060748800.0,
    2183595900.0,
    3200652400.0,
    4263185900.0,
    5523493700.0,
    6458426600.0,
    7572677200.0,
    8496666600.0,
    9739472000.0,
    10815569900.0
  ],
  "unit": "ns",
  "typical": {
    "estimate": 1078555038.1818182,
    "lower_bound": 1070538918.699187,
    "upper_bound": 1085322464.7058823,
    "unit": "ns"
  },
  "mean": {
    "estimate": 1077394543.079365,
    "lower_bound": 1069520868.7311507,
    "upper_bound": 1085909199.842262,
    "unit": "ns"
  },
  "median": {
    "estimate": 1078980711.6666665,
    "lower_bound": 1064483729.1666667,
    "upper_bound": 1086804489.285714,
    "unit": "ns"
  },
  "median_abs_dev": {
    "estimate": 18468611.967116565,
    "lower_bound": 522656.49738774874,
    "upper_bound": 25762463.100458,
    "unit": "ns"
  }
}