{
  "iteration_count": [
    2956,
    5912,
    8868,
    11824,
    14780,
    17736,
    20692,
    23648,
    26604,
    29560,
    32516,
    35472,
    38428,
    41384,
    44340,
    47296,
    50252,
    53208,
    56164,
    59120,
    62076,
    65032,
    67988,
    70944,
    73900,
    76856,
    79812,
    82768,
    85724,
    88680,
    91636,
    94592,
    97548,
    100504,
    103460,
    106416,
    109372,
    112328,
    115284,
    118240,
    121196,
    124152,
    127108,
    130064,
    133020,
    135976,
    138932,
    141888,
    144844,
    147800,
    150756,
    153712,
    156668,
    159624,
    162580,
    165536,
    168492,
    171448,
    174404,
    177360,
    180316,
    183272,
    186228,
    189184,
    192140,
    195096,
    198052,
    201008,
    203964,
    206920,
    209876,
    212832,
    215788,
    218744,
    221700,
    224656,
    227612,
    230568,
    233524,
    236480,
    239436,
    242392,
    245348,
    248304,
    251260,
    254216,
    257172,
    260128,
    263084,
    266040,
    268996,
    271952,
    274908,
    277864,
    280820,
    283776,
    286732,
    289688,
    292644,
    295600
  ],
  "median": {
    "estimate": 337.1796028509463,
    "lower_bound": 336.5422868741543,
    "unit": "ns",
    "upper_bound": 337.5536337380331
  },
  "mean": {
    "estimate": 336.80756624704134,
    "lower_bound": 336.4738071069253,
    "unit": "ns",
    "upper_bound": 337.13680403776624
  },
  "unit": "ns",
  "measured_values": [
    994819.0,
    1999046.0,
    2999687.0,
    3985870.0,
    5028440.0,
    5999504.0,
    7049698.0,
    7971290.0,
    9025381.0,
    10041480.0,
    11060845.0,
    12012444.0,
    12962509.0,
    14020758.0,
    15029684.0,
    15993004.0,
    17010627.0,
    17967986.0,
    18995217.0,
    19961883.0,
    21023889.0,
    21926455.0,
    22990625.0,
    24022293.0,
    24890365.0,
    25830822.0,
    26792209.0,
    27820912.0,
    28814008.0,
    29803598.0,
    30776015.0,
    31777928.0,
    32789389.0,
    33755083.0,
    34746145.0,
    35711790.0,
    36679730.0,
    37684558.0,
    38721677.0,
    39743116.0,
    40767572.0,
    41695185.0,
    42666460.0,
    43682880.0,
    44635411.0,
    45757479.0,
    46661026.0,
    47686253.0,
    48639004.0,
    49278466.0,
    50288453.0,
    51233990.0,
    52234471.0,
    53216215.0,
    54194373.0,
    55206636.0,
    56276026.0,
    57151872.0,
    58144937.0,
    59132934.0,
    60315827.0,
    61264400.0,
    62359007.0,
    63462039.0,
    64356611.0,
    65685388.0,
    66709212.0,
    67691658.0,
    68704432.0,
    69803437.0,
    70784480.0,
    71779881.0,
    72759352.0,
    73833850.0,
    74752677.0,
    75999871.0,
    76775058.0,
    77871258.0,
    78904770.0,
    79800613.0,
    80909849.0,
    81884770.0,
    82962045.0,
    83867085.0,
    84904335.0,
    85825185.0,
    86964437.0,
    87992277.0,
    88915803.0,
    90064081.0,
    90872400.0,
    91783783.0,
    92884431.0,
    93821471.0,
    94740168.0,
    95852779.0,
    96840536.0,
    97920455.0,
    99171325.0,
    99864838.0
  ],
  "slope": {
    "estimate": 336.96156564042684,
    "lower_bound": 336.59394069361366,
    "unit": "ns",
    "upper_bound": 337.267140747074
  },
  "report_directory": "/home/user/workspaces/ranim-bench/ranim/target/criterion/reports/extract/circle",
  "throughput": [],
  "change": {
    "change": "NoChange",
    "mean": {
      "estimate": 0.008942730287993195,
      "lower_bound": 0.0076321449850577485,
      "unit": "%",
      "upper_bound": 0.010150385038099535
    },
    "median": {
      "estimate": 0.008878135563179734,
      "lower_bound": 0.006572365872296482,
      "unit": "%",
      "upper_bound": 0.010119048776665585
    }
  },
  "median_abs_dev": {
    "estimate": 1.6055046145673617,
    "lower_bound": 1.1692565698431026,
    "unit": "ns",
    "upper_bound": 1.9252113391051635
  },
  "typical": {
    "estimate": 336.96156564042684,
    "lower_bound": 336.59394069361366,
    "unit": "ns",
    "upper_bound": 337.267140747074
  }
}