{
  "typical": {
    "estimate": 202.2441460570666,
    "lower_bound": 202.07603132550844,
    "unit": "ns",
    "upper_bound": 202.40034091072377
  },
  "median_abs_dev": {
    "estimate": 0.8154674336104469,
    "lower_bound": 0.6625609428017395,
    "unit": "ns",
    "upper_bound": 1.3598713071387527
  },
  "median": {
    "estimate": 202.52783990778303,
    "lower_bound": 202.33126911398588,
    "unit": "ns",
    "upper_bound": 202.7146865192206
  },
  "unit": "ns",
  "change": {
    "change": "NoChange",
    "mean": {
      "estimate": 0.004117443812413635,
      "lower_bound": 0.0016736517008697977,
      "unit": "%",
      "upper_bound": 0.00644309524096
    },
    "median": {
      "estimate": -0.0005611423973497232,
      "lower_bound": -0.002184775080770727,
      "unit": "%",
      "upper_bound": 0.002662633433460586
    }
  },
  "report_directory": "/home/user/workspaces/ranim-bench/ranim/target/criterion/reports/extract/square",
  "measured_values": [
    1001962.0,
    1939074.0,
    2964802.0,
    3983586.0,
    5004185.0,
    5973846.0,
    6945773.0,
    7972432.0,
    8943136.0,
    9938877.0,
    10953815.0,
    11905273.0,
    12889412.0,
    13926191.0,
    14929617.0,
    15939885.0,
    16917903.0,
    18029432.0,
    18989476.0,
    19962885.0,
    20855633.0,
    21472823.0,
    22468444.0,
    23390797.0,
    24382010.0,
    25394542.0,
    26372500.0,
    27357291.0,
    28272511.0,
    29276077.0,
    30281376.0,
    31315409.0,
    32266487.0,
    32778949.0,
    33832389.0,
    34780711.0,
    35741797.0,
    36718383.0,
    37668859.0,
    38655233.0,
    39580571.0,
    40671281.0,
    41595979.0,
    42524123.0,
    43486682.0,
    44491159.0,
    45434352.0,
    46351375.0,
    47345704.0,
    48721219.0,
    49746025.0,
    50800637.0,
    51709885.0,
    52685699.0,
    53666081.0,
    54656864.0,
    55504627.0,
    56503133.0,
    57417381.0,
    58387033.0,
    59355062.0,
    60486248.0,
    61287684.0,
    62385487.0,
    63372322.0,
    64180551.0,
    65123263.0,
    66084569.0,
    67094928.0,
    67987344.0,
    68971524.0,
    69982304.0,
    70935274.0,
    71987301.0,
    72913873.0,
    73865261.0,
    74985446.0,
    75822539.0,
    76842235.0,
    77796348.0,
    78768004.0,
    80078286.0,
    81095278.0,
    82054140.0,
    83077162.0,
    84011939.0,
    84963256.0,
    85912972.0,
    86969957.0,
    87737620.0,
    88659262.0,
    89645055.0,
    90677655.0,
    91596883.0,
    92518164.0,
    93561204.0,
    94551696.0,
    94867799.0,
    95741512.0,
    96943129.0
  ],
  "throughput": [],
  "mean": {
    "estimate": 203.0467006086583,
    "lower_bound": 202.6548424122188,
    "unit": "ns",
    "upper_bound": 203.46154650875744
  },
  "iteration_count": [
    4813,
    9626,
    14439,
    19252,
    24065,
    28878,
    33691,
    38504,
    43317,
    48130,
    52943,
    57756,
    62569,
    67382,
    72195,
    77008,
    81821,
    86634,
    91447,
    96260,
    101073,
    105886,
    110699,
    115512,
    120325,
    125138,
    129951,
    134764,
    139577,
    144390,
    149203,
    154016,
    158829,
    163642,
    168455,
    173268,
    178081,
    182894,
    187707,
    192520,
    197333,
    202146,
    206959,
    211772,
    216585,
    221398,
    226211,
    231024,
    235837,
    240650,
    245463,
    250276,
    255089,
    259902,
    264715,
    269528,
    274341,
    279154,
    283967,
    288780,
    293593,
    298406,
    303219,
    308032,
    312845,
    317658,
    322471,
    327284,
    332097,
    336910,
    341723,
    346536,
    351349,
    356162,
    360975,
    365788,
    370601,
    375414,
    380227,
    385040,
    389853,
    394666,
    399479,
    404292,
    409105,
    413918,
    418731,
    423544,
    428357,
    433170,
    437983,
    442796,
    447609,
    452422,
    457235,
    462048,
    466861,
    471674,
    476487,
    481300
  ],
  "slope": {
    "estimate": 202.2441460570666,
    "lower_bound": 202.07603132550844,
    "unit": "ns",
    "upper_bound": 202.40034091072377
  }
}