{
  "mean": {
    "estimate": 925.0972695628864,
    "lower_bound": 921.4241200298968,
    "unit": "ns",
    "upper_bound": 929.2699016410056
  },
  "median_abs_dev": {
    "estimate": 13.934292076781798,
    "lower_bound": 10.19685502874914,
    "unit": "ns",
    "upper_bound": 17.961177593980427
  },
  "measured_values": [
    1106500.0,
    1939100.0,
    2910400.0,
    3883600.0,
    4937600.0,
    5804300.0,
    6781600.0,
    7922100.0,
    8847600.0,
    9704500.0,
    11458600.0,
    11727100.0,
    12613400.0,
    14331400.0,
    15081600.0,
    15633100.0,
    16593200.0,
    17538700.0,
    18506300.0,
    19606000.0,
    20769300.0,
    22507000.0,
    22425100.0,
    23375100.0,
    24315300.0,
    25418400.0,
    26251600.0,
    27343300.0,
    28272000.0,
    30039600.0,
    30215300.0,
    31244700.0,
    32348400.0,
    33085500.0,
    36939200.0,
    35208300.0,
    36077600.0,
    38295500.0,
    38242800.0,
    39641700.0,
    40383800.0,
    41163400.0,
    42798200.0,
    43599400.0,
    44699300.0,
    47596600.0,
    46401600.0,
    47908000.0,
    49074800.0,
    49575900.0,
    53056200.0,
    51287500.0,
    51904000.0,
    52844600.0,
    54071500.0,
    56165200.0,
    56157300.0,
    59342000.0,
    57361900.0,
    62062700.0,
    61524600.0,
    61807700.0,
    61935700.0,
    62638000.0,
    64035200.0,
    67553500.0,
    65788200.0,
    68399700.0,
    70462400.0,
    68273200.0,
    70801200.0,
    71271000.0,
    72627700.0,
    72587000.0,
    74087100.0,
    74552000.0,
    75086700.0,
    76408900.0,
    80294600.0,
    78791100.0,
    80739900.0,
    80817600.0,
    83467700.0,
    84879800.0,
    85274800.0,
    85334500.0,
    85939100.0,
    86132500.0,
    87415600.0,
    90280600.0,
    91367400.0,
    91204600.0,
    92346300.0,
    93781300.0,
    95676500.0,
    94409700.0,
    96873800.0,
    96470000.0,
    96676700.0,
    98371300.0
  ],
  "iteration_count": [
    1072,
    2144,
    3216,
    4288,
    5360,
    6432,
    7504,
    8576,
    9648,
    10720,
    11792,
    12864,
    13936,
    15008,
    16080,
    17152,
    18224,
    19296,
    20368,
    21440,
    22512,
    23584,
    24656,
    25728,
    26800,
    27872,
    28944,
    30016,
    31088,
    32160,
    33232,
    34304,
    35376,
    36448,
    37520,
    38592,
    39664,
    40736,
    41808,
    42880,
    43952,
    45024,
    46096,
    47168,
    48240,
    49312,
    50384,
    51456,
    52528,
    53600,
    54672,
    55744,
    56816,
    57888,
    58960,
    60032,
    61104,
    62176,
    63248,
    64320,
    65392,
    66464,
    67536,
    68608,
    69680,
    70752,
    71824,
    72896,
    73968,
    75040,
    76112,
    77184,
    78256,
    79328,
    80400,
    81472,
    82544,
    83616,
    84688,
    85760,
    86832,
    87904,
    88976,
    90048,
    91120,
    92192,
    93264,
    94336,
    95408,
    96480,
    97552,
    98624,
    99696,
    100768,
    101840,
    102912,
    103984,
    105056,
    106128,
    107200
  ],
  "throughput": [],
  "median": {
    "estimate": 919.0171233911416,
    "lower_bound": 916.2292470233104,
    "unit": "ns",
    "upper_bound": 923.8668164857532
  },
  "report_directory": "E:\\_ranim\\ranim-bench\\ranim\\target\\criterion\\reports\\extract\\arc",
  "slope": {
    "estimate": 926.2542667554792,
    "lower_bound": 923.2272651366408,
    "unit": "ns",
    "upper_bound": 929.4633402083248
  },
  "unit": "ns",
  "change": {
    "change": "NoChange",
    "mean": {
      "estimate": -0.0033006835283805325,
      "lower_bound": -0.01012268258806222,
      "unit": "%",
      "upper_bound": 0.003353048379103792
    },
    "median": {
      "estimate": -0.0025068816382576298,
      "lower_bound": -0.006108578698503786,
      "unit": "%",
      "upper_bound": 0.002839895701390205
    }
  },
  "typical": {
    "estimate": 926.2542667554792,
    "lower_bound": 923.2272651366408,
    "unit": "ns",
    "upper_bound": 929.4633402083248
  }
}