{
  "report_directory": "E:\\_ranim\\ranim-bench\\ranim\\target\\criterion\\reports\\extract\\rectangle",
  "unit": "ns",
  "change": {
    "change": "NoChange",
    "mean": {
      "estimate": 0.0030187077227232795,
      "lower_bound": -0.0034354511519401275,
      "unit": "%",
      "upper_bound": 0.009569706345609006
    },
    "median": {
      "estimate": 0.0022014978608411173,
      "lower_bound": -0.002169652072458117,
      "unit": "%",
      "upper_bound": 0.007167097946428225
    }
  },
  "typical": {
    "estimate": 805.3078462066966,
    "lower_bound": 801.2619680567839,
    "unit": "ns",
    "upper_bound": 809.8845889027922
  },
  "median_abs_dev": {
    "estimate": 11.49821106840593,
    "lower_bound": 7.704038987814194,
    "unit": "ns",
    "upper_bound": 14.613843159912289
  },
  "iteration_count": [
    1229,
    2458,
    3687,
    4916,
    6145,
    7374,
    8603,
    9832,
    11061,
    12290,
    13519,
    14748,
    15977,
    17206,
    18435,
    19664,
    20893,
    22122,
    23351,
    24580,
    25809,
    27038,
    28267,
    29496,
    30725,
    31954,
    33183,
    34412,
    35641,
    36870,
    38099,
    39328,
    40557,
    41786,
    43015,
    44244,
    45473,
    46702,
    47931,
    49160,
    50389,
    51618,
    52847,
    54076,
    55305,
    56534,
    57763,
    58992,
    60221,
    61450,
    62679,
    63908,
    65137,
    66366,
    67595,
    68824,
    70053,
    71282,
    72511,
    73740,
    74969,
    76198,
    77427,
    78656,
    79885,
    81114,
    82343,
    83572,
    84801,
    86030,
    87259,
    88488,
    89717,
    90946,
    92175,
    93404,
    94633,
    95862,
    97091,
    98320,
    99549,
    100778,
    102007,
    103236,
    104465,
    105694,
    106923,
    108152,
    109381,
    110610,
    111839,
    113068,
    114297,
    115526,
    116755,
    117984,
    119213,
    120442,
    121671,
    122900
  ],
  "slope": {
    "estimate": 805.3078462066966,
    "lower_bound": 801.2619680567839,
    "unit": "ns",
    "upper_bound": 809.8845889027922
  },
  "measured_values": [
    1003500.0,
    1958900.0,
    2920500.0,
    4388600.0,
    4901900.0,
    6205800.0,
    6859900.0,
    7772700.0,
    9229000.0,
    9703800.0,
    10934900.0,
    12255100.0,
    12780200.0,
    13847600.0,
    14701600.0,
    15779500.0,
    16698800.0,
    17710600.0,
    18709700.0,
    19651400.0,
    20531400.0,
    21414000.0,
    22882400.0,
    24399600.0,
    26969200.0,
    27850600.0,
    27322600.0,
    29945500.0,
    29367100.0,
    29939300.0,
    30428200.0,
    31344200.0,
    33066100.0,
    33131000.0,
    33988900.0,
    35658500.0,
    36233400.0,
    37046800.0,
    38297300.0,
    39094800.0,
    39834200.0,
    43066000.0,
    42692700.0,
    43070600.0,
    44681800.0,
    45441000.0,
    46014200.0,
    46814500.0,
    48000600.0,
    48911300.0,
    49446300.0,
    51063700.0,
    51684900.0,
    53392700.0,
    54322300.0,
    56683300.0,
    55512900.0,
    56670600.0,
    57648800.0,
    59023200.0,
    60918100.0,
    61697300.0,
    63534600.0,
    63756400.0,
    63992700.0,
    64134300.0,
    65171700.0,
    68456800.0,
    66650700.0,
    68464300.0,
    69715500.0,
    71720500.0,
    71766000.0,
    72544600.0,
    73021900.0,
    74319800.0,
    74757700.0,
    78176900.0,
    78440700.0,
    81480500.0,
    82147600.0,
    81223200.0,
    82983700.0,
    82612400.0,
    82888400.0,
    83963600.0,
    86945100.0,
    87599600.0,
    87160500.0,
    87333800.0,
    91558700.0,
    90151500.0,
    90492200.0,
    94030200.0,
    99586200.0,
    99757900.0,
    94853500.0,
    95229100.0,
    97771100.0,
    97465800.0
  ],
  "mean": {
    "estimate": 807.2206616286733,
    "lower_bound": 803.5555164024333,
    "unit": "ns",
    "upper_bound": 811.3204270768729
  },
  "throughput": [],
  "median": {
    "estimate": 799.9138316123949,
    "lower_bound": 797.4830485489558,
    "unit": "ns",
    "upper_bound": 804.0813203913285
  }
}