{
  "id": "eval/eval_transform_squares/10",
  "iteration_count": [
    662,
    1324,
    1986,
    2648,
    3310,
    3972,
    4634,
    5296,
    5958,
    6620
  ],
  "measured_values": [
    90592300.0,
    183946800.0,
    277104500.0,
    367397400.0,
    467422600.0,
    551341500.0,
    635903600.0,
    737106700.0,
    842074200.0,
    912243500.0
  ],
  "unit": "ns",
  "typical": {
    "estimate": 139105.55420410406,
    "lower_bound": 138012.19768617247,
    "upper_bound": 140439.07163226698,
    "unit": "ns"
  },
  "mean": {
    "estimate": 138961.91021076107,
    "lower_bound": 138110.8359116494,
    "upper_bound": 139842.04723061432,
    "unit": "ns"
  },
  "median": {
    "estimate": 138869.8262839879,
    "lower_bound": 137801.1329305136,
    "upper_bound": 140198.5328549849,
    "unit": "ns"
  },
  "median_abs_dev": {
    "estimate": 1280.8327491639914,
    "lower_bound": 176.5875669934163,
    "upper_bound": 2935.07297092826,
    "unit": "ns"
  }
}