{
  "id": "eval/eval_transform_squares/100",
  "iteration_count": [
    6,
    12,
    18,
    24,
    30,
    36,
    42,
    48,
    54,
    60
  ],
  "measured_values": [
    106545000.0,
    219750300.0,
    324804100.0,
    416162900.0,
    524256600.0,
    630860600.0,
    710414000.0,
    814340500.0,
    921303200.0,
    1021073700.0
  ],
  "unit": "ns",
  "typical": {
    "estimate": 17134910.77922078,
    "lower_bound": 17029159.166666668,
    "upper_bound": 17374717.452830188,
    "unit": "ns"
  },
  "mean": {
    "estimate": 17441305.511243384,
    "lower_bound": 17172459.83531746,
    "upper_bound": 17736660.143749997,
    "unit": "ns"
  },
  "median": {
    "estimate": 17407670.416666664,
    "lower_bound": 17013298.72685185,
    "upper_bound": 17784288.888888888,
    "unit": "ns"
  },
  "median_abs_dev": {
    "estimate": 548269.1767662764,
    "lower_bound": 75327.99241265765,
    "upper_bound": 800044.407254708,
    "unit": "ns"
  }
}