{
  "id": "eval/eval_transform_squares/1000",
  "iteration_count": [
    1,
    2,
    3,
    4,
    5,
    6,
    7,
    8,
    9,
    10
  ],
  "measured_values": [
    2034853600.0,
    3806675200.0,
    5551619100.0,
    7434633400.0,
    9150287000.0,
    10842947400.0,
    12716406100.0,
    14445396400.0,
    16254742700.0,
    17877639700.0
  ],
  "unit": "ns",
  "typical": {
    "estimate": 1809085219.4805195,
    "lower_bound": 1799060984.9094567,
    "upper_bound": 1827299348.9743588,
    "unit": "ns"
  },
  "mean": {
    "estimate": 1850075503.5079365,
    "lower_bound": 1814541064.0793653,
    "upper_bound": 1898342321.3666663,
    "unit": "ns"
  },
  "median": {
    "estimate": 1823343421.4285717,
    "lower_bound": 1806082522.2222223,
    "upper_bound": 1876938650.0,
    "unit": "ns"
  },
  "median_abs_dev": {
    "estimate": 33258535.10454297,
    "lower_bound": 1402037.138442277,
    "upper_bound": 78553780.48539162,
    "unit": "ns"
  }
}