{
  "median": {
    "estimate": 1382.5414108743196,
    "lower_bound": 1378.0107808513155,
    "unit": "ns",
    "upper_bound": 1391.1468889615344
  },
  "unit": "ns",
  "median_abs_dev": {
    "estimate": 21.491328176010224,
    "lower_bound": 15.105977425487506,
    "unit": "ns",
    "upper_bound": 27.293275189438447
  },
  "iteration_count": [
    713,
    1426,
    2139,
    2852,
    3565,
    4278,
    4991,
    5704,
    6417,
    7130,
    7843,
    8556,
    9269,
    9982,
    10695,
    11408,
    12121,
    12834,
    13547,
    14260,
    14973,
    15686,
    16399,
    17112,
    17825,
    18538,
    19251,
    19964,
    20677,
    21390,
    22103,
    22816,
    23529,
    24242,
    24955,
    25668,
    26381,
    27094,
    27807,
    28520,
    29233,
    29946,
    30659,
    31372,
    32085,
    32798,
    33511,
    34224,
    34937,
    35650,
    36363,
    37076,
    37789,
    38502,
    39215,
    39928,
    40641,
    41354,
    42067,
    42780,
    43493,
    44206,
    44919,
    45632,
    46345,
    47058,
    47771,
    48484,
    49197,
    49910,
    50623,
    51336,
    52049,
    52762,
    53475,
    54188,
    54901,
    55614,
    56327,
    57040,
    57753,
    58466,
    59179,
    59892,
    60605,
    61318,
    62031,
    62744,
    63457,
    64170,
    64883,
    65596,
    66309,
    67022,
    67735,
    68448,
    69161,
    69874,
    70587,
    71300
  ],
  "change": {
    "change": "NoChange",
    "mean": {
      "estimate": 0.011354131509460077,
      "lower_bound": 0.0037800869887666846,
      "unit": "%",
      "upper_bound": 0.02094758261289859
    },
    "median": {
      "estimate": 0.003658171230045193,
      "lower_bound": -0.0002570518507734043,
      "unit": "%",
      "upper_bound": 0.009592394668399562
    }
  },
  "mean": {
    "estimate": 1398.764238442719,
    "lower_bound": 1389.019778197284,
    "unit": "ns",
    "upper_bound": 1410.8942838345006
  },
  "throughput": [],
  "slope": {
    "estimate": 1400.581967476436,
    "lower_bound": 1393.3240538733455,
    "unit": "ns",
    "upper_bound": 1408.1823180872748
  },
  "report_directory": "E:\\_ranim\\ranim-bench\\ranim\\target\\criterion\\reports\\extract\\polygon\\10",
  "typical": {
    "estimate": 1400.581967476436,
    "lower_bound": 1393.3240538733455,
    "unit": "ns",
    "upper_bound": 1408.1823180872748
  },
  "measured_values": [
    966900.0,
    1933900.0,
    2986800.0,
    3899300.0,
    4867100.0,
    7073400.0,
    6772600.0,
    7831100.0,
    8785200.0,
    10901100.0,
    10820600.0,
    11568600.0,
    12950100.0,
    13709800.0,
    14616000.0,
    15572300.0,
    16501300.0,
    17499000.0,
    24207600.0,
    19647900.0,
    20603000.0,
    21932800.0,
    22645500.0,
    23517400.0,
    24924300.0,
    25700100.0,
    26261200.0,
    27155700.0,
    28523000.0,
    29307700.0,
    30077400.0,
    31292800.0,
    32309000.0,
    33271900.0,
    34358200.0,
    35411200.0,
    36367200.0,
    37119500.0,
    40971900.0,
    39081700.0,
    40260100.0,
    41550100.0,
    43874800.0,
    43849300.0,
    44717300.0,
    45538900.0,
    47743500.0,
    46709400.0,
    49470200.0,
    53064500.0,
    49998200.0,
    50966400.0,
    52098000.0,
    55794400.0,
    53708700.0,
    55851100.0,
    56556200.0,
    59499200.0,
    58151100.0,
    59507800.0,
    60946200.0,
    60974100.0,
    62514300.0,
    63097100.0,
    64173900.0,
    66297000.0,
    69653900.0,
    68957900.0,
    70475400.0,
    69409300.0,
    70700000.0,
    70179800.0,
    70955600.0,
    73861300.0,
    73161800.0,
    77265000.0,
    75422300.0,
    76442800.0,
    77201500.0,
    79080600.0,
    80392800.0,
    85621700.0,
    81549300.0,
    83877300.0,
    83438700.0,
    85682700.0,
    85440700.0,
    86489800.0,
    87942800.0,
    92742700.0,
    91417600.0,
    92189200.0,
    95835300.0,
    92741400.0,
    95439600.0,
    93952300.0,
    96677100.0,
    98965200.0,
    100307700.0,
    104228400.0
  ]
}