{
  "change": {
    "change": "NoChange",
    "mean": {
      "estimate": 0.009876110166622707,
      "lower_bound": 0.002952120369002836,
      "unit": "%",
      "upper_bound": 0.016741833420247005
    },
    "median": {
      "estimate": 0.005214782517159788,
      "lower_bound": 0.001672127857636818,
      "unit": "%",
      "upper_bound": 0.011286065010102764
    }
  },
  "measured_values": [
    1022600.0,
    2155800.0,
    2972400.0,
    4007800.0,
    4893100.0,
    5897900.0,
    6773200.0,
    7976600.0,
    8693400.0,
    9774300.0,
    11131900.0,
    11468000.0,
    12717800.0,
    13779600.0,
    14829700.0,
    15607800.0,
    16675300.0,
    17480400.0,
    18505200.0,
    19503000.0,
    23094700.0,
    22031300.0,
    22329300.0,
    23295600.0,
    25394000.0,
    25931700.0,
    26317800.0,
    27301000.0,
    30259700.0,
    30232700.0,
    30135000.0,
    31358200.0,
    32350000.0,
    33317200.0,
    34298600.0,
    35595900.0,
    36820300.0,
    36969400.0,
    38843100.0,
    40257900.0,
    40127900.0,
    42211600.0,
    41636400.0,
    43014900.0,
    45937200.0,
    45196100.0,
    47690000.0,
    47333300.0,
    49110500.0,
    49560400.0,
    54871500.0,
    51128100.0,
    51628600.0,
    53142700.0,
    54551800.0,
    55518600.0,
    59418300.0,
    57691400.0,
    58246400.0,
    60286500.0,
    60042500.0,
    60347200.0,
    63580600.0,
    63028700.0,
    68971200.0,
    74281000.0,
    69849100.0,
    70189900.0,
    67871700.0,
    71240100.0,
    73439400.0,
    73207600.0,
    71310100.0,
    72955200.0,
    73138000.0,
    74849400.0,
    75424300.0,
    76935600.0,
    79253300.0,
    78439400.0,
    80319200.0,
    81097900.0,
    80959500.0,
    82795200.0,
    83153600.0,
    86720900.0,
    87295300.0,
    85478400.0,
    87564100.0,
    87545600.0,
    88903700.0,
    91483800.0,
    91814900.0,
    91658200.0,
    93543100.0,
    93587900.0,
    96682900.0,
    97066200.0,
    97112500.0,
    99346400.0
  ],
  "median_abs_dev": {
    "estimate": 33.31906382669973,
    "lower_bound": 23.94155822183087,
    "unit": "ns",
    "upper_bound": 43.61477158438646
  },
  "throughput": [],
  "mean": {
    "estimate": 2107.5407671125113,
    "lower_bound": 2096.5819328769508,
    "unit": "ns",
    "upper_bound": 2119.8673552800765
  },
  "slope": {
    "estimate": 2105.2614851986086,
    "lower_bound": 2094.4306901066784,
    "unit": "ns",
    "upper_bound": 2118.304820624564
  },
  "unit": "ns",
  "median": {
    "estimate": 2088.493881290491,
    "lower_bound": 2083.120110821382,
    "unit": "ns",
    "upper_bound": 2099.236682808717
  },
  "typical": {
    "estimate": 2105.2614851986086,
    "lower_bound": 2094.4306901066784,
    "unit": "ns",
    "upper_bound": 2118.304820624564
  },
  "report_directory": "E:\\_ranim\\ranim-bench\\ranim\\target\\criterion\\reports\\extract\\polygon\\20",
  "iteration_count": [
    472,
    944,
    1416,
    1888,
    2360,
    2832,
    3304,
    3776,
    4248,
    4720,
    5192,
    5664,
    6136,
    6608,
    7080,
    7552,
    8024,
    8496,
    8968,
    9440,
    9912,
    10384,
    10856,
    11328,
    11800,
    12272,
    12744,
    13216,
    13688,
    14160,
    14632,
    15104,
    15576,
    16048,
    16520,
    16992,
    17464,
    17936,
    18408,
    18880,
    19352,
    19824,
    20296,
    20768,
    21240,
    21712,
    22184,
    22656,
    23128,
    23600,
    24072,
    24544,
    25016,
    25488,
    25960,
    26432,
    26904,
    27376,
    27848,
    28320,
    28792,
    29264,
    29736,
    30208,
    30680,
    31152,
    31624,
    32096,
    32568,
    33040,
    33512,
    33984,
    34456,
    34928,
    35400,
    35872,
    36344,
    36816,
    37288,
    37760,
    38232,
    38704,
    39176,
    39648,
    40120,
    40592,
    41064,
    41536,
    42008,
    42480,
    42952,
    43424,
    43896,
    44368,
    44840,
    45312,
    45784,
    46256,
    46728,
    47200
  ]
}