{
  "measured_values": [
    969800.0,
    1938400.0,
    2930500.0,
    3901600.0,
    5698100.0,
    5797200.0,
    6950700.0,
    7908800.0,
    8982200.0,
    9663900.0,
    10822600.0,
    12189600.0,
    13137100.0,
    13730700.0,
    14345600.0,
    15747300.0,
    17360100.0,
    17663800.0,
    18774900.0,
    19573200.0,
    20406600.0,
    21767900.0,
    22286800.0,
    23493200.0,
    24447100.0,
    25430800.0,
    26355500.0,
    27337100.0,
    28326600.0,
    29352700.0,
    30271000.0,
    34137500.0,
    34276300.0,
    33013100.0,
    35785000.0,
    35645600.0,
    36564800.0,
    39064500.0,
    37917700.0,
    39090800.0,
    40809000.0,
    41823300.0,
    43593800.0,
    43777600.0,
    43587900.0,
    47341500.0,
    45718600.0,
    48596500.0,
    48132900.0,
    51474600.0,
    51887900.0,
    51337400.0,
    52832500.0,
    52877700.0,
    56315800.0,
    54499700.0,
    55725500.0,
    56358300.0,
    58085500.0,
    59336200.0,
    60846300.0,
    64667300.0,
    63592100.0,
    65148500.0,
    63357300.0,
    65209500.0,
    65647700.0,
    66896100.0,
    68979500.0,
    69232200.0,
    69510100.0,
    71578700.0,
    71791800.0,
    74470600.0,
    75116000.0,
    76780800.0,
    76780600.0,
    78149600.0,
    78118700.0,
    78527400.0,
    79754400.0,
    79999800.0,
    83467200.0,
    81684400.0,
    87232600.0,
    83717900.0,
    85348600.0,
    85876400.0,
    90570100.0,
    88006900.0,
    91772200.0,
    89780200.0,
    91380900.0,
    92846300.0,
    92847600.0,
    94983500.0,
    96566700.0,
    96730700.0,
    100117100.0,
    99311000.0
  ],
  "report_directory": "E:\\_ranim\\ranim-bench\\ranim\\target\\criterion\\reports\\extract\\polygon\\40",
  "change": {
    "change": "NoChange",
    "mean": {
      "estimate": 0.002756481222115026,
      "lower_bound": -0.0039743152385102115,
      "unit": "%",
      "upper_bound": 0.009067949416209808
    },
    "median": {
      "estimate": 0.0043755443190669485,
      "lower_bound": -0.0016972699634846657,
      "unit": "%",
      "upper_bound": 0.007249285010358042
    }
  },
  "iteration_count": [
    283,
    566,
    849,
    1132,
    1415,
    1698,
    1981,
    2264,
    2547,
    2830,
    3113,
    3396,
    3679,
    3962,
    4245,
    4528,
    4811,
    5094,
    5377,
    5660,
    5943,
    6226,
    6509,
    6792,
    7075,
    7358,
    7641,
    7924,
    8207,
    8490,
    8773,
    9056,
    9339,
    9622,
    9905,
    10188,
    10471,
    10754,
    11037,
    11320,
    11603,
    11886,
    12169,
    12452,
    12735,
    13018,
    13301,
    13584,
    13867,
    14150,
    14433,
    14716,
    14999,
    15282,
    15565,
    15848,
    16131,
    16414,
    16697,
    16980,
    17263,
    17546,
    17829,
    18112,
    18395,
    18678,
    18961,
    19244,
    19527,
    19810,
    20093,
    20376,
    20659,
    20942,
    21225,
    21508,
    21791,
    22074,
    22357,
    22640,
    22923,
    23206,
    23489,
    23772,
    24055,
    24338,
    24621,
    24904,
    25187,
    25470,
    25753,
    26036,
    26319,
    26602,
    26885,
    27168,
    27451,
    27734,
    28017,
    28300
  ],
  "throughput": [],
  "median": {
    "estimate": 3488.172529136689,
    "lower_bound": 3468.524734982332,
    "unit": "ns",
    "upper_bound": 3496.153563015312
  },
  "median_abs_dev": {
    "estimate": 56.30941031536967,
    "lower_bound": 38.03512418350915,
    "unit": "ns",
    "upper_bound": 71.62584624497858
  },
  "unit": "ns",
  "typical": {
    "estimate": 3507.000889266713,
    "lower_bound": 3493.1674517497727,
    "unit": "ns",
    "upper_bound": 3521.493699615245
  },
  "mean": {
    "estimate": 3507.744933701914,
    "lower_bound": 3491.9876245467394,
    "unit": "ns",
    "upper_bound": 3525.6612881355213
  },
  "slope": {
    "estimate": 3507.000889266713,
    "lower_bound": 3493.1674517497727,
    "unit": "ns",
    "upper_bound": 3521.493699615245
  }
}