{
  "report_directory": "E:\\ranim-bench\\ranim\\target\\criterion\\reports\\extract\\arc",
  "measured_values": [
    946400.0,
    1803200.0,
    2698000.0,
    3808400.0,
    4598400.0,
    5488600.0,
    6653400.0,
    7640700.0,
    8461700.0,
    9084700.0,
    10459200.0,
    11922500.0,
    12262400.0,
    12833000.0,
    13924300.0,
    14991100.0,
    15498500.0,
    23768200.0,
    17394900.0,
    18787200.0,
    20583700.0,
    21568300.0,
    21717300.0,
    21991000.0,
    22806800.0,
    23782500.0,
    24583700.0,
    27274700.0,
    26820400.0,
    28480800.0,
    33536300.0,
    29323700.0,
    31374100.0,
    31224700.0,
    32219300.0,
    36549400.0,
    34111700.0,
    35761300.0,
    35758300.0,
    38501500.0,
    37798000.0,
    38328000.0,
    39310600.0,
    40474100.0,
    42021700.0,
    42737000.0,
    45796300.0,
    44087300.0,
    44878500.0,
    48168900.0,
    49700500.0,
    49122900.0,
    49677700.0,
    56412400.0,
    53007400.0,
    54372500.0,
    52554100.0,
    52945900.0,
    54151300.0,
    55280200.0,
    56085800.0,
    56532100.0,
    57630900.0,
    58538900.0,
    62342000.0,
    66284700.0,
    61140600.0,
    63040900.0,
    63212500.0,
    64523600.0,
    73737800.0,
    66057100.0,
    80760600.0,
    68171300.0,
    77645900.0,
    69332700.0,
    70358400.0,
    74579100.0,
    78578800.0,
    83133400.0,
    73933400.0,
    76120600.0,
    77670200.0,
    86499200.0,
    80288900.0,
    80576100.0,
    82592000.0,
    82795800.0,
    87771300.0,
    85590000.0,
    83293000.0,
    84967400.0,
    86580800.0,
    89031500.0,
    90962800.0,
    91230500.0,
    94301000.0,
    91456300.0,
    90442900.0,
    93670700.0
  ],
  "unit": "ns",
  "mean": {
    "estimate": 939.96970402396,
    "lower_bound": 930.523335824388,
    "unit": "ns",
    "upper_bound": 951.4500718967994
  },
  "throughput": [],
  "median_abs_dev": {
    "estimate": 27.32027868023504,
    "lower_bound": 15.395787607174174,
    "unit": "ns",
    "upper_bound": 36.42742334279535
  },
  "iteration_count": [
    1009,
    2018,
    3027,
    4036,
    5045,
    6054,
    7063,
    8072,
    9081,
    10090,
    11099,
    12108,
    13117,
    14126,
    15135,
    16144,
    17153,
    18162,
    19171,
    20180,
    21189,
    22198,
    23207,
    24216,
    25225,
    26234,
    27243,
    28252,
    29261,
    30270,
    31279,
    32288,
    33297,
    34306,
    35315,
    36324,
    37333,
    38342,
    39351,
    40360,
    41369,
    42378,
    43387,
    44396,
    45405,
    46414,
    47423,
    48432,
    49441,
    50450,
    51459,
    52468,
    53477,
    54486,
    55495,
    56504,
    57513,
    58522,
    59531,
    60540,
    61549,
    62558,
    63567,
    64576,
    65585,
    66594,
    67603,
    68612,
    69621,
    70630,
    71639,
    72648,
    73657,
    74666,
    75675,
    76684,
    77693,
    78702,
    79711,
    80720,
    81729,
    82738,
    83747,
    84756,
    85765,
    86774,
    87783,
    88792,
    89801,
    90810,
    91819,
    92828,
    93837,
    94846,
    95855,
    96864,
    97873,
    98882,
    99891,
    100900
  ],
  "typical": {
    "estimate": 940.7569190716388,
    "lower_bound": 931.298011194528,
    "unit": "ns",
    "upper_bound": 951.3261151147664
  },
  "median": {
    "estimate": 926.4623873757334,
    "lower_bound": 913.7777545946134,
    "unit": "ns",
    "upper_bound": 934.8479072958756
  },
  "change": {
    "change": "NoChange",
    "mean": {
      "estimate": -0.018549379469819716,
      "lower_bound": -0.030122670647965956,
      "unit": "%",
      "upper_bound": -0.00612445333799195
    },
    "median": {
      "estimate": -0.027397079837452765,
      "lower_bound": -0.040561246047525645,
      "unit": "%",
      "upper_bound": -0.018533312785822376
    }
  },
  "slope": {
    "estimate": 940.7569190716388,
    "lower_bound": 931.298011194528,
    "unit": "ns",
    "upper_bound": 951.3261151147664
  }
}