{
  "median_abs_dev": {
    "estimate": 10.681530042050849,
    "lower_bound": 7.181671955975818,
    "unit": "ns",
    "upper_bound": 20.06759812120074
  },
  "median": {
    "estimate": 947.2828959375306,
    "lower_bound": 945.3464784160986,
    "unit": "ns",
    "upper_bound": 955.8831780034312
  },
  "report_directory": "E:\\ranim-bench\\ranim\\target\\criterion\\reports\\extract\\circle",
  "measured_values": [
    972000.0,
    1938300.0,
    3043200.0,
    3872100.0,
    4838800.0,
    5910500.0,
    6720100.0,
    7920400.0,
    8647000.0,
    9693700.0,
    10758700.0,
    11595300.0,
    12832600.0,
    13559300.0,
    14806800.0,
    15466700.0,
    16547400.0,
    17404500.0,
    18412600.0,
    19430200.0,
    20580400.0,
    21325200.0,
    22349200.0,
    23217900.0,
    24153200.0,
    24999700.0,
    26725600.0,
    27123800.0,
    28413500.0,
    29808100.0,
    30027900.0,
    31839300.0,
    31961600.0,
    33024400.0,
    34037000.0,
    35055000.0,
    55137900.0,
    36764700.0,
    37935000.0,
    38591000.0,
    40419300.0,
    40781400.0,
    41935700.0,
    42509200.0,
    43378400.0,
    44465300.0,
    45423600.0,
    46343400.0,
    48935200.0,
    48468300.0,
    49308300.0,
    50467300.0,
    58734200.0,
    52168700.0,
    53072600.0,
    54073500.0,
    54986500.0,
    59441300.0,
    57140700.0,
    59426300.0,
    59073000.0,
    61721200.0,
    61122400.0,
    65190100.0,
    63186600.0,
    70478900.0,
    64936100.0,
    65644900.0,
    68497800.0,
    67970600.0,
    69084900.0,
    69902700.0,
    78336800.0,
    71822400.0,
    74151100.0,
    82634400.0,
    76387200.0,
    84018900.0,
    78733400.0,
    78669200.0,
    83768300.0,
    91913900.0,
    81137900.0,
    85456900.0,
    84146300.0,
    89566200.0,
    85327900.0,
    84976400.0,
    93841800.0,
    86889000.0,
    96835600.0,
    91753800.0,
    108617300.0,
    94691200.0,
    92731000.0,
    96693200.0,
    103743400.0,
    96659000.0,
    103294400.0,
    99487400.0
  ],
  "mean": {
    "estimate": 969.5146567981878,
    "lower_bound": 959.2747892878214,
    "unit": "ns",
    "upper_bound": 982.9684493379036
  },
  "throughput": [],
  "iteration_count": [
    1027,
    2054,
    3081,
    4108,
    5135,
    6162,
    7189,
    8216,
    9243,
    10270,
    11297,
    12324,
    13351,
    14378,
    15405,
    16432,
    17459,
    18486,
    19513,
    20540,
    21567,
    22594,
    23621,
    24648,
    25675,
    26702,
    27729,
    28756,
    29783,
    30810,
    31837,
    32864,
    33891,
    34918,
    35945,
    36972,
    37999,
    39026,
    40053,
    41080,
    42107,
    43134,
    44161,
    45188,
    46215,
    47242,
    48269,
    49296,
    50323,
    51350,
    52377,
    53404,
    54431,
    55458,
    56485,
    57512,
    58539,
    59566,
    60593,
    61620,
    62647,
    63674,
    64701,
    65728,
    66755,
    67782,
    68809,
    69836,
    70863,
    71890,
    72917,
    73944,
    74971,
    75998,
    77025,
    78052,
    79079,
    80106,
    81133,
    82160,
    83187,
    84214,
    85241,
    86268,
    87295,
    88322,
    89349,
    90376,
    91403,
    92430,
    93457,
    94484,
    95511,
    96538,
    97565,
    98592,
    99619,
    100646,
    101673,
    102700
  ],
  "unit": "ns",
  "slope": {
    "estimate": 982.799179073541,
    "lower_bound": 970.053932743175,
    "unit": "ns",
    "upper_bound": 996.5477337816956
  },
  "change": {
    "change": "NoChange",
    "mean": {
      "estimate": -0.01898601287802626,
      "lower_bound": -0.02927274413829586,
      "unit": "%",
      "upper_bound": -0.005441183806308936
    },
    "median": {
      "estimate": -0.036850806215008136,
      "lower_bound": -0.03944279561839792,
      "unit": "%",
      "upper_bound": -0.02893757682785147
    }
  },
  "typical": {
    "estimate": 982.799179073541,
    "lower_bound": 970.053932743175,
    "unit": "ns",
    "upper_bound": 996.5477337816956
  }
}