{
  "change": {
    "change": "NoChange",
    "mean": {
      "estimate": -0.01811933723911741,
      "lower_bound": -0.037935968647589455,
      "unit": "%",
      "upper_bound": -0.0039545151537343035
    },
    "median": {
      "estimate": 0.002834468026230663,
      "lower_bound": -0.0005249084903592438,
      "unit": "%",
      "upper_bound": 0.007760828677745746
    }
  },
  "iteration_count": [
    990,
    1980,
    2970,
    3960,
    4950,
    5940,
    6930,
    7920,
    8910,
    9900,
    10890,
    11880,
    12870,
    13860,
    14850,
    15840,
    16830,
    17820,
    18810,
    19800,
    20790,
    21780,
    22770,
    23760,
    24750,
    25740,
    26730,
    27720,
    28710,
    29700,
    30690,
    31680,
    32670,
    33660,
    34650,
    35640,
    36630,
    37620,
    38610,
    39600,
    40590,
    41580,
    42570,
    43560,
    44550,
    45540,
    46530,
    47520,
    48510,
    49500,
    50490,
    51480,
    52470,
    53460,
    54450,
    55440,
    56430,
    57420,
    58410,
    59400,
    60390,
    61380,
    62370,
    63360,
    64350,
    65340,
    66330,
    67320,
    68310,
    69300,
    70290,
    71280,
    72270,
    73260,
    74250,
    75240,
    76230,
    77220,
    78210,
    79200,
    80190,
    81180,
    82170,
    83160,
    84150,
    85140,
    86130,
    87120,
    88110,
    89100,
    90090,
    91080,
    92070,
    93060,
    94050,
    95040,
    96030,
    97020,
    98010,
    99000
  ],
  "throughput": [],
  "slope": {
    "estimate": 999.6960486824802,
    "lower_bound": 998.9192759235726,
    "unit": "ns",
    "upper_bound": 1000.4715360226614
  },
  "typical": {
    "estimate": 999.6960486824802,
    "lower_bound": 998.9192759235726,
    "unit": "ns",
    "upper_bound": 1000.4715360226614
  },
  "mean": {
    "estimate": 999.5023469530404,
    "lower_bound": 998.68533869116,
    "unit": "ns",
    "upper_bound": 1000.3847008610333
  },
  "measured_values": [
    1012208.0,
    1992792.0,
    3008875.0,
    3934625.0,
    4950459.0,
    5903792.0,
    6957917.0,
    7874125.0,
    8864042.0,
    9906584.0,
    10832125.0,
    11877291.0,
    12859750.0,
    13815834.0,
    14793958.0,
    15796500.0,
    16838125.0,
    17755542.0,
    18781625.0,
    19771500.0,
    20761375.0,
    21777875.0,
    22774875.0,
    23677500.0,
    24799875.0,
    25662667.0,
    26649291.0,
    27670084.0,
    28733208.0,
    29587583.0,
    30698083.0,
    31806416.0,
    32729417.0,
    33743459.0,
    34812708.0,
    35758833.0,
    36766750.0,
    37710167.0,
    38756875.0,
    39749417.0,
    40279708.0,
    41434708.0,
    42101375.0,
    43609750.0,
    44723584.0,
    45581458.0,
    46556917.0,
    47648416.0,
    48647750.0,
    49301292.0,
    50402667.0,
    51258375.0,
    52290583.0,
    53175750.0,
    54173125.0,
    55195708.0,
    56215292.0,
    57191833.0,
    57932875.0,
    59294834.0,
    60026209.0,
    61102458.0,
    62075583.0,
    62966750.0,
    64090125.0,
    64911917.0,
    66438833.0,
    67358083.0,
    68369500.0,
    69377833.0,
    70276250.0,
    71405125.0,
    72378333.0,
    73326625.0,
    74395458.0,
    75432500.0,
    75949000.0,
    77268834.0,
    78244334.0,
    79132625.0,
    80166625.0,
    80888667.0,
    82293083.0,
    83283083.0,
    84245792.0,
    85328375.0,
    86204666.0,
    87144167.0,
    88130375.0,
    89095083.0,
    89793250.0,
    90934542.0,
    92087209.0,
    93111625.0,
    93739625.0,
    95112250.0,
    96309541.0,
    97143708.0,
    98240917.0,
    99749417.0
  ],
  "report_directory": "/Volumes/Files/_ranim/ranim-bench/ranim/target/criterion/reports/extract/polygon/20",
  "unit": "ns",
  "median": {
    "estimate": 1000.1398197024004,
    "lower_bound": 998.560606060606,
    "unit": "ns",
    "upper_bound": 1000.5990510306688
  },
  "median_abs_dev": {
    "estimate": 3.6925612925752582,
    "lower_bound": 2.628763763818848,
    "unit": "ns",
    "upper_bound": 4.897276738853144
  }
}