{
  "median": {
    "estimate": 457.2186074918567,
    "lower_bound": 456.2689133256594,
    "unit": "ns",
    "upper_bound": 458.23289004716344
  },
  "typical": {
    "estimate": 463.09605012637974,
    "lower_bound": 461.143105953639,
    "unit": "ns",
    "upper_bound": 465.2948161905788
  },
  "throughput": [],
  "iteration_count": [
    2149,
    4298,
    6447,
    8596,
    10745,
    12894,
    15043,
    17192,
    19341,
    21490,
    23639,
    25788,
    27937,
    30086,
    32235,
    34384,
    36533,
    38682,
    40831,
    42980,
    45129,
    47278,
    49427,
    51576,
    53725,
    55874,
    58023,
    60172,
    62321,
    64470,
    66619,
    68768,
    70917,
    73066,
    75215,
    77364,
    79513,
    81662,
    83811,
    85960,
    88109,
    90258,
    92407,
    94556,
    96705,
    98854,
    101003,
    103152,
    105301,
    107450,
    109599,
    111748,
    113897,
    116046,
    118195,
    120344,
    122493,
    124642,
    126791,
    128940,
    131089,
    133238,
    135387,
    137536,
    139685,
    141834,
    143983,
    146132,
    148281,
    150430,
    152579,
    154728,
    156877,
    159026,
    161175,
    163324,
    165473,
    167622,
    169771,
    171920,
    174069,
    176218,
    178367,
    180516,
    182665,
    184814,
    186963,
    189112,
    191261,
    193410,
    195559,
    197708,
    199857,
    202006,
    204155,
    206304,
    208453,
    210602,
    212751,
    214900
  ],
  "mean": {
    "estimate": 462.1104330641015,
    "lower_bound": 460.2677814976729,
    "unit": "ns",
    "upper_bound": 464.21049592843946
  },
  "measured_values": [
    1003666.0,
    1962459.0,
    2917541.0,
    3897166.0,
    4907709.0,
    5916625.0,
    6812375.0,
    7858875.0,
    8836042.0,
    9729542.0,
    10799250.0,
    11703417.0,
    12714291.0,
    13722292.0,
    14661291.0,
    15642042.0,
    16678333.0,
    17594209.0,
    18629916.0,
    19607958.0,
    20537334.0,
    21527583.0,
    22509750.0,
    23514584.0,
    24445375.0,
    25433708.0,
    26453542.0,
    27425083.0,
    28347459.0,
    29401375.0,
    30449417.0,
    31298125.0,
    32462333.0,
    33190792.0,
    34284500.0,
    35141667.0,
    36127625.0,
    37176625.0,
    38151167.0,
    39098833.0,
    40078292.0,
    47353375.0,
    42221375.0,
    43837583.0,
    45595750.0,
    46839500.0,
    47598750.0,
    48843542.0,
    50034959.0,
    50957167.0,
    51677250.0,
    53034667.0,
    54115708.0,
    54106459.0,
    53925166.0,
    56707084.0,
    57811125.0,
    58955333.0,
    59868209.0,
    60111000.0,
    60952750.0,
    62008500.0,
    64135959.0,
    65327916.0,
    66393958.0,
    67377333.0,
    68329041.0,
    69304584.0,
    70125541.0,
    70194584.0,
    69422958.0,
    70400916.0,
    71273500.0,
    74403292.0,
    76252667.0,
    77359875.0,
    78515500.0,
    79366250.0,
    80574417.0,
    81346666.0,
    80053584.0,
    80659458.0,
    81618333.0,
    83428083.0,
    83781583.0,
    84608458.0,
    85533000.0,
    86493459.0,
    87530791.0,
    88448958.0,
    89384958.0,
    90527375.0,
    91400417.0,
    91877459.0,
    92940459.0,
    93754500.0,
    94959709.0,
    95993166.0,
    96896167.0,
    99881292.0
  ],
  "unit": "ns",
  "slope": {
    "estimate": 463.09605012637974,
    "lower_bound": 461.143105953639,
    "unit": "ns",
    "upper_bound": 465.2948161905788
  },
  "report_directory": "/Volumes/Files/_ranim/ranim-bench/ranim/target/criterion/reports/extract/polygon/5",
  "change": {
    "change": "NoChange",
    "mean": {
      "estimate": -0.006443808120457417,
      "lower_bound": -0.010924526440524211,
      "unit": "%",
      "upper_bound": -0.001522777347753556
    },
    "median": {
      "estimate": -0.018906728340171264,
      "lower_bound": -0.02143225791379733,
      "unit": "%",
      "upper_bound": -0.016026654145571258
    }
  },
  "median_abs_dev": {
    "estimate": 3.5356604182630385,
    "lower_bound": 2.240225281830933,
    "unit": "ns",
    "upper_bound": 6.519564111802268
  }
}