{
  "measured_values": [
    1026625.0,
    1972042.0,
    2978125.0,
    3991375.0,
    5203750.0,
    5933000.0,
    7085625.0,
    7940125.0,
    8913292.0,
    10157667.0,
    11064208.0,
    12031334.0,
    12985584.0,
    13857792.0,
    14884167.0,
    15845458.0,
    16796709.0,
    17815958.0,
    18775750.0,
    19764458.0,
    20788458.0,
    21732584.0,
    22721000.0,
    23793208.0,
    24983625.0,
    25996709.0,
    26811750.0,
    27831917.0,
    28719917.0,
    29871375.0,
    30717500.0,
    31720750.0,
    32623667.0,
    33549333.0,
    34466958.0,
    35402167.0,
    36423000.0,
    37510208.0,
    38407250.0,
    39236459.0,
    40653666.0,
    41539667.0,
    42601500.0,
    43447250.0,
    44740791.0,
    45413875.0,
    46525708.0,
    47502959.0,
    48447333.0,
    49391708.0,
    50322500.0,
    51589750.0,
    53746125.0,
    53923958.0,
    55330417.0,
    56089208.0,
    57008041.0,
    57961333.0,
    58925250.0,
    59886542.0,
    59755167.0,
    61375208.0,
    63363083.0,
    63216417.0,
    64117750.0,
    65073584.0,
    66063750.0,
    67112417.0,
    68884583.0,
    69603541.0,
    69900250.0,
    70826125.0,
    71796583.0,
    72800125.0,
    73695458.0,
    75886416.0,
    77055875.0,
    77971833.0,
    79082958.0,
    79863833.0,
    80852459.0,
    81770334.0,
    82715708.0,
    83502750.0,
    84367917.0,
    85230292.0,
    86204500.0,
    87297459.0,
    88328459.0,
    89523458.0,
    90259292.0,
    91008542.0,
    92057583.0,
    93572875.0,
    93911583.0,
    94735833.0,
    95713458.0,
    96609959.0,
    97934167.0,
    100359250.0
  ],
  "report_directory": "/Volumes/Files/_ranim/ranim-bench/ranim/target/criterion/reports/extract/polygon/20",
  "throughput": [],
  "typical": {
    "estimate": 1012.4791771351366,
    "lower_bound": 1010.9259056608564,
    "unit": "ns",
    "upper_bound": 1014.091367611736
  },
  "iteration_count": [
    980,
    1960,
    2940,
    3920,
    4900,
    5880,
    6860,
    7840,
    8820,
    9800,
    10780,
    11760,
    12740,
    13720,
    14700,
    15680,
    16660,
    17640,
    18620,
    19600,
    20580,
    21560,
    22540,
    23520,
    24500,
    25480,
    26460,
    27440,
    28420,
    29400,
    30380,
    31360,
    32340,
    33320,
    34300,
    35280,
    36260,
    37240,
    38220,
    39200,
    40180,
    41160,
    42140,
    43120,
    44100,
    45080,
    46060,
    47040,
    48020,
    49000,
    49980,
    50960,
    51940,
    52920,
    53900,
    54880,
    55860,
    56840,
    57820,
    58800,
    59780,
    60760,
    61740,
    62720,
    63700,
    64680,
    65660,
    66640,
    67620,
    68600,
    69580,
    70560,
    71540,
    72520,
    73500,
    74480,
    75460,
    76440,
    77420,
    78400,
    79380,
    80360,
    81340,
    82320,
    83300,
    84280,
    85260,
    86240,
    87220,
    88200,
    89180,
    90160,
    91140,
    92120,
    93100,
    94080,
    95060,
    96040,
    97020,
    98000
  ],
  "mean": {
    "estimate": 1013.5299118126296,
    "lower_bound": 1011.8170433826332,
    "unit": "ns",
    "upper_bound": 1015.434412652363
  },
  "slope": {
    "estimate": 1012.4791771351366,
    "lower_bound": 1010.9259056608564,
    "unit": "ns",
    "upper_bound": 1014.091367611736
  },
  "median": {
    "estimate": 1011.0935809251398,
    "lower_bound": 1010.0213919976592,
    "unit": "ns",
    "upper_bound": 1012.7087709241
  },
  "change": {
    "change": "Regressed",
    "mean": {
      "estimate": 0.014641472948588865,
      "lower_bound": 0.010118103737177015,
      "unit": "%",
      "upper_bound": 0.018449555100489384
    },
    "median": {
      "estimate": 0.017010309446371608,
      "lower_bound": 0.014722064186094784,
      "unit": "%",
      "upper_bound": 0.020105723707669387
    }
  },
  "median_abs_dev": {
    "estimate": 6.177552811062801,
    "lower_bound": 4.377734734327625,
    "unit": "ns",
    "upper_bound": 8.585920771414038
  },
  "unit": "ns"
}