{
  "change": {
    "change": "NoChange",
    "mean": {
      "estimate": 0.012356607875790848,
      "lower_bound": 0.008427270948656335,
      "unit": "%",
      "upper_bound": 0.01642285149836422
    },
    "median": {
      "estimate": 0.016702222146834034,
      "lower_bound": 0.006953561876301594,
      "unit": "%",
      "upper_bound": 0.01854910427279478
    }
  },
  "iteration_count": [
    2168,
    4336,
    6504,
    8672,
    10840,
    13008,
    15176,
    17344,
    19512,
    21680,
    23848,
    26016,
    28184,
    30352,
    32520,
    34688,
    36856,
    39024,
    41192,
    43360,
    45528,
    47696,
    49864,
    52032,
    54200,
    56368,
    58536,
    60704,
    62872,
    65040,
    67208,
    69376,
    71544,
    73712,
    75880,
    78048,
    80216,
    82384,
    84552,
    86720,
    88888,
    91056,
    93224,
    95392,
    97560,
    99728,
    101896,
    104064,
    106232,
    108400,
    110568,
    112736,
    114904,
    117072,
    119240,
    121408,
    123576,
    125744,
    127912,
    130080,
    132248,
    134416,
    136584,
    138752,
    140920,
    143088,
    145256,
    147424,
    149592,
    151760,
    153928,
    156096,
    158264,
    160432,
    162600,
    164768,
    166936,
    169104,
    171272,
    173440,
    175608,
    177776,
    179944,
    182112,
    184280,
    186448,
    188616,
    190784,
    192952,
    195120,
    197288,
    199456,
    201624,
    203792,
    205960,
    208128,
    210296,
    212464,
    214632,
    216800
  ],
  "throughput": [],
  "median_abs_dev": {
    "estimate": 4.020184716450342,
    "lower_bound": 2.745464532761165,
    "unit": "ns",
    "upper_bound": 5.4227498185152925
  },
  "mean": {
    "estimate": 461.84082734057336,
    "lower_bound": 460.4263625029339,
    "unit": "ns",
    "upper_bound": 463.14566490815463
  },
  "measured_values": [
    1043208.0,
    1843500.0,
    2797333.0,
    4049542.0,
    5016875.0,
    6014042.0,
    7276417.0,
    7801333.0,
    9240625.0,
    10274834.0,
    11045000.0,
    12127791.0,
    13279292.0,
    14203125.0,
    15067584.0,
    16241458.0,
    17036917.0,
    18219125.0,
    19065500.0,
    20123333.0,
    21131083.0,
    22171583.0,
    23001209.0,
    24286792.0,
    25067125.0,
    26110583.0,
    27095458.0,
    28144541.0,
    29288625.0,
    30094917.0,
    31122083.0,
    32084375.0,
    33161667.0,
    34177583.0,
    35171000.0,
    36088208.0,
    37155459.0,
    37545458.0,
    38732041.0,
    40143541.0,
    40947167.0,
    42435208.0,
    43380000.0,
    44378125.0,
    44878167.0,
    45725916.0,
    46724084.0,
    47827708.0,
    49369958.0,
    50291125.0,
    50678625.0,
    51623667.0,
    52830833.0,
    53906708.0,
    54669167.0,
    55573792.0,
    56579000.0,
    57482625.0,
    57797084.0,
    59936709.0,
    61402250.0,
    61392542.0,
    62369291.0,
    64132417.0,
    65143458.0,
    66385000.0,
    67651625.0,
    68080250.0,
    69515666.0,
    70633500.0,
    71409875.0,
    72470750.0,
    73502417.0,
    73822542.0,
    74608458.0,
    77666041.0,
    77501834.0,
    78489708.0,
    79604417.0,
    79327125.0,
    80551125.0,
    80889542.0,
    82541250.0,
    83589583.0,
    84142250.0,
    85007375.0,
    86287625.0,
    88080459.0,
    90917041.0,
    91284833.0,
    91789542.0,
    92554250.0,
    93368792.0,
    94273958.0,
    95030459.0,
    95352833.0,
    96299625.0,
    97540750.0,
    97300958.0,
    99536167.0
  ],
  "unit": "ns",
  "report_directory": "/Volumes/Files/_ranim/ranim-bench/ranim/target/criterion/reports/extract/polygon/5",
  "typical": {
    "estimate": 461.16989702305034,
    "lower_bound": 460.0951984435847,
    "unit": "ns",
    "upper_bound": 462.2922430880802
  },
  "slope": {
    "estimate": 461.16989702305034,
    "lower_bound": 460.0951984435847,
    "unit": "ns",
    "upper_bound": 462.2922430880802
  },
  "median": {
    "estimate": 462.7626614391144,
    "lower_bound": 461.79896082049055,
    "unit": "ns",
    "upper_bound": 463.35345816296
  }
}