{
  "change": {
    "change": "NoChange",
    "mean": {
      "estimate": -0.0024222454932117943,
      "lower_bound": -0.0037785245293439794,
      "unit": "%",
      "upper_bound": -0.0011160286309096108
    },
    "median": {
      "estimate": -0.001558726601566529,
      "lower_bound": -0.0026223313180462338,
      "unit": "%",
      "upper_bound": -0.0005966301380291306
    }
  },
  "report_directory": "/Volumes/Files/_ranim/ranim-bench/ranim/target/criterion/reports/extract/arc",
  "slope": {
    "estimate": 550.0429591951207,
    "lower_bound": 549.7507178534792,
    "unit": "ns",
    "upper_bound": 550.3376224621794
  },
  "mean": {
    "estimate": 550.5681937296897,
    "lower_bound": 550.1371966868302,
    "unit": "ns",
    "upper_bound": 550.9972043844222
  },
  "measured_values": [
    988333.0,
    1963209.0,
    2962542.0,
    3909208.0,
    4871042.0,
    5950750.0,
    6790375.0,
    7749292.0,
    8787458.0,
    9803709.0,
    10784625.0,
    11651666.0,
    12734125.0,
    13731250.0,
    14580000.0,
    15436375.0,
    16534416.0,
    17685042.0,
    18639334.0,
    19650334.0,
    20618375.0,
    21593500.0,
    22690458.0,
    23539625.0,
    24559416.0,
    25551958.0,
    26578417.0,
    27469209.0,
    28422708.0,
    29387791.0,
    30426833.0,
    31452500.0,
    32298000.0,
    33402042.0,
    34356542.0,
    35307917.0,
    36304250.0,
    37232958.0,
    38244542.0,
    39166459.0,
    40161792.0,
    41134250.0,
    42196750.0,
    43152250.0,
    44207666.0,
    44822875.0,
    46003541.0,
    46896333.0,
    47876666.0,
    48733833.0,
    49708834.0,
    50833333.0,
    51703791.0,
    52924458.0,
    53788042.0,
    54663084.0,
    55790000.0,
    56737459.0,
    57688083.0,
    58709291.0,
    59669291.0,
    60723500.0,
    61557792.0,
    62617833.0,
    63503167.0,
    64070042.0,
    65320000.0,
    66514583.0,
    67573125.0,
    68400042.0,
    69402833.0,
    70406292.0,
    71465500.0,
    72411625.0,
    73384875.0,
    74384208.0,
    75034583.0,
    76128625.0,
    77026250.0,
    77897667.0,
    78935500.0,
    79842625.0,
    81081750.0,
    82275750.0,
    83049959.0,
    84140500.0,
    85151542.0,
    85987625.0,
    87267958.0,
    87907875.0,
    88732958.0,
    89919417.0,
    90918041.0,
    91979458.0,
    92536709.0,
    93523042.0,
    94830875.0,
    95960958.0,
    96741250.0,
    97855167.0
  ],
  "unit": "ns",
  "median_abs_dev": {
    "estimate": 1.7331617513863813,
    "lower_bound": 1.1687826061766786,
    "unit": "ns",
    "upper_bound": 2.2837014407025564
  },
  "typical": {
    "estimate": 550.0429591951207,
    "lower_bound": 549.7507178534792,
    "unit": "ns",
    "upper_bound": 550.3376224621794
  },
  "iteration_count": [
    1777,
    3554,
    5331,
    7108,
    8885,
    10662,
    12439,
    14216,
    15993,
    17770,
    19547,
    21324,
    23101,
    24878,
    26655,
    28432,
    30209,
    31986,
    33763,
    35540,
    37317,
    39094,
    40871,
    42648,
    44425,
    46202,
    47979,
    49756,
    51533,
    53310,
    55087,
    56864,
    58641,
    60418,
    62195,
    63972,
    65749,
    67526,
    69303,
    71080,
    72857,
    74634,
    76411,
    78188,
    79965,
    81742,
    83519,
    85296,
    87073,
    88850,
    90627,
    92404,
    94181,
    95958,
    97735,
    99512,
    101289,
    103066,
    104843,
    106620,
    108397,
    110174,
    111951,
    113728,
    115505,
    117282,
    119059,
    120836,
    122613,
    124390,
    126167,
    127944,
    129721,
    131498,
    133275,
    135052,
    136829,
    138606,
    140383,
    142160,
    143937,
    145714,
    147491,
    149268,
    151045,
    152822,
    154599,
    156376,
    158153,
    159930,
    161707,
    163484,
    165261,
    167038,
    168815,
    170592,
    172369,
    174146,
    175923,
    177700
  ],
  "throughput": [],
  "median": {
    "estimate": 550.6452041850757,
    "lower_bound": 550.2259575871144,
    "unit": "ns",
    "upper_bound": 551.0194006752954
  }
}