{
  "mean": {
    "estimate": 589.9950454924914,
    "lower_bound": 589.5433285119144,
    "unit": "ns",
    "upper_bound": 590.5005775399356
  },
  "throughput": [],
  "iteration_count": [
    1682,
    3364,
    5046,
    6728,
    8410,
    10092,
    11774,
    13456,
    15138,
    16820,
    18502,
    20184,
    21866,
    23548,
    25230,
    26912,
    28594,
    30276,
    31958,
    33640,
    35322,
    37004,
    38686,
    40368,
    42050,
    43732,
    45414,
    47096,
    48778,
    50460,
    52142,
    53824,
    55506,
    57188,
    58870,
    60552,
    62234,
    63916,
    65598,
    67280,
    68962,
    70644,
    72326,
    74008,
    75690,
    77372,
    79054,
    80736,
    82418,
    84100,
    85782,
    87464,
    89146,
    90828,
    92510,
    94192,
    95874,
    97556,
    99238,
    100920,
    102602,
    104284,
    105966,
    107648,
    109330,
    111012,
    112694,
    114376,
    116058,
    117740,
    119422,
    121104,
    122786,
    124468,
    126150,
    127832,
    129514,
    131196,
    132878,
    134560,
    136242,
    137924,
    139606,
    141288,
    142970,
    144652,
    146334,
    148016,
    149698,
    151380,
    153062,
    154744,
    156426,
    158108,
    159790,
    161472,
    163154,
    164836,
    166518,
    168200
  ],
  "median": {
    "estimate": 589.36759011653,
    "lower_bound": 589.0728716141172,
    "unit": "ns",
    "upper_bound": 589.8378513421205
  },
  "unit": "ns",
  "measured_values": [
    1006042.0,
    2002000.0,
    2978541.0,
    4009375.0,
    4952917.0,
    5922417.0,
    6960209.0,
    7921292.0,
    8917792.0,
    9978542.0,
    10967416.0,
    11925583.0,
    12900625.0,
    13880250.0,
    14944167.0,
    15919959.0,
    16894833.0,
    17896583.0,
    18931291.0,
    19871583.0,
    20920875.0,
    21884416.0,
    22946333.0,
    23865500.0,
    24926084.0,
    25904292.0,
    26812292.0,
    28061959.0,
    28942083.0,
    29788834.0,
    30855500.0,
    31820583.0,
    32761709.0,
    33710083.0,
    34715291.0,
    35504041.0,
    36687709.0,
    37743042.0,
    38603833.0,
    39693458.0,
    40621083.0,
    41511083.0,
    42538666.0,
    43660333.0,
    44257750.0,
    45695750.0,
    46591125.0,
    47589459.0,
    48553333.0,
    49531083.0,
    50614000.0,
    51525875.0,
    52574667.0,
    53489667.0,
    54420625.0,
    55452083.0,
    56449000.0,
    57357000.0,
    58440041.0,
    59386750.0,
    60461417.0,
    61355708.0,
    62429500.0,
    63395708.0,
    64440250.0,
    65367625.0,
    66361209.0,
    67324000.0,
    68608834.0,
    69372625.0,
    70268250.0,
    71309500.0,
    72222708.0,
    73208500.0,
    74187958.0,
    75280000.0,
    76245833.0,
    77028125.0,
    78017959.0,
    79175167.0,
    80269625.0,
    81236541.0,
    84291958.0,
    83223750.0,
    84246791.0,
    85432875.0,
    86175458.0,
    87374167.0,
    88386584.0,
    89400500.0,
    90115750.0,
    91172833.0,
    92249667.0,
    93258083.0,
    94279667.0,
    95049500.0,
    96159208.0,
    96938875.0,
    97885667.0,
    98865416.0
  ],
  "report_directory": "/Volumes/Files/_ranim/ranim-bench/ranim/target/criterion/reports/extract/circle",
  "typical": {
    "estimate": 589.3786217246142,
    "lower_bound": 588.8892372189043,
    "unit": "ns",
    "upper_bound": 590.1205755428481
  },
  "median_abs_dev": {
    "estimate": 1.4079408365649302,
    "lower_bound": 0.9788142761331844,
    "unit": "ns",
    "upper_bound": 1.7597966848577171
  },
  "slope": {
    "estimate": 589.3786217246142,
    "lower_bound": 588.8892372189043,
    "unit": "ns",
    "upper_bound": 590.1205755428481
  },
  "change": {
    "change": "NoChange",
    "mean": {
      "estimate": -0.00515955443366245,
      "lower_bound": -0.0065040294335015954,
      "unit": "%",
      "upper_bound": -0.003836023171673116
    },
    "median": {
      "estimate": -0.005761935280264807,
      "lower_bound": -0.006636801959342345,
      "unit": "%",
      "upper_bound": -0.004821133221908025
    }
  }
}