{
  "unit": "ns",
  "iteration_count": [
    2473,
    4946,
    7419,
    9892,
    12365,
    14838,
    17311,
    19784,
    22257,
    24730,
    27203,
    29676,
    32149,
    34622,
    37095,
    39568,
    42041,
    44514,
    46987,
    49460,
    51933,
    54406,
    56879,
    59352,
    61825,
    64298,
    66771,
    69244,
    71717,
    74190,
    76663,
    79136,
    81609,
    84082,
    86555,
    89028,
    91501,
    93974,
    96447,
    98920,
    101393,
    103866,
    106339,
    108812,
    111285,
    113758,
    116231,
    118704,
    121177,
    123650,
    126123,
    128596,
    131069,
    133542,
    136015,
    138488,
    140961,
    143434,
    145907,
    148380,
    150853,
    153326,
    155799,
    158272,
    160745,
    163218,
    165691,
    168164,
    170637,
    173110,
    175583,
    178056,
    180529,
    183002,
    185475,
    187948,
    190421,
    192894,
    195367,
    197840,
    200313,
    202786,
    205259,
    207732,
    210205,
    212678,
    215151,
    217624,
    220097,
    222570,
    225043,
    227516,
    229989,
    232462,
    234935,
    237408,
    239881,
    242354,
    244827,
    247300
  ],
  "mean": {
    "estimate": 402.20106897220035,
    "lower_bound": 401.67844788924384,
    "unit": "ns",
    "upper_bound": 402.6901285006952
  },
  "report_directory": "/Volumes/Files/_ranim/ranim-bench/ranim/target/criterion/reports/extract/rectangle",
  "median_abs_dev": {
    "estimate": 1.8403289132975555,
    "lower_bound": 1.1513453660978132,
    "unit": "ns",
    "upper_bound": 2.4772554697994833
  },
  "slope": {
    "estimate": 401.6427149188777,
    "lower_bound": 400.7840035526635,
    "unit": "ns",
    "upper_bound": 402.46616410274373
  },
  "measured_values": [
    1003042.0,
    1968667.0,
    2964792.0,
    3973084.0,
    4957125.0,
    5995000.0,
    6983125.0,
    7908917.0,
    8974500.0,
    9922666.0,
    11023958.0,
    11902167.0,
    12923500.0,
    13912167.0,
    14889167.0,
    15862542.0,
    16925375.0,
    17923750.0,
    19028042.0,
    19825250.0,
    20853084.0,
    21943792.0,
    22899459.0,
    23827125.0,
    24956459.0,
    25767292.0,
    26860917.0,
    27891167.0,
    28939958.0,
    29920625.0,
    31010458.0,
    31945625.0,
    33028708.0,
    33905417.0,
    34981917.0,
    36159625.0,
    36993500.0,
    37943917.0,
    38955833.0,
    39994541.0,
    40945541.0,
    42031375.0,
    42954041.0,
    43972000.0,
    44981667.0,
    45917916.0,
    46984958.0,
    48071500.0,
    48942917.0,
    49547167.0,
    50082792.0,
    50818625.0,
    52251084.0,
    53682334.0,
    54564333.0,
    55565292.0,
    56338708.0,
    57809167.0,
    58874667.0,
    59907833.0,
    61016708.0,
    61908917.0,
    62876334.0,
    63878708.0,
    65024333.0,
    65226542.0,
    67096417.0,
    67917333.0,
    68517000.0,
    68468625.0,
    69418125.0,
    70432750.0,
    72419000.0,
    73921083.0,
    74829833.0,
    75957292.0,
    76896791.0,
    77974500.0,
    78998333.0,
    79224666.0,
    80267708.0,
    81938709.0,
    82857708.0,
    84067375.0,
    84955042.0,
    85938167.0,
    86882375.0,
    87901625.0,
    88875875.0,
    89593125.0,
    90499750.0,
    91378875.0,
    92294292.0,
    92316250.0,
    93152667.0,
    93854667.0,
    94697667.0,
    96517667.0,
    98361959.0,
    99303375.0
  ],
  "median": {
    "estimate": 403.26977632945614,
    "lower_bound": 402.1362867112968,
    "unit": "ns",
    "upper_bound": 403.66290335624745
  },
  "typical": {
    "estimate": 401.6427149188777,
    "lower_bound": 400.7840035526635,
    "unit": "ns",
    "upper_bound": 402.46616410274373
  },
  "throughput": [],
  "change": {
    "change": "NoChange",
    "mean": {
      "estimate": 0.0034150451602330545,
      "lower_bound": 0.0016814494434466702,
      "unit": "%",
      "upper_bound": 0.00509469412862869
    },
    "median": {
      "estimate": 0.0065868706506091446,
      "lower_bound": 0.003499157681703835,
      "unit": "%",
      "upper_bound": 0.007770327810229238
    }
  }
}