{
  "report_directory": "/Volumes/Files/_ranim/ranim-bench/ranim/target/criterion/reports/extract/rectangle",
  "throughput": [],
  "typical": {
    "estimate": 398.88499510675393,
    "lower_bound": 398.5617971091275,
    "unit": "ns",
    "upper_bound": 399.2628384996001
  },
  "iteration_count": [
    2469,
    4938,
    7407,
    9876,
    12345,
    14814,
    17283,
    19752,
    22221,
    24690,
    27159,
    29628,
    32097,
    34566,
    37035,
    39504,
    41973,
    44442,
    46911,
    49380,
    51849,
    54318,
    56787,
    59256,
    61725,
    64194,
    66663,
    69132,
    71601,
    74070,
    76539,
    79008,
    81477,
    83946,
    86415,
    88884,
    91353,
    93822,
    96291,
    98760,
    101229,
    103698,
    106167,
    108636,
    111105,
    113574,
    116043,
    118512,
    120981,
    123450,
    125919,
    128388,
    130857,
    133326,
    135795,
    138264,
    140733,
    143202,
    145671,
    148140,
    150609,
    153078,
    155547,
    158016,
    160485,
    162954,
    165423,
    167892,
    170361,
    172830,
    175299,
    177768,
    180237,
    182706,
    185175,
    187644,
    190113,
    192582,
    195051,
    197520,
    199989,
    202458,
    204927,
    207396,
    209865,
    212334,
    214803,
    217272,
    219741,
    222210,
    224679,
    227148,
    229617,
    232086,
    234555,
    237024,
    239493,
    241962,
    244431,
    246900
  ],
  "measured_values": [
    1006250.0,
    1975208.0,
    2959167.0,
    3954250.0,
    4952042.0,
    6006125.0,
    6921084.0,
    7922584.0,
    8973625.0,
    9889459.0,
    10952375.0,
    11868666.0,
    12890875.0,
    13881125.0,
    14900042.0,
    15891583.0,
    16881834.0,
    17795334.0,
    18890250.0,
    19833792.0,
    20818417.0,
    21805584.0,
    22867959.0,
    23798375.0,
    24853167.0,
    25793250.0,
    26824458.0,
    27812000.0,
    28818666.0,
    29781125.0,
    30734917.0,
    31765583.0,
    32572666.0,
    33722250.0,
    34586708.0,
    35255875.0,
    36373042.0,
    37447250.0,
    38455125.0,
    39233583.0,
    40512417.0,
    41383292.0,
    42496042.0,
    43405417.0,
    44381708.0,
    45279583.0,
    46328084.0,
    47297875.0,
    48385417.0,
    49286708.0,
    50217292.0,
    51251166.0,
    52192333.0,
    53361167.0,
    54693000.0,
    55732875.0,
    56128542.0,
    56994917.0,
    58025083.0,
    58946541.0,
    59873833.0,
    60949833.0,
    61814084.0,
    62873958.0,
    63876750.0,
    64849625.0,
    65948292.0,
    66766125.0,
    67843250.0,
    68896500.0,
    69722083.0,
    70898709.0,
    71989708.0,
    72883208.0,
    73890417.0,
    74811250.0,
    75725542.0,
    76622459.0,
    77738750.0,
    78733125.0,
    79890333.0,
    80664541.0,
    81383417.0,
    82524125.0,
    83396125.0,
    84422375.0,
    85378792.0,
    86458458.0,
    87535458.0,
    88565000.0,
    89597500.0,
    90528791.0,
    91492125.0,
    92470000.0,
    94211084.0,
    95423000.0,
    95222459.0,
    96982833.0,
    97400166.0,
    98426041.0
  ],
  "change": {
    "change": "NoChange",
    "mean": {
      "estimate": -0.005805038186507128,
      "lower_bound": -0.007355986420402193,
      "unit": "%",
      "upper_bound": -0.004181556997849228
    },
    "median": {
      "estimate": -0.009997297841012552,
      "lower_bound": -0.011521594646571764,
      "unit": "%",
      "upper_bound": -0.006644613422339685
    }
  },
  "unit": "ns",
  "median_abs_dev": {
    "estimate": 1.8606108380011388,
    "lower_bound": 1.3306029959326484,
    "unit": "ns",
    "upper_bound": 2.526583905215979
  },
  "mean": {
    "estimate": 399.8662764081627,
    "lower_bound": 399.483969192314,
    "unit": "ns",
    "upper_bound": 400.2658272761714
  },
  "median": {
    "estimate": 399.238168265212,
    "lower_bound": 398.8181546115068,
    "unit": "ns",
    "upper_bound": 400.07396142228345
  },
  "slope": {
    "estimate": 398.88499510675393,
    "lower_bound": 398.5617971091275,
    "unit": "ns",
    "upper_bound": 399.2628384996001
  }
}