{
  "iteration_count": [
    484,
    484,
    484,
    484,
    484,
    484,
    484,
    484,
    484,
    484,
    484,
    484,
    484,
    484,
    484,
    484,
    484,
    484,
    484,
    484,
    484,
    484,
    484,
    484,
    484,
    484,
    484,
    484,
    484,
    484,
    484,
    484,
    484,
    484,
    484,
    484,
    484,
    484,
    484,
    484,
    484,
    484,
    484,
    484,
    484,
    484,
    484,
    484,
    484,
    484
  ],
  "report_directory": "E:\\_ranim\\ranim-bench\\ranim\\target\\criterion\\reports\\cpu_submit\\no_wait\\100",
  "unit": "ns",
  "throughput": [],
  "median": {
    "estimate": 265114.35950413224,
    "lower_bound": 259153.0991735537,
    "unit": "ns",
    "upper_bound": 275633.6776859504
  },
  "slope": null,
  "change": {
    "change": "Improved",
    "mean": {
      "estimate": -0.7150059764434427,
      "lower_bound": -0.7846633261036783,
      "unit": "%",
      "upper_bound": -0.625334215794472
    },
    "median": {
      "estimate": -0.7844716260116876,
      "lower_bound": -0.7898863023631798,
      "unit": "%",
      "upper_bound": -0.7764616992094056
    }
  },
  "mean": {
    "estimate": 351836.5867768595,
    "lower_bound": 262721.62809917354,
    "unit": "ns",
    "upper_bound": 467390.2530991732
  },
  "typical": {
    "estimate": 351836.5867768595,
    "lower_bound": 262721.62809917354,
    "unit": "ns",
    "upper_bound": 467390.2530991732
  },
  "measured_values": [
    128374300.0,
    122442300.0,
    128351400.0,
    128279300.0,
    124789500.0,
    127514100.0,
    127843100.0,
    130638700.0,
    126134500.0,
    130130300.0,
    126070700.0,
    125667800.0,
    123946000.0,
    126467200.0,
    133406700.0,
    148639800.0,
    136789600.0,
    128860000.0,
    129768100.0,
    135161400.0,
    134855000.0,
    162500800.0,
    171281600.0,
    145483800.0,
    148733900.0,
    143007300.0,
    147247800.0,
    162484200.0,
    152296000.0,
    147077500.0,
    145904700.0,
    141758400.0,
    920609000.0,
    599549000.0,
    1029737000.0,
    98925000.0,
    102612500.0,
    105230200.0,
    103921500.0,
    102698100.0,
    106439300.0,
    110885900.0,
    106521700.0,
    109159900.0,
    113683300.0,
    98572100.0,
    112668600.0,
    109986800.0,
    100310700.0,
    91029000.0
  ],
  "median_abs_dev": {
    "estimate": 52990.5430055108,
    "lower_bound": 21749.49655601801,
    "unit": "ns",
    "upper_bound": 62241.93620903432
  }
}