{
  "mean": {
    "estimate": 222785.8416666667,
    "lower_bound": 220310.7948958333,
    "unit": "ns",
    "upper_bound": 225295.3046875
  },
  "measured_values": [
    104727000.0,
    101021300.0,
    102064200.0,
    101232800.0,
    100439200.0,
    100713300.0,
    102388000.0,
    102063300.0,
    101237700.0,
    103630800.0,
    105224100.0,
    101383000.0,
    104144400.0,
    102198800.0,
    101636300.0,
    101708200.0,
    103723000.0,
    102203900.0,
    105474000.0,
    103461200.0,
    104461200.0,
    106677000.0,
    105592400.0,
    106684200.0,
    106012600.0,
    106840700.0,
    113546400.0,
    113567600.0,
    110743300.0,
    107921900.0,
    114470900.0,
    113723200.0,
    109736100.0,
    109859400.0,
    112054200.0,
    110107000.0,
    108833900.0,
    109478300.0,
    109662100.0,
    108527400.0,
    112786100.0,
    112436200.0,
    112796600.0,
    111130600.0,
    109141600.0,
    114360200.0,
    105954500.0,
    107012200.0,
    108664000.0,
    113403900.0
  ],
  "unit": "ns",
  "iteration_count": [
    480,
    480,
    480,
    480,
    480,
    480,
    480,
    480,
    480,
    480,
    480,
    480,
    480,
    480,
    480,
    480,
    480,
    480,
    480,
    480,
    480,
    480,
    480,
    480,
    480,
    480,
    480,
    480,
    480,
    480,
    480,
    480,
    480,
    480,
    480,
    480,
    480,
    480,
    480,
    480,
    480,
    480,
    480,
    480,
    480,
    480,
    480,
    480,
    480,
    480
  ],
  "change": {
    "change": "Improved",
    "mean": {
      "estimate": -0.4103455256772257,
      "lower_bound": -0.4168878528096326,
      "unit": "%",
      "upper_bound": -0.4030273194213009
    },
    "median": {
      "estimate": -0.4090975950819888,
      "lower_bound": -0.41918352358270505,
      "unit": "%",
      "upper_bound": -0.39606436264354694
    }
  },
  "report_directory": "E:\\_ranim\\ranim-bench\\ranim\\target\\criterion\\reports\\cpu_submit\\no_wait\\25",
  "typical": {
    "estimate": 222785.8416666667,
    "lower_bound": 220310.7948958333,
    "unit": "ns",
    "upper_bound": 225295.3046875
  },
  "median": {
    "estimate": 222251.25,
    "lower_bound": 218181.25,
    "unit": "ns",
    "upper_bound": 226880.83333333337
  },
  "median_abs_dev": {
    "estimate": 11565.978607162848,
    "lower_bound": 8154.145417734995,
    "unit": "ns",
    "upper_bound": 14867.500953236598
  },
  "throughput": [],
  "slope": null
}