{
  "unit": "ns",
  "typical": {
    "estimate": 312720.6965174129,
    "lower_bound": 286743.41368159204,
    "unit": "ns",
    "upper_bound": 345276.0436567165
  },
  "median": {
    "estimate": 278045.5223880597,
    "lower_bound": 272988.9303482587,
    "unit": "ns",
    "upper_bound": 297599.3781094527
  },
  "throughput": [],
  "iteration_count": [
    402,
    402,
    402,
    402,
    402,
    402,
    402,
    402,
    402,
    402,
    402,
    402,
    402,
    402,
    402,
    402,
    402,
    402,
    402,
    402,
    402,
    402,
    402,
    402,
    402,
    402,
    402,
    402,
    402,
    402,
    402,
    402,
    402,
    402,
    402,
    402,
    402,
    402,
    402,
    402,
    402,
    402,
    402,
    402,
    402,
    402,
    402,
    402,
    402,
    402
  ],
  "median_abs_dev": {
    "estimate": 27956.598458895016,
    "lower_bound": 16077.91158023172,
    "unit": "ns",
    "upper_bound": 41087.19718100419
  },
  "measured_values": [
    107725000.0,
    100199400.0,
    101997500.0,
    281828500.0,
    128633900.0,
    95848200.0,
    103748100.0,
    110697800.0,
    111384400.0,
    106961500.0,
    104804500.0,
    110923500.0,
    112164200.0,
    105225500.0,
    106627500.0,
    104814500.0,
    103733000.0,
    110067400.0,
    116584200.0,
    122685700.0,
    123437300.0,
    124838400.0,
    123142100.0,
    107617700.0,
    211085200.0,
    256285100.0,
    97411800.0,
    104843500.0,
    125313600.0,
    135470300.0,
    124325200.0,
    130855300.0,
    122756900.0,
    124668500.0,
    135722600.0,
    122824600.0,
    108478700.0,
    107614200.0,
    102261600.0,
    109415700.0,
    110286400.0,
    110657900.0,
    118908700.0,
    113003700.0,
    114413300.0,
    109989000.0,
    113639000.0,
    114483100.0,
    133665600.0,
    301616700.0
  ],
  "slope": null,
  "report_directory": "E:\\_ranim\\ranim-bench\\ranim\\target\\criterion\\reports\\cpu_submit\\no_wait\\400",
  "change": {
    "change": "Improved",
    "mean": {
      "estimate": -0.9400049093721324,
      "lower_bound": -0.9451308660751117,
      "unit": "%",
      "upper_bound": -0.93395588467679
    },
    "median": {
      "estimate": -0.9464867829167308,
      "lower_bound": -0.9476341990682258,
      "unit": "%",
      "upper_bound": -0.9433850209196536
    }
  },
  "mean": {
    "estimate": 312720.6965174129,
    "lower_bound": 286743.41368159204,
    "unit": "ns",
    "upper_bound": 345276.0436567165
  }
}