{
  "typical": {
    "estimate": 1607300.295294117,
    "lower_bound": 1606007.326051471,
    "unit": "ns",
    "upper_bound": 1608667.5636029418
  },
  "report_directory": "/Volumes/Files/_ranim/ranim-bench/ranim/target/criterion/reports/cpu_submit/no_wait/100",
  "slope": null,
  "throughput": [],
  "mean": {
    "estimate": 1607300.295294117,
    "lower_bound": 1606007.326051471,
    "unit": "ns",
    "upper_bound": 1608667.5636029418
  },
  "iteration_count": [
    68,
    68,
    68,
    68,
    68,
    68,
    68,
    68,
    68,
    68,
    68,
    68,
    68,
    68,
    68,
    68,
    68,
    68,
    68,
    68,
    68,
    68,
    68,
    68,
    68,
    68,
    68,
    68,
    68,
    68,
    68,
    68,
    68,
    68,
    68,
    68,
    68,
    68,
    68,
    68,
    68,
    68,
    68,
    68,
    68,
    68,
    68,
    68,
    68,
    68
  ],
  "median_abs_dev": {
    "estimate": 4322.433011496962,
    "lower_bound": 3110.102291843389,
    "unit": "ns",
    "upper_bound": 5549.8102131254445
  },
  "measured_values": [
    108767834.0,
    109062000.0,
    108891334.0,
    109668708.0,
    109052500.0,
    109271084.0,
    109191416.0,
    109398875.0,
    108968458.0,
    108644375.0,
    109144458.0,
    108551333.0,
    109228834.0,
    109043459.0,
    110511834.0,
    109276125.0,
    109431833.0,
    109595167.0,
    109345000.0,
    109688000.0,
    109247959.0,
    109639834.0,
    109011584.0,
    109489333.0,
    109131375.0,
    109101166.0,
    109119583.0,
    109001125.0,
    109571292.0,
    109278083.0,
    109330333.0,
    109320125.0,
    109468250.0,
    109439000.0,
    109424583.0,
    109482250.0,
    109113583.0,
    109590875.0,
    109558292.0,
    109338000.0,
    109444209.0,
    108954750.0,
    109179583.0,
    109878833.0,
    108871667.0,
    109494459.0,
    109241292.0,
    109522042.0,
    109297000.0,
    109547917.0
  ],
  "change": {
    "change": "Improved",
    "mean": {
      "estimate": -0.5635894871876167,
      "lower_bound": -0.5663941750793952,
      "unit": "%",
      "upper_bound": -0.5606252813566437
    },
    "median": {
      "estimate": -0.5645273163248365,
      "lower_bound": -0.5687710519593132,
      "unit": "%",
      "upper_bound": -0.5604507493461444
    }
  },
  "median": {
    "estimate": 1607169.7279411764,
    "lower_bound": 1605756.1176470588,
    "unit": "ns",
    "upper_bound": 1609185.044117647
  },
  "unit": "ns"
}