{
  "iteration_count": [
    67,
    67,
    67,
    67,
    67,
    67,
    67,
    67,
    67,
    67,
    67,
    67,
    67,
    67,
    67,
    67,
    67,
    67,
    67,
    67,
    67,
    67,
    67,
    67,
    67,
    67,
    67,
    67,
    67,
    67,
    67,
    67,
    67,
    67,
    67,
    67,
    67,
    67,
    67,
    67,
    67,
    67,
    67,
    67,
    67,
    67,
    67,
    67,
    67,
    67
  ],
  "measured_values": [
    119740917.0,
    120011250.0,
    119765042.0,
    118815750.0,
    119148750.0,
    119269083.0,
    119739792.0,
    119509791.0,
    119094417.0,
    119658166.0,
    119131084.0,
    119476375.0,
    119468959.0,
    119188208.0,
    119213458.0,
    119212291.0,
    119130750.0,
    119542000.0,
    119835583.0,
    119515458.0,
    119146000.0,
    118790583.0,
    119157334.0,
    119497334.0,
    119568083.0,
    119348708.0,
    119655000.0,
    119047250.0,
    119474750.0,
    118944458.0,
    119150125.0,
    119234042.0,
    118858458.0,
    119050834.0,
    119065250.0,
    119154750.0,
    119205000.0,
    118981667.0,
    118831000.0,
    119201125.0,
    118975625.0,
    119516959.0,
    119203875.0,
    119192250.0,
    118913833.0,
    119373042.0,
    119240291.0,
    119563417.0,
    119123250.0,
    119140541.0
  ],
  "report_directory": "/Volumes/Files/_ranim/ranim-bench/ranim/target/criterion/reports/cpu_submit/no_wait/1600",
  "slope": null,
  "change": {
    "change": "Improved",
    "mean": {
      "estimate": -0.9734498430916588,
      "lower_bound": -0.9735361184949104,
      "unit": "%",
      "upper_bound": -0.9733711590744644
    },
    "median": {
      "estimate": -0.97340091460671,
      "lower_bound": -0.9735635060771044,
      "unit": "%",
      "upper_bound": -0.9733246394905444
    }
  },
  "median_abs_dev": {
    "estimate": 4330.243020137607,
    "lower_bound": 1744.9095272307784,
    "unit": "ns",
    "upper_bound": 6158.133889178922
  },
  "mean": {
    "estimate": 1780319.9874626868,
    "lower_bound": 1779161.9724552245,
    "unit": "ns",
    "upper_bound": 1781514.8623880595
  },
  "unit": "ns",
  "throughput": [],
  "typical": {
    "estimate": 1780319.9874626868,
    "lower_bound": 1779161.9724552245,
    "unit": "ns",
    "upper_bound": 1781514.8623880595
  },
  "median": {
    "estimate": 1779170.7089552237,
    "lower_bound": 1778360.0746268656,
    "unit": "ns",
    "upper_bound": 1781324.0
  }
}