{
  "unit": "ns",
  "slope": null,
  "typical": {
    "estimate": 1532903.4391549302,
    "lower_bound": 1531312.6164859156,
    "unit": "ns",
    "upper_bound": 1534747.8860704226
  },
  "throughput": [],
  "change": {
    "change": "Improved",
    "mean": {
      "estimate": -0.03521756547074939,
      "lower_bound": -0.037252650991837166,
      "unit": "%",
      "upper_bound": -0.033241152575511426
    },
    "median": {
      "estimate": -0.035158419535327834,
      "lower_bound": -0.037255508735600795,
      "unit": "%",
      "upper_bound": -0.03350462785638897
    }
  },
  "iteration_count": [
    71,
    71,
    71,
    71,
    71,
    71,
    71,
    71,
    71,
    71,
    71,
    71,
    71,
    71,
    71,
    71,
    71,
    71,
    71,
    71,
    71,
    71,
    71,
    71,
    71,
    71,
    71,
    71,
    71,
    71,
    71,
    71,
    71,
    71,
    71,
    71,
    71,
    71,
    71,
    71,
    71,
    71,
    71,
    71,
    71,
    71,
    71,
    71,
    71,
    71
  ],
  "report_directory": "/Volumes/Files/_ranim/ranim-bench/ranim/target/criterion/reports/cpu_submit/no_wait/25",
  "mean": {
    "estimate": 1532903.4391549302,
    "lower_bound": 1531312.6164859156,
    "unit": "ns",
    "upper_bound": 1534747.8860704226
  },
  "median_abs_dev": {
    "estimate": 3973.6080688911616,
    "lower_bound": 2465.344498485021,
    "unit": "ns",
    "upper_bound": 5809.8916630508265
  },
  "measured_values": [
    108672292.0,
    108611292.0,
    108345709.0,
    108831834.0,
    108995416.0,
    108838208.0,
    108834333.0,
    108556208.0,
    108541292.0,
    108550417.0,
    108493584.0,
    108516750.0,
    108844083.0,
    108415958.0,
    108724750.0,
    108551209.0,
    109211125.0,
    109195917.0,
    108369458.0,
    108590709.0,
    108622083.0,
    108532625.0,
    108939541.0,
    108385667.0,
    108874625.0,
    108496833.0,
    109010750.0,
    108526167.0,
    108343625.0,
    108559292.0,
    108623542.0,
    109958417.0,
    110813500.0,
    109655208.0,
    109116458.0,
    109634875.0,
    108912541.0,
    108950125.0,
    108692584.0,
    108575542.0,
    108990833.0,
    108670625.0,
    109051875.0,
    108816833.0,
    109355708.0,
    108846750.0,
    109038958.0,
    108802708.0,
    108588625.0,
    108729750.0
  ],
  "median": {
    "estimate": 1531369.7183098593,
    "lower_bound": 1529667.549295775,
    "unit": "ns",
    "upper_bound": 1533015.2535211267
  }
}