{
  "measured_values": [
    109548625.0,
    109441667.0,
    109732667.0,
    109317542.0,
    109759708.0,
    109625875.0,
    109256208.0,
    109466583.0,
    109080667.0,
    109202625.0,
    109435708.0,
    109720166.0,
    108848167.0,
    109072458.0,
    109233375.0,
    108608416.0,
    109265917.0,
    108748875.0,
    109286708.0,
    109080334.0,
    109788084.0,
    109090458.0,
    109357917.0,
    109234292.0,
    109236791.0,
    109070583.0,
    108710042.0,
    109245833.0,
    109125333.0,
    109577000.0,
    108884625.0,
    108978125.0,
    109423584.0,
    109173125.0,
    109205959.0,
    109330417.0,
    109418709.0,
    109366417.0,
    110075792.0,
    109371166.0,
    109732292.0,
    109847750.0,
    109616375.0,
    109991833.0,
    109367792.0,
    109805000.0,
    110326208.0,
    109973500.0,
    109641584.0,
    109240917.0
  ],
  "mean": {
    "estimate": 1709043.685625,
    "lower_bound": 1707525.4683359377,
    "unit": "ns",
    "upper_bound": 1710597.5933984374
  },
  "median": {
    "estimate": 1708502.609375,
    "lower_bound": 1706889.328125,
    "unit": "ns",
    "upper_bound": 1709932.9375
  },
  "median_abs_dev": {
    "estimate": 5635.524659324437,
    "lower_bound": 2901.019584434107,
    "unit": "ns",
    "upper_bound": 7241.1920136306435
  },
  "slope": null,
  "throughput": [],
  "change": {
    "change": "Improved",
    "mean": {
      "estimate": -0.8942161473454104,
      "lower_bound": -0.8946566281280618,
      "unit": "%",
      "upper_bound": -0.8938306260426029
    },
    "median": {
      "estimate": -0.8938169535047306,
      "lower_bound": -0.8943229788650622,
      "unit": "%",
      "upper_bound": -0.8935471215115245
    }
  },
  "typical": {
    "estimate": 1709043.685625,
    "lower_bound": 1707525.4683359377,
    "unit": "ns",
    "upper_bound": 1710597.5933984374
  },
  "unit": "ns",
  "report_directory": "/Volumes/Files/_ranim/ranim-bench/ranim/target/criterion/reports/cpu_submit/no_wait/400",
  "iteration_count": [
    64,
    64,
    64,
    64,
    64,
    64,
    64,
    64,
    64,
    64,
    64,
    64,
    64,
    64,
    64,
    64,
    64,
    64,
    64,
    64,
    64,
    64,
    64,
    64,
    64,
    64,
    64,
    64,
    64,
    64,
    64,
    64,
    64,
    64,
    64,
    64,
    64,
    64,
    64,
    64,
    64,
    64,
    64,
    64,
    64,
    64,
    64,
    64,
    64,
    64
  ]
}