{
  "slope": {
    "estimate": 2094.823290620234,
    "lower_bound": 2084.000595955452,
    "unit": "ns",
    "upper_bound": 2108.412687438621
  },
  "measured_values": [
    970600.0,
    1940500.0,
    2923300.0,
    3857300.0,
    4943200.0,
    5919800.0,
    6804800.0,
    7725900.0,
    8670600.0,
    9736400.0,
    10778300.0,
    11617700.0,
    12485200.0,
    13534000.0,
    14660100.0,
    15617600.0,
    16868500.0,
    17734100.0,
    18542800.0,
    19300200.0,
    20480000.0,
    21402900.0,
    22274300.0,
    23136700.0,
    24162600.0,
    25461700.0,
    26540800.0,
    27152100.0,
    28050300.0,
    29233500.0,
    30279300.0,
    31361200.0,
    32309900.0,
    33996100.0,
    33856200.0,
    34831400.0,
    36366500.0,
    37631500.0,
    37809200.0,
    42404200.0,
    39923700.0,
    41210000.0,
    42938800.0,
    42964700.0,
    43963200.0,
    45737100.0,
    46329800.0,
    47075700.0,
    47469000.0,
    49124400.0,
    51063000.0,
    51448100.0,
    52510400.0,
    54617500.0,
    58855400.0,
    56233300.0,
    56656700.0,
    56605300.0,
    57788400.0,
    60591100.0,
    59454400.0,
    60856200.0,
    62547100.0,
    63481400.0,
    63884600.0,
    65311900.0,
    66099500.0,
    67028500.0,
    68752000.0,
    70448100.0,
    70723700.0,
    70659200.0,
    71870300.0,
    73289400.0,
    82874100.0,
    76721900.0,
    75134200.0,
    76484200.0,
    84463800.0,
    78470700.0,
    78930000.0,
    80062200.0,
    82354300.0,
    83109200.0,
    83739700.0,
    84297300.0,
    85124700.0,
    86368900.0,
    87299200.0,
    87343200.0,
    88826000.0,
    91460200.0,
    91588800.0,
    92687200.0,
    92622300.0,
    93170700.0,
    94458000.0,
    98199800.0,
    96191700.0,
    98205100.0
  ],
  "iteration_count": [
    472,
    944,
    1416,
    1888,
    2360,
    2832,
    3304,
    3776,
    4248,
    4720,
    5192,
    5664,
    6136,
    6608,
    7080,
    7552,
    8024,
    8496,
    8968,
    9440,
    9912,
    10384,
    10856,
    11328,
    11800,
    12272,
    12744,
    13216,
    13688,
    14160,
    14632,
    15104,
    15576,
    16048,
    16520,
    16992,
    17464,
    17936,
    18408,
    18880,
    19352,
    19824,
    20296,
    20768,
    21240,
    21712,
    22184,
    22656,
    23128,
    23600,
    24072,
    24544,
    25016,
    25488,
    25960,
    26432,
    26904,
    27376,
    27848,
    28320,
    28792,
    29264,
    29736,
    30208,
    30680,
    31152,
    31624,
    32096,
    32568,
    33040,
    33512,
    33984,
    34456,
    34928,
    35400,
    35872,
    36344,
    36816,
    37288,
    37760,
    38232,
    38704,
    39176,
    39648,
    40120,
    40592,
    41064,
    41536,
    42008,
    42480,
    42952,
    43424,
    43896,
    44368,
    44840,
    45312,
    45784,
    46256,
    46728,
    47200
  ],
  "report_directory": "E:\\_ranim\\ranim-bench\\ranim\\target\\criterion\\reports\\extract\\polygon\\20",
  "unit": "ns",
  "median": {
    "estimate": 2077.659339689266,
    "lower_bound": 2069.830508474576,
    "unit": "ns",
    "upper_bound": 2082.2881355932204
  },
  "change": {
    "change": "NoChange",
    "mean": {
      "estimate": -0.00932726270187456,
      "lower_bound": -0.020544765842808618,
      "unit": "%",
      "upper_bound": -0.00042427194700729934
    },
    "median": {
      "estimate": 0.0008142959667145622,
      "lower_bound": -0.008404376263579816,
      "unit": "%",
      "upper_bound": 0.005120070848190439
    }
  },
  "median_abs_dev": {
    "estimate": 25.954474115487407,
    "lower_bound": 17.98095589860583,
    "unit": "ns",
    "upper_bound": 32.0493566521793
  },
  "throughput": [],
  "typical": {
    "estimate": 2094.823290620234,
    "lower_bound": 2084.000595955452,
    "unit": "ns",
    "upper_bound": 2108.412687438621
  },
  "mean": {
    "estimate": 2086.930016360899,
    "lower_bound": 2078.532533533069,
    "unit": "ns",
    "upper_bound": 2096.7004181845136
  }
}