{
  "change": {
    "change": "NoChange",
    "mean": {
      "estimate": 0.0012158977585525754,
      "lower_bound": -0.004795669252572936,
      "unit": "%",
      "upper_bound": 0.007252783827674702
    },
    "median": {
      "estimate": 0.001768511491895497,
      "lower_bound": -0.0010939791895547837,
      "unit": "%",
      "upper_bound": 0.004978167478997486
    }
  },
  "slope": {
    "estimate": 3489.712088232247,
    "lower_bound": 3477.2914864333284,
    "unit": "ns",
    "upper_bound": 3504.319685593977
  },
  "mean": {
    "estimate": 3498.102479903027,
    "lower_bound": 3483.1936256856466,
    "unit": "ns",
    "upper_bound": 3515.596037180394
  },
  "typical": {
    "estimate": 3489.712088232247,
    "lower_bound": 3477.2914864333284,
    "unit": "ns",
    "upper_bound": 3504.319685593977
  },
  "measured_values": [
    969700.0,
    1939800.0,
    2921800.0,
    3884700.0,
    5645800.0,
    5779100.0,
    7065500.0,
    7718900.0,
    9394300.0,
    10372700.0,
    10897900.0,
    11792800.0,
    12679300.0,
    13712200.0,
    14712300.0,
    15803300.0,
    17208500.0,
    17449100.0,
    18530700.0,
    19261800.0,
    20195300.0,
    21693500.0,
    22304100.0,
    23185000.0,
    24380500.0,
    25536400.0,
    26453200.0,
    28640900.0,
    28322900.0,
    29026000.0,
    30834100.0,
    30991800.0,
    31979600.0,
    33407800.0,
    34411000.0,
    34706700.0,
    35727200.0,
    38364900.0,
    39340300.0,
    38649300.0,
    39940900.0,
    43734700.0,
    41677400.0,
    42649800.0,
    44066200.0,
    44830200.0,
    45723200.0,
    46787000.0,
    47892900.0,
    48437900.0,
    49573800.0,
    50593700.0,
    52079900.0,
    52860800.0,
    53682800.0,
    55072800.0,
    55759800.0,
    56713000.0,
    57215500.0,
    62032900.0,
    58837900.0,
    61599400.0,
    63117600.0,
    62366500.0,
    63014500.0,
    64175100.0,
    65383800.0,
    66791600.0,
    67017300.0,
    68274400.0,
    68999600.0,
    74832700.0,
    70627500.0,
    73740800.0,
    72660700.0,
    73850900.0,
    75406000.0,
    76100500.0,
    77111400.0,
    77447600.0,
    79390500.0,
    79701500.0,
    81244900.0,
    82011000.0,
    84473200.0,
    84420000.0,
    89705000.0,
    85933300.0,
    89029600.0,
    87532300.0,
    88513700.0,
    90851000.0,
    90704900.0,
    91737900.0,
    92996300.0,
    93925400.0,
    93727800.0,
    95401600.0,
    96906700.0,
    97391100.0
  ],
  "median": {
    "estimate": 3472.976367123269,
    "lower_bound": 3467.5050852318827,
    "unit": "ns",
    "upper_bound": 3482.3777973854585
  },
  "throughput": [],
  "report_directory": "E:\\_ranim\\ranim-bench\\ranim\\target\\criterion\\reports\\extract\\polygon\\40",
  "iteration_count": [
    281,
    562,
    843,
    1124,
    1405,
    1686,
    1967,
    2248,
    2529,
    2810,
    3091,
    3372,
    3653,
    3934,
    4215,
    4496,
    4777,
    5058,
    5339,
    5620,
    5901,
    6182,
    6463,
    6744,
    7025,
    7306,
    7587,
    7868,
    8149,
    8430,
    8711,
    8992,
    9273,
    9554,
    9835,
    10116,
    10397,
    10678,
    10959,
    11240,
    11521,
    11802,
    12083,
    12364,
    12645,
    12926,
    13207,
    13488,
    13769,
    14050,
    14331,
    14612,
    14893,
    15174,
    15455,
    15736,
    16017,
    16298,
    16579,
    16860,
    17141,
    17422,
    17703,
    17984,
    18265,
    18546,
    18827,
    19108,
    19389,
    19670,
    19951,
    20232,
    20513,
    20794,
    21075,
    21356,
    21637,
    21918,
    22199,
    22480,
    22761,
    23042,
    23323,
    23604,
    23885,
    24166,
    24447,
    24728,
    25009,
    25290,
    25571,
    25852,
    26133,
    26414,
    26695,
    26976,
    27257,
    27538,
    27819,
    28100
  ],
  "unit": "ns",
  "median_abs_dev": {
    "estimate": 32.894806423939194,
    "lower_bound": 21.90016072410264,
    "unit": "ns",
    "upper_bound": 41.32660988540792
  }
}