{
  "iteration_count": [
    955,
    1910,
    2865,
    3820,
    4775,
    5730,
    6685,
    7640,
    8595,
    9550,
    10505,
    11460,
    12415,
    13370,
    14325,
    15280,
    16235,
    17190,
    18145,
    19100,
    20055,
    21010,
    21965,
    22920,
    23875,
    24830,
    25785,
    26740,
    27695,
    28650,
    29605,
    30560,
    31515,
    32470,
    33425,
    34380,
    35335,
    36290,
    37245,
    38200,
    39155,
    40110,
    41065,
    42020,
    42975,
    43930,
    44885,
    45840,
    46795,
    47750,
    48705,
    49660,
    50615,
    51570,
    52525,
    53480,
    54435,
    55390,
    56345,
    57300,
    58255,
    59210,
    60165,
    61120,
    62075,
    63030,
    63985,
    64940,
    65895,
    66850,
    67805,
    68760,
    69715,
    70670,
    71625,
    72580,
    73535,
    74490,
    75445,
    76400,
    77355,
    78310,
    79265,
    80220,
    81175,
    82130,
    83085,
    84040,
    84995,
    85950,
    86905,
    87860,
    88815,
    89770,
    90725,
    91680,
    92635,
    93590,
    94545,
    95500
  ],
  "change": {
    "change": "NoChange",
    "mean": {
      "estimate": -0.007081791829833817,
      "lower_bound": -0.016330510420870335,
      "unit": "%",
      "upper_bound": 0.0014591263628153954
    },
    "median": {
      "estimate": -0.001544413800278699,
      "lower_bound": -0.00989810105197464,
      "unit": "%",
      "upper_bound": 0.004920272878785825
    }
  },
  "throughput": [],
  "mean": {
    "estimate": 1035.457168380618,
    "lower_bound": 1031.3478817406435,
    "unit": "ns",
    "upper_bound": 1040.660072888453
  },
  "report_directory": "E:\\_ranim\\ranim-bench\\ranim\\target\\criterion\\reports\\extract\\polygon\\5",
  "measured_values": [
    970000.0,
    1930900.0,
    2938600.0,
    3893300.0,
    4933200.0,
    5831600.0,
    7106200.0,
    8977300.0,
    10232600.0,
    9798100.0,
    10921700.0,
    11773700.0,
    12741800.0,
    13673900.0,
    14754100.0,
    15792300.0,
    17226500.0,
    17711400.0,
    18514500.0,
    19886100.0,
    20558100.0,
    21586200.0,
    22586400.0,
    23665700.0,
    25155800.0,
    25423100.0,
    26774600.0,
    27213800.0,
    28485300.0,
    29738600.0,
    30512000.0,
    31111200.0,
    32204600.0,
    33092800.0,
    34803700.0,
    35754500.0,
    37516400.0,
    37203300.0,
    38358400.0,
    39543700.0,
    40240300.0,
    41252700.0,
    42515700.0,
    42840300.0,
    43806700.0,
    45259100.0,
    46704400.0,
    47527900.0,
    48377900.0,
    49052500.0,
    49786200.0,
    51194500.0,
    52004400.0,
    53263900.0,
    54582800.0,
    54524900.0,
    56318400.0,
    56702700.0,
    57598900.0,
    58708300.0,
    60030500.0,
    60838300.0,
    63422500.0,
    62330700.0,
    63832200.0,
    65197300.0,
    66137600.0,
    66706500.0,
    67375000.0,
    68732400.0,
    69710100.0,
    70626300.0,
    71676100.0,
    72778400.0,
    73879700.0,
    75226200.0,
    76033300.0,
    76239100.0,
    77437300.0,
    78749800.0,
    80001400.0,
    80899200.0,
    82143000.0,
    82744800.0,
    83488400.0,
    86508400.0,
    85970900.0,
    86838300.0,
    87422100.0,
    88380700.0,
    92933700.0,
    91682200.0,
    92344500.0,
    91823400.0,
    96930000.0,
    98332000.0,
    96739200.0,
    98238700.0,
    97679400.0,
    98969300.0
  ],
  "unit": "ns",
  "typical": {
    "estimate": 1035.6775466403403,
    "lower_bound": 1032.1662444880803,
    "unit": "ns",
    "upper_bound": 1039.492732441748
  },
  "median": {
    "estimate": 1030.2932695955687,
    "lower_bound": 1028.2904620987936,
    "unit": "ns",
    "upper_bound": 1033.0634657131911
  },
  "median_abs_dev": {
    "estimate": 7.660455541093815,
    "lower_bound": 5.792729869615031,
    "unit": "ns",
    "upper_bound": 10.740392310326618
  },
  "slope": {
    "estimate": 1035.6775466403403,
    "lower_bound": 1032.1662444880803,
    "unit": "ns",
    "upper_bound": 1039.492732441748
  }
}