{
  "median": {
    "estimate": 1443.4522303325225,
    "lower_bound": 1440.3330188848438,
    "unit": "ns",
    "upper_bound": 1449.9170537491705
  },
  "throughput": [],
  "change": {
    "change": "NoChange",
    "mean": {
      "estimate": 0.0013103304317063635,
      "lower_bound": -0.0007077160548351029,
      "unit": "%",
      "upper_bound": 0.0033381825433591306
    },
    "median": {
      "estimate": -0.002886709435312773,
      "lower_bound": -0.005148448382710336,
      "unit": "%",
      "upper_bound": 0.001719310191916179
    }
  },
  "iteration_count": [
    685,
    1370,
    2055,
    2740,
    3425,
    4110,
    4795,
    5480,
    6165,
    6850,
    7535,
    8220,
    8905,
    9590,
    10275,
    10960,
    11645,
    12330,
    13015,
    13700,
    14385,
    15070,
    15755,
    16440,
    17125,
    17810,
    18495,
    19180,
    19865,
    20550,
    21235,
    21920,
    22605,
    23290,
    23975,
    24660,
    25345,
    26030,
    26715,
    27400,
    28085,
    28770,
    29455,
    30140,
    30825,
    31510,
    32195,
    32880,
    33565,
    34250,
    34935,
    35620,
    36305,
    36990,
    37675,
    38360,
    39045,
    39730,
    40415,
    41100,
    41785,
    42470,
    43155,
    43840,
    44525,
    45210,
    45895,
    46580,
    47265,
    47950,
    48635,
    49320,
    50005,
    50690,
    51375,
    52060,
    52745,
    53430,
    54115,
    54800,
    55485,
    56170,
    56855,
    57540,
    58225,
    58910,
    59595,
    60280,
    60965,
    61650,
    62335,
    63020,
    63705,
    64390,
    65075,
    65760,
    66445,
    67130,
    67815,
    68500
  ],
  "unit": "ns",
  "median_abs_dev": {
    "estimate": 10.659226212954168,
    "lower_bound": 6.313180643120748,
    "unit": "ns",
    "upper_bound": 15.220645099580135
  },
  "report_directory": "/Volumes/Files/_ranim/ranim-bench/ranim/target/criterion/reports/extract/polygon/40",
  "measured_values": [
    1013542.0,
    1988417.0,
    2978625.0,
    4076625.0,
    4979833.0,
    5963500.0,
    6968292.0,
    8032333.0,
    8940125.0,
    10001708.0,
    10925125.0,
    12022542.0,
    12942417.0,
    14018833.0,
    14952667.0,
    16016417.0,
    16960375.0,
    18032750.0,
    18979459.0,
    19968791.0,
    20926500.0,
    22004667.0,
    22991792.0,
    23931625.0,
    24953208.0,
    25725500.0,
    26695833.0,
    27554833.0,
    28632834.0,
    29605666.0,
    30616500.0,
    31555375.0,
    32535000.0,
    33659083.0,
    34453958.0,
    35497000.0,
    36516708.0,
    37513250.0,
    38398417.0,
    39424500.0,
    40419750.0,
    41410292.0,
    42365375.0,
    43398000.0,
    44338167.0,
    45434042.0,
    46296458.0,
    47380459.0,
    48269958.0,
    49439750.0,
    50242208.0,
    51363500.0,
    52231500.0,
    53218041.0,
    54197500.0,
    55229459.0,
    56188041.0,
    57286417.0,
    58161292.0,
    59449833.0,
    60842291.0,
    62193458.0,
    63213000.0,
    64055667.0,
    64848250.0,
    65928000.0,
    66314750.0,
    67547750.0,
    67556541.0,
    69490125.0,
    70951542.0,
    71926916.0,
    72967125.0,
    73932541.0,
    75182917.0,
    75976042.0,
    77045041.0,
    78004417.0,
    79064583.0,
    79908166.0,
    80187500.0,
    81097792.0,
    81811750.0,
    82712750.0,
    83825167.0,
    84528583.0,
    85597417.0,
    86498833.0,
    87553625.0,
    88571416.0,
    89506500.0,
    90543792.0,
    91493541.0,
    92561667.0,
    92858208.0,
    93815375.0,
    94819542.0,
    95591917.0,
    96441875.0,
    98378958.0
  ],
  "mean": {
    "estimate": 1447.0142924780882,
    "lower_bound": 1444.7207655322147,
    "unit": "ns",
    "upper_bound": 1449.3730924594963
  },
  "slope": {
    "estimate": 1442.4083935802666,
    "lower_bound": 1439.3233947829815,
    "unit": "ns",
    "upper_bound": 1445.6987270000843
  },
  "typical": {
    "estimate": 1442.4083935802666,
    "lower_bound": 1439.3233947829815,
    "unit": "ns",
    "upper_bound": 1445.6987270000843
  }
}