{
  "measured_values": [
    1003500.0,
    1975166.0,
    2945125.0,
    3892459.0,
    4936333.0,
    5887167.0,
    6816792.0,
    7825041.0,
    8798292.0,
    9806500.0,
    10720084.0,
    11681208.0,
    12928000.0,
    13967833.0,
    14903375.0,
    15842292.0,
    16544458.0,
    17586500.0,
    18606792.0,
    19611375.0,
    20534583.0,
    21479458.0,
    22532167.0,
    23460833.0,
    24515792.0,
    25411792.0,
    26407458.0,
    27400458.0,
    28300167.0,
    29367250.0,
    30289250.0,
    31268625.0,
    32239708.0,
    33169292.0,
    34195959.0,
    35276708.0,
    36820500.0,
    37738583.0,
    38751250.0,
    39870000.0,
    41442625.0,
    42226042.0,
    43281459.0,
    43821625.0,
    44740459.0,
    45632167.0,
    46867041.0,
    47599084.0,
    48723709.0,
    49674458.0,
    50620125.0,
    51801750.0,
    52604292.0,
    53683958.0,
    54702500.0,
    55755541.0,
    56696334.0,
    57764833.0,
    58800542.0,
    59670166.0,
    60636834.0,
    61689916.0,
    62645000.0,
    63638709.0,
    64302959.0,
    65696250.0,
    67282250.0,
    68381666.0,
    69333792.0,
    70303167.0,
    70606083.0,
    71302334.0,
    72551875.0,
    73421208.0,
    74406833.0,
    75408459.0,
    76380375.0,
    77083875.0,
    79520000.0,
    79434917.0,
    80368500.0,
    81389458.0,
    82312750.0,
    83106250.0,
    83247333.0,
    83101958.0,
    83915042.0,
    85011083.0,
    85963042.0,
    86964417.0,
    89174541.0,
    90953625.0,
    91688583.0,
    90720167.0,
    91745875.0,
    92767375.0,
    93603167.0,
    94597334.0,
    96929041.0,
    99140000.0
  ],
  "unit": "ns",
  "typical": {
    "estimate": 457.40023512981986,
    "lower_bound": 455.747405305942,
    "unit": "ns",
    "upper_bound": 459.1205251930829
  },
  "slope": {
    "estimate": 457.40023512981986,
    "lower_bound": 455.747405305942,
    "unit": "ns",
    "upper_bound": 459.1205251930829
  },
  "throughput": [],
  "iteration_count": [
    2154,
    4308,
    6462,
    8616,
    10770,
    12924,
    15078,
    17232,
    19386,
    21540,
    23694,
    25848,
    28002,
    30156,
    32310,
    34464,
    36618,
    38772,
    40926,
    43080,
    45234,
    47388,
    49542,
    51696,
    53850,
    56004,
    58158,
    60312,
    62466,
    64620,
    66774,
    68928,
    71082,
    73236,
    75390,
    77544,
    79698,
    81852,
    84006,
    86160,
    88314,
    90468,
    92622,
    94776,
    96930,
    99084,
    101238,
    103392,
    105546,
    107700,
    109854,
    112008,
    114162,
    116316,
    118470,
    120624,
    122778,
    124932,
    127086,
    129240,
    131394,
    133548,
    135702,
    137856,
    140010,
    142164,
    144318,
    146472,
    148626,
    150780,
    152934,
    155088,
    157242,
    159396,
    161550,
    163704,
    165858,
    168012,
    170166,
    172320,
    174474,
    176628,
    178782,
    180936,
    183090,
    185244,
    187398,
    189552,
    191706,
    193860,
    196014,
    198168,
    200322,
    202476,
    204630,
    206784,
    208938,
    211092,
    213246,
    215400
  ],
  "median": {
    "estimate": 459.7152842257299,
    "lower_bound": 455.514933457134,
    "unit": "ns",
    "upper_bound": 460.7097295785651
  },
  "change": {
    "change": "NoChange",
    "mean": {
      "estimate": -0.008056259016688938,
      "lower_bound": -0.011248496862577303,
      "unit": "%",
      "upper_bound": -0.005285480125624783
    },
    "median": {
      "estimate": -0.0007924031906333395,
      "lower_bound": -0.010032137957893594,
      "unit": "%",
      "upper_bound": 0.001677598385760204
    }
  },
  "mean": {
    "estimate": 458.0013929380091,
    "lower_bound": 456.9613794843046,
    "unit": "ns",
    "upper_bound": 459.0322887145375
  },
  "report_directory": "/Volumes/Files/_ranim/ranim-bench/ranim/target/criterion/reports/extract/polygon/5",
  "median_abs_dev": {
    "estimate": 6.040050039780921,
    "lower_bound": 2.7307876645422393,
    "unit": "ns",
    "upper_bound": 7.995305690143617
  }
}