{
  "report_directory": "E:\\_ranim\\ranim-bench\\ranim\\target\\criterion\\reports\\extract\\arc",
  "mean": {
    "estimate": 1276.625452382774,
    "lower_bound": 1269.6334709060409,
    "unit": "ns",
    "upper_bound": 1284.8005395949542
  },
  "slope": {
    "estimate": 1274.422077615458,
    "lower_bound": 1267.937710289602,
    "unit": "ns",
    "upper_bound": 1281.5292933290111
  },
  "throughput": [],
  "typical": {
    "estimate": 1274.422077615458,
    "lower_bound": 1267.937710289602,
    "unit": "ns",
    "upper_bound": 1281.5292933290111
  },
  "unit": "ns",
  "iteration_count": [
    773,
    1546,
    2319,
    3092,
    3865,
    4638,
    5411,
    6184,
    6957,
    7730,
    8503,
    9276,
    10049,
    10822,
    11595,
    12368,
    13141,
    13914,
    14687,
    15460,
    16233,
    17006,
    17779,
    18552,
    19325,
    20098,
    20871,
    21644,
    22417,
    23190,
    23963,
    24736,
    25509,
    26282,
    27055,
    27828,
    28601,
    29374,
    30147,
    30920,
    31693,
    32466,
    33239,
    34012,
    34785,
    35558,
    36331,
    37104,
    37877,
    38650,
    39423,
    40196,
    40969,
    41742,
    42515,
    43288,
    44061,
    44834,
    45607,
    46380,
    47153,
    47926,
    48699,
    49472,
    50245,
    51018,
    51791,
    52564,
    53337,
    54110,
    54883,
    55656,
    56429,
    57202,
    57975,
    58748,
    59521,
    60294,
    61067,
    61840,
    62613,
    63386,
    64159,
    64932,
    65705,
    66478,
    67251,
    68024,
    68797,
    69570,
    70343,
    71116,
    71889,
    72662,
    73435,
    74208,
    74981,
    75754,
    76527,
    77300
  ],
  "median": {
    "estimate": 1264.9451122514035,
    "lower_bound": 1260.1943719978876,
    "unit": "ns",
    "upper_bound": 1271.3800054153253
  },
  "median_abs_dev": {
    "estimate": 20.543716754724127,
    "lower_bound": 13.360756949432362,
    "unit": "ns",
    "upper_bound": 25.62836831103968
  },
  "measured_values": [
    1001200.0,
    1946500.0,
    2988900.0,
    4078800.0,
    4871200.0,
    5822300.0,
    6931400.0,
    7689000.0,
    8811400.0,
    9590700.0,
    11284300.0,
    13944500.0,
    12857600.0,
    13554400.0,
    14694300.0,
    15514100.0,
    16349000.0,
    17365300.0,
    18580500.0,
    19372500.0,
    20899600.0,
    21231100.0,
    22109200.0,
    23122300.0,
    24261500.0,
    25732300.0,
    26190400.0,
    28289400.0,
    28524700.0,
    29556200.0,
    30898200.0,
    30755000.0,
    32740900.0,
    35536900.0,
    34109600.0,
    34704300.0,
    36092500.0,
    37031500.0,
    37882800.0,
    39333100.0,
    39542900.0,
    44773800.0,
    42259400.0,
    43018100.0,
    44283700.0,
    46091700.0,
    52799800.0,
    46495800.0,
    47647200.0,
    48674100.0,
    49676900.0,
    50983300.0,
    53212300.0,
    54883800.0,
    53581200.0,
    55155000.0,
    55081600.0,
    59298500.0,
    59813100.0,
    59190700.0,
    59416200.0,
    60042200.0,
    61809000.0,
    61994400.0,
    65022500.0,
    64313200.0,
    68271600.0,
    67482400.0,
    68244600.0,
    69714600.0,
    68641000.0,
    70211600.0,
    70953400.0,
    71945800.0,
    72417000.0,
    74438700.0,
    74435700.0,
    75848000.0,
    77431500.0,
    81438600.0,
    78346800.0,
    79433400.0,
    84754400.0,
    83195300.0,
    87478000.0,
    83578900.0,
    86014000.0,
    86018800.0,
    86699700.0,
    90769200.0,
    87634900.0,
    89969600.0,
    91440600.0,
    91157200.0,
    91793100.0,
    92821800.0,
    95014700.0,
    98019300.0,
    100624000.0,
    96829000.0
  ],
  "change": {
    "change": "NoChange",
    "mean": {
      "estimate": -0.006051316171167942,
      "lower_bound": -0.016663849365207137,
      "unit": "%",
      "upper_bound": 0.004641960597438661
    },
    "median": {
      "estimate": 0.0006442691149242119,
      "lower_bound": -0.0069356698554486895,
      "unit": "%",
      "upper_bound": 0.009006379397556774
    }
  }
}