{
  "unit": "ns",
  "median": {
    "estimate": 981.9725352181176,
    "lower_bound": 977.4109611318912,
    "unit": "ns",
    "upper_bound": 985.1905670087488
  },
  "median_abs_dev": {
    "estimate": 17.48082176231754,
    "lower_bound": 11.867595138905711,
    "unit": "ns",
    "upper_bound": 21.40816675766936
  },
  "iteration_count": [
    1001,
    2002,
    3003,
    4004,
    5005,
    6006,
    7007,
    8008,
    9009,
    10010,
    11011,
    12012,
    13013,
    14014,
    15015,
    16016,
    17017,
    18018,
    19019,
    20020,
    21021,
    22022,
    23023,
    24024,
    25025,
    26026,
    27027,
    28028,
    29029,
    30030,
    31031,
    32032,
    33033,
    34034,
    35035,
    36036,
    37037,
    38038,
    39039,
    40040,
    41041,
    42042,
    43043,
    44044,
    45045,
    46046,
    47047,
    48048,
    49049,
    50050,
    51051,
    52052,
    53053,
    54054,
    55055,
    56056,
    57057,
    58058,
    59059,
    60060,
    61061,
    62062,
    63063,
    64064,
    65065,
    66066,
    67067,
    68068,
    69069,
    70070,
    71071,
    72072,
    73073,
    74074,
    75075,
    76076,
    77077,
    78078,
    79079,
    80080,
    81081,
    82082,
    83083,
    84084,
    85085,
    86086,
    87087,
    88088,
    89089,
    90090,
    91091,
    92092,
    93093,
    94094,
    95095,
    96096,
    97097,
    98098,
    99099,
    100100
  ],
  "typical": {
    "estimate": 986.2506711553556,
    "lower_bound": 982.6850999075224,
    "unit": "ns",
    "upper_bound": 990.1436681297224
  },
  "report_directory": "E:\\_ranim\\ranim-bench\\ranim\\target\\criterion\\reports\\extract\\square",
  "measured_values": [
    974200.0,
    1912500.0,
    2899700.0,
    5252100.0,
    6286100.0,
    5793400.0,
    7162100.0,
    7936200.0,
    9299000.0,
    10179400.0,
    10509200.0,
    11584200.0,
    12481700.0,
    13496700.0,
    14531200.0,
    15426300.0,
    16739900.0,
    18189900.0,
    18452300.0,
    19231200.0,
    21780200.0,
    22034200.0,
    23102400.0,
    23097100.0,
    24157900.0,
    26938700.0,
    26689500.0,
    27949000.0,
    29165800.0,
    29536400.0,
    31780500.0,
    31048600.0,
    32543800.0,
    34367100.0,
    34694600.0,
    35286900.0,
    36629700.0,
    37166000.0,
    40330600.0,
    41105700.0,
    40045100.0,
    40875300.0,
    42070700.0,
    42499900.0,
    44589900.0,
    45303000.0,
    46197600.0,
    50811600.0,
    47518500.0,
    49771400.0,
    49541500.0,
    55903600.0,
    51339800.0,
    53779600.0,
    53663800.0,
    56314600.0,
    55756400.0,
    57689300.0,
    57995900.0,
    60567500.0,
    58991200.0,
    60447700.0,
    61271000.0,
    62342100.0,
    63719800.0,
    64024700.0,
    65442400.0,
    66390100.0,
    67406700.0,
    69634500.0,
    69158300.0,
    70822600.0,
    71586400.0,
    72202100.0,
    76865300.0,
    74014200.0,
    75556200.0,
    76423700.0,
    77139700.0,
    78466000.0,
    80608800.0,
    80398700.0,
    81610600.0,
    82905600.0,
    84669100.0,
    84604800.0,
    85545800.0,
    87491600.0,
    88686800.0,
    91115400.0,
    88631100.0,
    89881500.0,
    90787400.0,
    94700100.0,
    91813700.0,
    95797600.0,
    95690000.0,
    98194300.0,
    97512200.0,
    98254100.0
  ],
  "slope": {
    "estimate": 986.2506711553556,
    "lower_bound": 982.6850999075224,
    "unit": "ns",
    "upper_bound": 990.1436681297224
  },
  "change": {
    "change": "NoChange",
    "mean": {
      "estimate": -0.01873200112607698,
      "lower_bound": -0.03700851215973773,
      "unit": "%",
      "upper_bound": -0.0007277992560953193
    },
    "median": {
      "estimate": 0.002489261475241422,
      "lower_bound": -0.007963735083456047,
      "unit": "%",
      "upper_bound": 0.007158803550686654
    }
  },
  "mean": {
    "estimate": 992.805884102837,
    "lower_bound": 984.7984191588048,
    "unit": "ns",
    "upper_bound": 1003.045785441959
  },
  "throughput": []
}