{
  "change": {
    "change": "Improved",
    "mean": {
      "estimate": -0.055576194189007944,
      "lower_bound": -0.0586210754671318,
      "unit": "%",
      "upper_bound": -0.0524050003413353
    },
    "median": {
      "estimate": -0.05480756535737963,
      "lower_bound": -0.059911092858371706,
      "unit": "%",
      "upper_bound": -0.051698149748041544
    }
  },
  "median": {
    "estimate": 536.628038897893,
    "lower_bound": 535.7859187341562,
    "unit": "ns",
    "upper_bound": 538.1082103172865
  },
  "report_directory": "/Volumes/Files/_ranim/ranim-bench/ranim/target/criterion/reports/extract/polygon/10",
  "mean": {
    "estimate": 537.2161741031158,
    "lower_bound": 535.990951325786,
    "unit": "ns",
    "upper_bound": 538.6158424107629
  },
  "median_abs_dev": {
    "estimate": 4.466702526458888,
    "lower_bound": 3.3697222982928876,
    "unit": "ns",
    "upper_bound": 5.804750435153092
  },
  "throughput": [],
  "iteration_count": [
    1851,
    3702,
    5553,
    7404,
    9255,
    11106,
    12957,
    14808,
    16659,
    18510,
    20361,
    22212,
    24063,
    25914,
    27765,
    29616,
    31467,
    33318,
    35169,
    37020,
    38871,
    40722,
    42573,
    44424,
    46275,
    48126,
    49977,
    51828,
    53679,
    55530,
    57381,
    59232,
    61083,
    62934,
    64785,
    66636,
    68487,
    70338,
    72189,
    74040,
    75891,
    77742,
    79593,
    81444,
    83295,
    85146,
    86997,
    88848,
    90699,
    92550,
    94401,
    96252,
    98103,
    99954,
    101805,
    103656,
    105507,
    107358,
    109209,
    111060,
    112911,
    114762,
    116613,
    118464,
    120315,
    122166,
    124017,
    125868,
    127719,
    129570,
    131421,
    133272,
    135123,
    136974,
    138825,
    140676,
    142527,
    144378,
    146229,
    148080,
    149931,
    151782,
    153633,
    155484,
    157335,
    159186,
    161037,
    162888,
    164739,
    166590,
    168441,
    170292,
    172143,
    173994,
    175845,
    177696,
    179547,
    181398,
    183249,
    185100
  ],
  "unit": "ns",
  "typical": {
    "estimate": 536.7565581163936,
    "lower_bound": 535.0412532262048,
    "unit": "ns",
    "upper_bound": 539.1254661492866
  },
  "slope": {
    "estimate": 536.7565581163936,
    "lower_bound": 535.0412532262048,
    "unit": "ns",
    "upper_bound": 539.1254661492866
  },
  "measured_values": [
    1024958.0,
    1999458.0,
    2988375.0,
    3986542.0,
    4848791.0,
    5890417.0,
    6909167.0,
    7950458.0,
    9072625.0,
    10036833.0,
    11134917.0,
    12032125.0,
    12781334.0,
    13882083.0,
    15230875.0,
    15450334.0,
    16769042.0,
    17880666.0,
    18925750.0,
    19733416.0,
    20993375.0,
    21799292.0,
    22832125.0,
    23737417.0,
    24909333.0,
    26078459.0,
    26712417.0,
    27628292.0,
    28450750.0,
    29767583.0,
    30691500.0,
    31738292.0,
    33128708.0,
    34153209.0,
    34943708.0,
    35905541.0,
    36853417.0,
    37777167.0,
    39275917.0,
    40797250.0,
    40290041.0,
    41569208.0,
    42745250.0,
    43716500.0,
    45120791.0,
    45875709.0,
    46961625.0,
    47244916.0,
    47694916.0,
    49611166.0,
    50607916.0,
    51566208.0,
    52668291.0,
    53399583.0,
    54549292.0,
    55326625.0,
    56368042.0,
    57124833.0,
    58058500.0,
    59803500.0,
    61040584.0,
    61893625.0,
    62781125.0,
    63876333.0,
    65380041.0,
    66318334.0,
    67404917.0,
    67945292.0,
    68516375.0,
    70144792.0,
    71455125.0,
    71889000.0,
    72875708.0,
    74160250.0,
    74492000.0,
    75653333.0,
    76152792.0,
    77343666.0,
    78010000.0,
    78491208.0,
    81271291.0,
    80832458.0,
    89154208.0,
    83681208.0,
    84494500.0,
    84803292.0,
    85670167.0,
    87369750.0,
    88035958.0,
    87896583.0,
    89178875.0,
    91075500.0,
    91596333.0,
    93753708.0,
    94481916.0,
    94566041.0,
    95617291.0,
    97263750.0,
    98050917.0,
    97840250.0
  ]
}