{
  "unit": "ns",
  "mean": {
    "estimate": 1099.6574315418218,
    "lower_bound": 1096.8014519022045,
    "unit": "ns",
    "upper_bound": 1102.659089642873
  },
  "typical": {
    "estimate": 1096.8778561984243,
    "lower_bound": 1094.6551524380975,
    "unit": "ns",
    "upper_bound": 1099.0291917910183
  },
  "change": {
    "change": "NoChange",
    "mean": {
      "estimate": 0.004017965999717044,
      "lower_bound": 0.0006830963332212782,
      "unit": "%",
      "upper_bound": 0.007419813590786159
    },
    "median": {
      "estimate": 0.002911479685840934,
      "lower_bound": -0.0007235289579248239,
      "unit": "%",
      "upper_bound": 0.0074162969773470255
    }
  },
  "measured_values": [
    1029875.0,
    2130542.0,
    2955792.0,
    4011541.0,
    5087666.0,
    6057125.0,
    6872916.0,
    7704833.0,
    9134167.0,
    10046125.0,
    10757417.0,
    12538500.0,
    13415250.0,
    14041708.0,
    15168083.0,
    16632583.0,
    17241875.0,
    18213416.0,
    19128375.0,
    19711750.0,
    21241625.0,
    21930458.0,
    22705792.0,
    23535834.0,
    25332375.0,
    26249792.0,
    26790625.0,
    27654375.0,
    29505791.0,
    29610125.0,
    30743958.0,
    31894833.0,
    33616166.0,
    33677750.0,
    35687209.0,
    35765292.0,
    37036208.0,
    38461750.0,
    39298208.0,
    40502459.0,
    41605833.0,
    41999791.0,
    43369916.0,
    44364042.0,
    45107250.0,
    45900041.0,
    47116041.0,
    47554792.0,
    49442166.0,
    50210708.0,
    50347875.0,
    52273958.0,
    53739833.0,
    53543458.0,
    54774250.0,
    56327333.0,
    56399250.0,
    57877750.0,
    59253958.0,
    60116417.0,
    61138292.0,
    61901209.0,
    64158208.0,
    64386834.0,
    64906000.0,
    66031750.0,
    66972709.0,
    68226958.0,
    69360458.0,
    70012583.0,
    70969375.0,
    72431833.0,
    72845250.0,
    74777583.0,
    75089500.0,
    75892292.0,
    76957458.0,
    79114250.0,
    78896792.0,
    79786292.0,
    80725667.0,
    82554708.0,
    82690709.0,
    84561125.0,
    85356291.0,
    85901917.0,
    86968833.0,
    86932791.0,
    88594167.0,
    89725375.0,
    91396458.0,
    92091125.0,
    93602333.0,
    94947208.0,
    94238000.0,
    96535083.0,
    96585375.0,
    97541125.0,
    96936292.0,
    99295500.0
  ],
  "throughput": [],
  "slope": {
    "estimate": 1096.8778561984243,
    "lower_bound": 1094.6551524380975,
    "unit": "ns",
    "upper_bound": 1099.0291917910183
  },
  "iteration_count": [
    912,
    1824,
    2736,
    3648,
    4560,
    5472,
    6384,
    7296,
    8208,
    9120,
    10032,
    10944,
    11856,
    12768,
    13680,
    14592,
    15504,
    16416,
    17328,
    18240,
    19152,
    20064,
    20976,
    21888,
    22800,
    23712,
    24624,
    25536,
    26448,
    27360,
    28272,
    29184,
    30096,
    31008,
    31920,
    32832,
    33744,
    34656,
    35568,
    36480,
    37392,
    38304,
    39216,
    40128,
    41040,
    41952,
    42864,
    43776,
    44688,
    45600,
    46512,
    47424,
    48336,
    49248,
    50160,
    51072,
    51984,
    52896,
    53808,
    54720,
    55632,
    56544,
    57456,
    58368,
    59280,
    60192,
    61104,
    62016,
    62928,
    63840,
    64752,
    65664,
    66576,
    67488,
    68400,
    69312,
    70224,
    71136,
    72048,
    72960,
    73872,
    74784,
    75696,
    76608,
    77520,
    78432,
    79344,
    80256,
    81168,
    82080,
    82992,
    83904,
    84816,
    85728,
    86640,
    87552,
    88464,
    89376,
    90288,
    91200
  ],
  "median_abs_dev": {
    "estimate": 10.466946275407407,
    "lower_bound": 7.952677909756975,
    "unit": "ns",
    "upper_bound": 14.264211788226854
  },
  "report_directory": "/Volumes/Files/_ranim/ranim-bench/ranim/target/criterion/reports/extract/polygon/40",
  "median": {
    "estimate": 1098.7978976428435,
    "lower_bound": 1095.9650099425971,
    "unit": "ns",
    "upper_bound": 1101.3304057017544
  }
}