{
  "mean": {
    "estimate": 1519.445266455482,
    "lower_bound": 1514.049253434553,
    "unit": "ns",
    "upper_bound": 1525.3678910541166
  },
  "unit": "ns",
  "median": {
    "estimate": 1512.359940780951,
    "lower_bound": 1505.6196303696302,
    "unit": "ns",
    "upper_bound": 1518.246153846154
  },
  "report_directory": "E:\\_ranim\\ranim-bench\\ranim\\target\\criterion\\reports\\extract\\polygon\\40",
  "throughput": [],
  "median_abs_dev": {
    "estimate": 22.346595605790775,
    "lower_bound": 16.13526166008357,
    "unit": "ns",
    "upper_bound": 27.29442041623681
  },
  "change": {
    "change": "NoChange",
    "mean": {
      "estimate": 0.0006338272292505387,
      "lower_bound": -0.005710634048181889,
      "unit": "%",
      "upper_bound": 0.006484598144360691
    },
    "median": {
      "estimate": 0.0038901220025187033,
      "lower_bound": -0.005728682983580979,
      "unit": "%",
      "upper_bound": 0.009203428877714082
    }
  },
  "typical": {
    "estimate": 1522.9389598845073,
    "lower_bound": 1517.3786996738431,
    "unit": "ns",
    "upper_bound": 1529.0808309133906
  },
  "measured_values": [
    967800.0,
    1952000.0,
    2898400.0,
    3867300.0,
    4935600.0,
    5825400.0,
    6764400.0,
    8288600.0,
    8869900.0,
    9787700.0,
    10908100.0,
    11664100.0,
    12545700.0,
    13647000.0,
    14562500.0,
    15639500.0,
    16761800.0,
    17823800.0,
    18534800.0,
    19464900.0,
    20423800.0,
    21307600.0,
    23261500.0,
    23796900.0,
    24328500.0,
    25275300.0,
    26045000.0,
    28140700.0,
    28470000.0,
    29107700.0,
    30023100.0,
    33866200.0,
    32046200.0,
    33820000.0,
    34173000.0,
    35761200.0,
    36144700.0,
    37482300.0,
    38062800.0,
    38770900.0,
    40075600.0,
    41437200.0,
    42269400.0,
    44441100.0,
    43686000.0,
    47165900.0,
    48378900.0,
    48676000.0,
    48728000.0,
    52217100.0,
    49862300.0,
    50904100.0,
    51745800.0,
    53607600.0,
    54888400.0,
    54896800.0,
    56383500.0,
    56616700.0,
    58042500.0,
    58819900.0,
    60563200.0,
    61782100.0,
    61144000.0,
    64354300.0,
    63416500.0,
    65308900.0,
    67855100.0,
    67702200.0,
    67127500.0,
    73941800.0,
    70051600.0,
    70725000.0,
    72331700.0,
    71722900.0,
    75929300.0,
    76055000.0,
    75335300.0,
    76162300.0,
    77823800.0,
    79617200.0,
    82767800.0,
    82297800.0,
    81932500.0,
    83126400.0,
    84780700.0,
    84229200.0,
    85526100.0,
    87812300.0,
    87871600.0,
    88027600.0,
    89426200.0,
    90476400.0,
    93313900.0,
    94308800.0,
    93237100.0,
    95840900.0,
    94687500.0,
    95390700.0,
    97626500.0,
    97608800.0
  ],
  "slope": {
    "estimate": 1522.9389598845073,
    "lower_bound": 1517.3786996738431,
    "unit": "ns",
    "upper_bound": 1529.0808309133906
  },
  "iteration_count": [
    650,
    1300,
    1950,
    2600,
    3250,
    3900,
    4550,
    5200,
    5850,
    6500,
    7150,
    7800,
    8450,
    9100,
    9750,
    10400,
    11050,
    11700,
    12350,
    13000,
    13650,
    14300,
    14950,
    15600,
    16250,
    16900,
    17550,
    18200,
    18850,
    19500,
    20150,
    20800,
    21450,
    22100,
    22750,
    23400,
    24050,
    24700,
    25350,
    26000,
    26650,
    27300,
    27950,
    28600,
    29250,
    29900,
    30550,
    31200,
    31850,
    32500,
    33150,
    33800,
    34450,
    35100,
    35750,
    36400,
    37050,
    37700,
    38350,
    39000,
    39650,
    40300,
    40950,
    41600,
    42250,
    42900,
    43550,
    44200,
    44850,
    45500,
    46150,
    46800,
    47450,
    48100,
    48750,
    49400,
    50050,
    50700,
    51350,
    52000,
    52650,
    53300,
    53950,
    54600,
    55250,
    55900,
    56550,
    57200,
    57850,
    58500,
    59150,
    59800,
    60450,
    61100,
    61750,
    62400,
    63050,
    63700,
    64350,
    65000
  ]
}