{
  "iteration_count": [
    1208,
    2416,
    3624,
    4832,
    6040,
    7248,
    8456,
    9664,
    10872,
    12080,
    13288,
    14496,
    15704,
    16912,
    18120,
    19328,
    20536,
    21744,
    22952,
    24160,
    25368,
    26576,
    27784,
    28992,
    30200,
    31408,
    32616,
    33824,
    35032,
    36240,
    37448,
    38656,
    39864,
    41072,
    42280,
    43488,
    44696,
    45904,
    47112,
    48320,
    49528,
    50736,
    51944,
    53152,
    54360,
    55568,
    56776,
    57984,
    59192,
    60400,
    61608,
    62816,
    64024,
    65232,
    66440,
    67648,
    68856,
    70064,
    71272,
    72480,
    73688,
    74896,
    76104,
    77312,
    78520,
    79728,
    80936,
    82144,
    83352,
    84560,
    85768,
    86976,
    88184,
    89392,
    90600,
    91808,
    93016,
    94224,
    95432,
    96640,
    97848,
    99056,
    100264,
    101472,
    102680,
    103888,
    105096,
    106304,
    107512,
    108720,
    109928,
    111136,
    112344,
    113552,
    114760,
    115968,
    117176,
    118384,
    119592,
    120800
  ],
  "median": {
    "estimate": 814.5703129112751,
    "lower_bound": 810.7158417567097,
    "unit": "ns",
    "upper_bound": 817.5961841690319
  },
  "slope": {
    "estimate": 818.9030200613221,
    "lower_bound": 815.7754919679551,
    "unit": "ns",
    "upper_bound": 822.3131306429809
  },
  "change": {
    "change": "NoChange",
    "mean": {
      "estimate": 0.003279854144954797,
      "lower_bound": -0.0042812845988002895,
      "unit": "%",
      "upper_bound": 0.010861488565037556
    },
    "median": {
      "estimate": 0.009173075640326768,
      "lower_bound": 0.002330340438448665,
      "unit": "%",
      "upper_bound": 0.013741047093953185
    }
  },
  "report_directory": "E:\\_ranim\\ranim-bench\\ranim\\target\\criterion\\reports\\extract\\polygon\\5",
  "mean": {
    "estimate": 818.8924326326654,
    "lower_bound": 815.3274724065137,
    "unit": "ns",
    "upper_bound": 822.8938576807769
  },
  "median_abs_dev": {
    "estimate": 13.94709127847314,
    "lower_bound": 10.478884669650702,
    "unit": "ns",
    "upper_bound": 18.213674147490295
  },
  "measured_values": [
    1006800.0,
    1984100.0,
    3053800.0,
    4039500.0,
    4814800.0,
    5858000.0,
    7878300.0,
    7779900.0,
    8678500.0,
    9695100.0,
    10631700.0,
    11675000.0,
    12559000.0,
    13529300.0,
    14805900.0,
    15750100.0,
    16498700.0,
    17609200.0,
    18333200.0,
    19347600.0,
    20389900.0,
    21303800.0,
    22320200.0,
    23630800.0,
    24083600.0,
    25292100.0,
    26591300.0,
    28172800.0,
    28144000.0,
    31296400.0,
    31204300.0,
    31035200.0,
    32024700.0,
    33341800.0,
    34203700.0,
    35760900.0,
    36123900.0,
    37215100.0,
    37923400.0,
    40069200.0,
    40888100.0,
    42941400.0,
    41652900.0,
    43568400.0,
    44332700.0,
    44775000.0,
    46663000.0,
    46713100.0,
    50054200.0,
    50067100.0,
    52268700.0,
    51660100.0,
    52078300.0,
    54940600.0,
    55793600.0,
    55278500.0,
    59688100.0,
    59278500.0,
    57281200.0,
    62963000.0,
    59752300.0,
    60937700.0,
    62259900.0,
    63822500.0,
    66131400.0,
    66344200.0,
    65855700.0,
    66327400.0,
    67736400.0,
    69663300.0,
    69651200.0,
    71322600.0,
    72268000.0,
    72801600.0,
    73996600.0,
    74806100.0,
    78055100.0,
    78601400.0,
    78871800.0,
    81369100.0,
    78670100.0,
    79970600.0,
    80363400.0,
    82172700.0,
    83656700.0,
    83687600.0,
    84636300.0,
    88443200.0,
    87314500.0,
    87714400.0,
    88746800.0,
    91139100.0,
    91964500.0,
    91648100.0,
    94524100.0,
    93360100.0,
    97693300.0,
    97308000.0,
    96626100.0,
    98558700.0
  ],
  "typical": {
    "estimate": 818.9030200613221,
    "lower_bound": 815.7754919679551,
    "unit": "ns",
    "upper_bound": 822.3131306429809
  },
  "throughput": [],
  "unit": "ns"
}