{
  "id": "render/transform_squares/10",
  "iteration_count": [
    1,
    2,
    3,
    4,
    5,
    6,
    7,
    8,
    9,
    10
  ],
  "measured_values": [
    1359589600.0,
    2691266100.0,
    4053049300.0,
    5372684800.0,
    6780195700.0,
    8243894300.0,
    9559785800.0,
    10844779400.0,
    12554052000.0,
    13557726000.0
  ],
  "unit": "ns",
  "typical": {
    "estimate": 1366225498.7012987,
    "lower_bound": 1355005505.337865,
    "upper_bound": 1380340297.810219,
    "unit": "ns"
  },
  "mean": {
    "estimate": 1360138018.4047618,
    "lower_bound": 1352225423.3017857,
    "upper_bound": 1369810664.0363097,
    "unit": "ns"
  },
  "median": {
    "estimate": 1355905870.0,
    "lower_bound": 1350615237.5,
    "upper_bound": 1366785991.6666665,
    "unit": "ns"
  },
  "median_abs_dev": {
    "estimate": 10872833.996968592,
    "lower_bound": 395172.1969842911,
    "upper_bound": 21342803.750589255,
    "unit": "ns"
  }
}