{
  "id": "render/transform_squares/5",
  "iteration_count": [
    1,
    2,
    3,
    4,
    5,
    6,
    7,
    8,
    9,
    10
  ],
  "measured_values": [
    1183395400.0,
    2352107200.0,
    3743569300.0,
    4916847900.0,
    6069327400.0,
    7114027400.0,
    8344039800.0,
    9691395000.0,
    10811414100.0,
    11943875900.0
  ],
  "unit": "ns",
  "typical": {
    "estimate": 1201292039.4805195,
    "lower_bound": 1194894597.409493,
    "upper_bound": 1210636581.2763505,
    "unit": "ns"
  },
  "mean": {
    "estimate": 1203514000.5714283,
    "lower_bound": 1191251383.142857,
    "upper_bound": 1217307207.538095,
    "unit": "ns"
  },
  "median": {
    "estimate": 1197827911.6666665,
    "lower_bound": 1185671233.3333333,
    "upper_bound": 1220318175.0,
    "unit": "ns"
  },
  "median_abs_dev": {
    "estimate": 20777878.798618913,
    "lower_bound": 5442476.243376732,
    "upper_bound": 38181607.15714109,
    "unit": "ns"
  }
}