{
  "report_directory": "E:\\_ranim\\ranim-bench\\ranim\\target\\criterion\\reports\\extract\\circle",
  "measured_values": [
    963600.0,
    1944300.0,
    3303200.0,
    3793600.0,
    4862200.0,
    5748600.0,
    6712700.0,
    7705900.0,
    8714300.0,
    9620900.0,
    10606900.0,
    11625200.0,
    12454300.0,
    14137100.0,
    14681300.0,
    15507300.0,
    16766600.0,
    17575300.0,
    18303900.0,
    19415500.0,
    20198600.0,
    21261800.0,
    22136800.0,
    23786100.0,
    24484800.0,
    27227100.0,
    26025100.0,
    27077600.0,
    28876700.0,
    29224800.0,
    31881100.0,
    34044500.0,
    31771000.0,
    33911600.0,
    33760600.0,
    34752000.0,
    35505300.0,
    38106100.0,
    37819600.0,
    38791000.0,
    40416200.0,
    41508400.0,
    41811200.0,
    42684600.0,
    44110600.0,
    45292500.0,
    48254500.0,
    49237400.0,
    50036800.0,
    51886300.0,
    49954400.0,
    50496700.0,
    53464000.0,
    54051200.0,
    54988800.0,
    57140700.0,
    57145200.0,
    55898800.0,
    57234200.0,
    59107700.0,
    58849500.0,
    63296700.0,
    61075700.0,
    61670600.0,
    62696800.0,
    66408700.0,
    65381500.0,
    65986600.0,
    67645200.0,
    70222400.0,
    68455800.0,
    70159300.0,
    71558200.0,
    71706300.0,
    72247200.0,
    73141500.0,
    78178100.0,
    78168600.0,
    76141800.0,
    77743400.0,
    78066800.0,
    78968100.0,
    86648300.0,
    81327200.0,
    84115700.0,
    83746200.0,
    86181200.0,
    88465400.0,
    85983100.0,
    88993400.0,
    89649400.0,
    90606600.0,
    91338300.0,
    92297000.0,
    96930000.0,
    94640100.0,
    94638400.0,
    97182900.0,
    100067100.0,
    102700000.0
  ],
  "mean": {
    "estimate": 959.9071670930248,
    "lower_bound": 955.1468523696542,
    "unit": "ns",
    "upper_bound": 965.0236847296576
  },
  "slope": {
    "estimate": 962.4220516317148,
    "lower_bound": 957.2128640394182,
    "unit": "ns",
    "upper_bound": 967.8592503784428
  },
  "change": {
    "change": "NoChange",
    "mean": {
      "estimate": 0.01744301599567044,
      "lower_bound": 0.009278833875905288,
      "unit": "%",
      "upper_bound": 0.025034492325204983
    },
    "median": {
      "estimate": 0.01355396635471484,
      "lower_bound": 0.006473638600919358,
      "unit": "%",
      "upper_bound": 0.022132138766962184
    }
  },
  "median_abs_dev": {
    "estimate": 17.294704780912433,
    "lower_bound": 11.51618596796779,
    "unit": "ns",
    "upper_bound": 25.25366336749788
  },
  "unit": "ns",
  "typical": {
    "estimate": 962.4220516317148,
    "lower_bound": 957.2128640394182,
    "unit": "ns",
    "upper_bound": 967.8592503784428
  },
  "throughput": [],
  "median": {
    "estimate": 951.0218771098988,
    "lower_bound": 946.1411116403376,
    "unit": "ns",
    "upper_bound": 958.3345730705632
  },
  "iteration_count": [
    1026,
    2052,
    3078,
    4104,
    5130,
    6156,
    7182,
    8208,
    9234,
    10260,
    11286,
    12312,
    13338,
    14364,
    15390,
    16416,
    17442,
    18468,
    19494,
    20520,
    21546,
    22572,
    23598,
    24624,
    25650,
    26676,
    27702,
    28728,
    29754,
    30780,
    31806,
    32832,
    33858,
    34884,
    35910,
    36936,
    37962,
    38988,
    40014,
    41040,
    42066,
    43092,
    44118,
    45144,
    46170,
    47196,
    48222,
    49248,
    50274,
    51300,
    52326,
    53352,
    54378,
    55404,
    56430,
    57456,
    58482,
    59508,
    60534,
    61560,
    62586,
    63612,
    64638,
    65664,
    66690,
    67716,
    68742,
    69768,
    70794,
    71820,
    72846,
    73872,
    74898,
    75924,
    76950,
    77976,
    79002,
    80028,
    81054,
    82080,
    83106,
    84132,
    85158,
    86184,
    87210,
    88236,
    89262,
    90288,
    91314,
    92340,
    93366,
    94392,
    95418,
    96444,
    97470,
    98496,
    99522,
    100548,
    101574,
    102600
  ]
}