{
  "mean": {
    "estimate": 766.9919480325457,
    "lower_bound": 763.4833888835751,
    "unit": "ns",
    "upper_bound": 770.8852896392305
  },
  "report_directory": "E:\\_ranim\\ranim-bench\\ranim\\target\\criterion\\reports\\extract\\rectangle",
  "typical": {
    "estimate": 766.7649979693722,
    "lower_bound": 763.5723008652486,
    "unit": "ns",
    "upper_bound": 770.1546864881874
  },
  "unit": "ns",
  "throughput": [],
  "median": {
    "estimate": 760.7117754424153,
    "lower_bound": 758.2328010454632,
    "unit": "ns",
    "upper_bound": 765.004836433408
  },
  "measured_values": [
    973600.0,
    1929500.0,
    2907000.0,
    3866000.0,
    4882300.0,
    5876300.0,
    7032700.0,
    8869300.0,
    8642900.0,
    9714700.0,
    10721500.0,
    11613000.0,
    12592700.0,
    13696300.0,
    14789000.0,
    16319700.0,
    17607800.0,
    17351400.0,
    19879100.0,
    19318900.0,
    20269900.0,
    21486600.0,
    22286300.0,
    23333300.0,
    24511500.0,
    25185600.0,
    26349200.0,
    29558700.0,
    30224100.0,
    29278000.0,
    29983200.0,
    31101300.0,
    31856300.0,
    32778900.0,
    34407500.0,
    36349100.0,
    35834600.0,
    38129700.0,
    41356500.0,
    39679400.0,
    41401700.0,
    42752300.0,
    42063900.0,
    43298800.0,
    43748300.0,
    44658700.0,
    45727100.0,
    47518400.0,
    48316500.0,
    50067300.0,
    50509600.0,
    51363700.0,
    51967500.0,
    52281200.0,
    53345100.0,
    54117200.0,
    57746300.0,
    58583500.0,
    57173000.0,
    57885900.0,
    60211500.0,
    62559300.0,
    60912400.0,
    64227500.0,
    64699700.0,
    64615500.0,
    65392300.0,
    66925700.0,
    66740300.0,
    70139900.0,
    68565600.0,
    70174400.0,
    70701600.0,
    71888400.0,
    74521300.0,
    74471200.0,
    76823600.0,
    78945200.0,
    78847100.0,
    77865400.0,
    79303000.0,
    80025000.0,
    80395100.0,
    81402600.0,
    83086200.0,
    86510500.0,
    85922200.0,
    88942500.0,
    87183600.0,
    91164600.0,
    90468400.0,
    91416300.0,
    95549200.0,
    91723000.0,
    94589100.0,
    92915000.0,
    96342400.0,
    95975500.0,
    96255100.0,
    98710500.0
  ],
  "median_abs_dev": {
    "estimate": 12.554463214910504,
    "lower_bound": 9.004308389739828,
    "unit": "ns",
    "upper_bound": 17.28824635909253
  },
  "change": {
    "change": "NoChange",
    "mean": {
      "estimate": -0.005300571555841738,
      "lower_bound": -0.012803712929199056,
      "unit": "%",
      "upper_bound": 0.002556847593753408
    },
    "median": {
      "estimate": -0.0003218814522840674,
      "lower_bound": -0.014080247125493273,
      "unit": "%",
      "upper_bound": 0.006338119628864913
    }
  },
  "iteration_count": [
    1287,
    2574,
    3861,
    5148,
    6435,
    7722,
    9009,
    10296,
    11583,
    12870,
    14157,
    15444,
    16731,
    18018,
    19305,
    20592,
    21879,
    23166,
    24453,
    25740,
    27027,
    28314,
    29601,
    30888,
    32175,
    33462,
    34749,
    36036,
    37323,
    38610,
    39897,
    41184,
    42471,
    43758,
    45045,
    46332,
    47619,
    48906,
    50193,
    51480,
    52767,
    54054,
    55341,
    56628,
    57915,
    59202,
    60489,
    61776,
    63063,
    64350,
    65637,
    66924,
    68211,
    69498,
    70785,
    72072,
    73359,
    74646,
    75933,
    77220,
    78507,
    79794,
    81081,
    82368,
    83655,
    84942,
    86229,
    87516,
    88803,
    90090,
    91377,
    92664,
    93951,
    95238,
    96525,
    97812,
    99099,
    100386,
    101673,
    102960,
    104247,
    105534,
    106821,
    108108,
    109395,
    110682,
    111969,
    113256,
    114543,
    115830,
    117117,
    118404,
    119691,
    120978,
    122265,
    123552,
    124839,
    126126,
    127413,
    128700
  ],
  "slope": {
    "estimate": 766.7649979693722,
    "lower_bound": 763.5723008652486,
    "unit": "ns",
    "upper_bound": 770.1546864881874
  }
}