{
  "report_directory": "E:\\_ranim\\ranim-bench\\ranim\\target\\criterion\\reports\\merged_cpu_submit\\no_wait\\1600",
  "throughput": [],
  "change": null,
  "mean": {
    "estimate": 22160228.4,
    "lower_bound": 21963854.5,
    "unit": "ns",
    "upper_bound": 22373811.05
  },
  "median_abs_dev": {
    "estimate": 542468.5043692589,
    "lower_bound": 314948.71240854263,
    "unit": "ns",
    "upper_bound": 801315.6337738037
  },
  "typical": {
    "estimate": 22160228.4,
    "lower_bound": 21963854.5,
    "unit": "ns",
    "upper_bound": 22373811.05
  },
  "median": {
    "estimate": 21896640.0,
    "lower_bound": 21737340.0,
    "unit": "ns",
    "upper_bound": 22112090.0
  },
  "slope": null,
  "unit": "ns",
  "iteration_count": [
    5,
    5,
    5,
    5,
    5,
    5,
    5,
    5,
    5,
    5,
    5,
    5,
    5,
    5,
    5,
    5,
    5,
    5,
    5,
    5,
    5,
    5,
    5,
    5,
    5,
    5,
    5,
    5,
    5,
    5,
    5,
    5,
    5,
    5,
    5,
    5,
    5,
    5,
    5,
    5,
    5,
    5,
    5,
    5,
    5,
    5,
    5,
    5,
    5,
    5
  ],
  "measured_values": [
    118803400.0,
    117088600.0,
    116529300.0,
    112896900.0,
    113395100.0,
    112136700.0,
    114701300.0,
    115711100.0,
    110537500.0,
    110256200.0,
    111919200.0,
    110277100.0,
    110798100.0,
    107663200.0,
    107003600.0,
    109324900.0,
    114991100.0,
    117201500.0,
    120986600.0,
    113375600.0,
    112514200.0,
    121327400.0,
    110864700.0,
    109507300.0,
    109748200.0,
    113177700.0,
    108634300.0,
    107199000.0,
    108333300.0,
    107704900.0,
    108152800.0,
    108248700.0,
    107055600.0,
    107359500.0,
    109553400.0,
    108739100.0,
    109459100.0,
    108725700.0,
    109208200.0,
    107541000.0,
    108900400.0,
    107501800.0,
    107644300.0,
    108856600.0,
    107218000.0,
    108285000.0,
    107979800.0,
    109541500.0,
    108511400.0,
    106967200.0
  ]
}