{
  "throughput": [],
  "median": {
    "estimate": 50059933.33333333,
    "lower_bound": 49964983.33333333,
    "unit": "ns",
    "upper_bound": 50454933.333333336
  },
  "change": null,
  "measured_values": [
    152850800.0,
    152906900.0,
    147713000.0,
    148782600.0,
    149970900.0,
    148787100.0,
    150819900.0,
    155429600.0,
    162566200.0,
    151495700.0,
    150115200.0,
    148612500.0,
    150358600.0,
    149477200.0,
    152449400.0,
    151364800.0,
    147668600.0,
    149608400.0,
    152832600.0,
    149822300.0,
    155758300.0,
    153095100.0,
    149991300.0,
    148290700.0,
    149974200.0,
    149995800.0,
    150244400.0,
    150758000.0,
    151822900.0,
    155548500.0,
    149543200.0,
    149052100.0,
    147692900.0,
    149216100.0,
    154709200.0,
    153081200.0,
    150927400.0,
    152785400.0,
    153550000.0,
    152008500.0,
    148778300.0,
    149493200.0,
    149967600.0,
    149148600.0,
    149947800.0,
    149788000.0,
    149439300.0,
    151643100.0,
    150547400.0,
    152554100.0
  ],
  "iteration_count": [
    3,
    3,
    3,
    3,
    3,
    3,
    3,
    3,
    3,
    3,
    3,
    3,
    3,
    3,
    3,
    3,
    3,
    3,
    3,
    3,
    3,
    3,
    3,
    3,
    3,
    3,
    3,
    3,
    3,
    3,
    3,
    3,
    3,
    3,
    3,
    3,
    3,
    3,
    3,
    3,
    3,
    3,
    3,
    3,
    3,
    3,
    3,
    3,
    3,
    3
  ],
  "report_directory": "E:\\_ranim\\ranim-bench\\ranim\\target\\criterion\\reports\\merged_cpu_submit\\no_wait\\3600",
  "median_abs_dev": {
    "estimate": 669295.0481176358,
    "lower_bound": 374653.0133485794,
    "unit": "ns",
    "upper_bound": 922498.4136223756
  },
  "mean": {
    "estimate": 50353232.66666667,
    "lower_bound": 50128193.18333332,
    "unit": "ns",
    "upper_bound": 50608479.33333332
  },
  "slope": null,
  "typical": {
    "estimate": 50353232.66666667,
    "lower_bound": 50128193.18333332,
    "unit": "ns",
    "upper_bound": 50608479.33333332
  },
  "unit": "ns"
}