{
  "median": {
    "estimate": 415.673822907176,
    "lower_bound": 415.3026504147194,
    "unit": "ns",
    "upper_bound": 415.8326262364375
  },
  "slope": {
    "estimate": 413.9966230290774,
    "lower_bound": 413.5575867150963,
    "unit": "ns",
    "upper_bound": 414.4845892854641
  },
  "measured_values": [
    1009601.0,
    2038918.0,
    3056984.0,
    4070783.0,
    5083940.0,
    6090685.0,
    7122057.0,
    8109947.0,
    9166235.0,
    10205260.0,
    11180306.0,
    12201188.0,
    13205929.0,
    14230097.0,
    15195525.0,
    16273624.0,
    17251104.0,
    18233955.0,
    19246862.0,
    20338946.0,
    21295979.0,
    22299799.0,
    23321692.0,
    24336313.0,
    25369557.0,
    26334564.0,
    27343433.0,
    28343677.0,
    29354840.0,
    30382495.0,
    31400742.0,
    32401325.0,
    33427146.0,
    34534759.0,
    35563376.0,
    36534485.0,
    37540248.0,
    38558165.0,
    39579417.0,
    40561336.0,
    41679339.0,
    42627375.0,
    43633700.0,
    44679056.0,
    45764809.0,
    46760814.0,
    47667453.0,
    48667476.0,
    49662780.0,
    50480343.0,
    51562068.0,
    52503231.0,
    53472737.0,
    54512915.0,
    55577067.0,
    56623406.0,
    57710693.0,
    58728459.0,
    59764699.0,
    60723275.0,
    61775755.0,
    62732527.0,
    63767054.0,
    64818123.0,
    65824978.0,
    66831813.0,
    67761155.0,
    68787366.0,
    69781167.0,
    70791630.0,
    71825345.0,
    72856748.0,
    73774959.0,
    74772247.0,
    75771127.0,
    76796037.0,
    77791351.0,
    78910826.0,
    79871556.0,
    80822938.0,
    81913750.0,
    82595851.0,
    83516976.0,
    84478889.0,
    85545598.0,
    86569025.0,
    87542218.0,
    88586533.0,
    89702411.0,
    90611655.0,
    91462771.0,
    92338742.0,
    93257995.0,
    94404851.0,
    95280883.0,
    96195940.0,
    97263109.0,
    98146795.0,
    99127451.0,
    100285929.0
  ],
  "throughput": [],
  "iteration_count": [
    2436,
    4872,
    7308,
    9744,
    12180,
    14616,
    17052,
    19488,
    21924,
    24360,
    26796,
    29232,
    31668,
    34104,
    36540,
    38976,
    41412,
    43848,
    46284,
    48720,
    51156,
    53592,
    56028,
    58464,
    60900,
    63336,
    65772,
    68208,
    70644,
    73080,
    75516,
    77952,
    80388,
    82824,
    85260,
    87696,
    90132,
    92568,
    95004,
    97440,
    99876,
    102312,
    104748,
    107184,
    109620,
    112056,
    114492,
    116928,
    119364,
    121800,
    124236,
    126672,
    129108,
    131544,
    133980,
    136416,
    138852,
    141288,
    143724,
    146160,
    148596,
    151032,
    153468,
    155904,
    158340,
    160776,
    163212,
    165648,
    168084,
    170520,
    172956,
    175392,
    177828,
    180264,
    182700,
    185136,
    187572,
    190008,
    192444,
    194880,
    197316,
    199752,
    202188,
    204624,
    207060,
    209496,
    211932,
    214368,
    216804,
    219240,
    221676,
    224112,
    226548,
    228984,
    231420,
    233856,
    236292,
    238728,
    241164,
    243600
  ],
  "mean": {
    "estimate": 415.37036519088457,
    "lower_bound": 415.02348903894017,
    "unit": "ns",
    "upper_bound": 415.70781679410857
  },
  "median_abs_dev": {
    "estimate": 1.3591170312012633,
    "lower_bound": 1.051419649358008,
    "unit": "ns",
    "upper_bound": 1.8402094936618771
  },
  "change": {
    "change": "Improved",
    "mean": {
      "estimate": -0.03072462995100278,
      "lower_bound": -0.03222819294332041,
      "unit": "%",
      "upper_bound": -0.02928119344124464
    },
    "median": {
      "estimate": -0.03095767841702013,
      "lower_bound": -0.0327169764583598,
      "unit": "%",
      "upper_bound": -0.028930336374889728
    }
  },
  "typical": {
    "estimate": 413.9966230290774,
    "lower_bound": 413.5575867150963,
    "unit": "ns",
    "upper_bound": 414.4845892854641
  },
  "report_directory": "/home/user/workspaces/ranim-bench/ranim/target/criterion/reports/extract/polygon/10",
  "unit": "ns"
}