{
  "typical": {
    "estimate": 700.5007538889365,
    "lower_bound": 699.2024985628082,
    "unit": "ns",
    "upper_bound": 701.9609295454069
  },
  "measured_values": [
    996446.0,
    1990950.0,
    2988739.0,
    3999512.0,
    5039740.0,
    5974071.0,
    7006574.0,
    8035191.0,
    8976244.0,
    10000452.0,
    11011616.0,
    12007622.0,
    13048441.0,
    14004513.0,
    15011098.0,
    15966127.0,
    16981438.0,
    18011327.0,
    18985652.0,
    19987770.0,
    20995858.0,
    21990661.0,
    23025870.0,
    24033418.0,
    24956477.0,
    26013847.0,
    26946295.0,
    28019013.0,
    28999449.0,
    29923882.0,
    30913246.0,
    31937845.0,
    32976590.0,
    34168219.0,
    35138589.0,
    36161775.0,
    37138064.0,
    38143067.0,
    39279193.0,
    40362772.0,
    41378514.0,
    42426247.0,
    43294695.0,
    44390095.0,
    45387454.0,
    46545442.0,
    47504338.0,
    48403964.0,
    49445715.0,
    50661620.0,
    51549044.0,
    52590795.0,
    53538210.0,
    54739087.0,
    55711229.0,
    56773267.0,
    57784222.0,
    58741567.0,
    59649338.0,
    60899016.0,
    61732429.0,
    62647384.0,
    63776678.0,
    64870936.0,
    65955788.0,
    66417899.0,
    67543817.0,
    68424728.0,
    69324724.0,
    70487350.0,
    71451047.0,
    72431534.0,
    73500727.0,
    74367282.0,
    75436003.0,
    76486460.0,
    77413357.0,
    78587995.0,
    79635137.0,
    80631242.0,
    81636406.0,
    81623491.0,
    82572369.0,
    83638877.0,
    84613324.0,
    85568144.0,
    86567275.0,
    87628242.0,
    88356438.0,
    89630453.0,
    90301693.0,
    91534210.0,
    92531287.0,
    93609226.0,
    94622644.0,
    95596009.0,
    96612364.0,
    97200650.0,
    98070059.0,
    99127510.0
  ],
  "median": {
    "estimate": 701.9082832967449,
    "lower_bound": 699.6334387834388,
    "unit": "ns",
    "upper_bound": 703.3659953379953
  },
  "mean": {
    "estimate": 701.4805888943322,
    "lower_bound": 700.603958553837,
    "unit": "ns",
    "upper_bound": 702.363321911424
  },
  "slope": {
    "estimate": 700.5007538889365,
    "lower_bound": 699.2024985628082,
    "unit": "ns",
    "upper_bound": 701.9609295454069
  },
  "report_directory": "/home/user/workspaces/ranim-bench/ranim/target/criterion/reports/extract/polygon/20",
  "change": {
    "change": "NoChange",
    "mean": {
      "estimate": -0.0005330189924308559,
      "lower_bound": -0.0029190538020063147,
      "unit": "%",
      "upper_bound": 0.0019741155722002176
    },
    "median": {
      "estimate": 0.002129132931165234,
      "lower_bound": -0.0064772948864211255,
      "unit": "%",
      "upper_bound": 0.008093744124890057
    }
  },
  "unit": "ns",
  "throughput": [],
  "median_abs_dev": {
    "estimate": 5.617884662700199,
    "lower_bound": 4.535425320439816,
    "unit": "ns",
    "upper_bound": 6.6407655412619935
  },
  "iteration_count": [
    1430,
    2860,
    4290,
    5720,
    7150,
    8580,
    10010,
    11440,
    12870,
    14300,
    15730,
    17160,
    18590,
    20020,
    21450,
    22880,
    24310,
    25740,
    27170,
    28600,
    30030,
    31460,
    32890,
    34320,
    35750,
    37180,
    38610,
    40040,
    41470,
    42900,
    44330,
    45760,
    47190,
    48620,
    50050,
    51480,
    52910,
    54340,
    55770,
    57200,
    58630,
    60060,
    61490,
    62920,
    64350,
    65780,
    67210,
    68640,
    70070,
    71500,
    72930,
    74360,
    75790,
    77220,
    78650,
    80080,
    81510,
    82940,
    84370,
    85800,
    87230,
    88660,
    90090,
    91520,
    92950,
    94380,
    95810,
    97240,
    98670,
    100100,
    101530,
    102960,
    104390,
    105820,
    107250,
    108680,
    110110,
    111540,
    112970,
    114400,
    115830,
    117260,
    118690,
    120120,
    121550,
    122980,
    124410,
    125840,
    127270,
    128700,
    130130,
    131560,
    132990,
    134420,
    135850,
    137280,
    138710,
    140140,
    141570,
    143000
  ]
}