{
  "median": {
    "estimate": 402.3684474717319,
    "lower_bound": 402.2539398629444,
    "unit": "ns",
    "upper_bound": 402.5401676206051
  },
  "unit": "ns",
  "mean": {
    "estimate": 402.7917852494042,
    "lower_bound": 402.5797144138896,
    "unit": "ns",
    "upper_bound": 403.01903818272217
  },
  "measured_values": [
    982129.0,
    1967404.0,
    2956477.0,
    3933617.0,
    4914674.0,
    5899999.0,
    6887159.0,
    7867324.0,
    8869291.0,
    9864375.0,
    10826476.0,
    11815359.0,
    12797427.0,
    13800697.0,
    14774220.0,
    15751710.0,
    16711808.0,
    17725747.0,
    18702677.0,
    19708751.0,
    20703224.0,
    21680073.0,
    22661080.0,
    23662986.0,
    24595162.0,
    25636022.0,
    26573056.0,
    27548232.0,
    28537705.0,
    29567455.0,
    30506864.0,
    31525472.0,
    32440545.0,
    33604797.0,
    34625358.0,
    35656670.0,
    36706818.0,
    37606593.0,
    38692367.0,
    39662664.0,
    40641567.0,
    41533096.0,
    42590407.0,
    43553991.0,
    44526864.0,
    45522998.0,
    46479820.0,
    47526582.0,
    48430163.0,
    49211635.0,
    50192100.0,
    51138222.0,
    52048536.0,
    53086901.0,
    54080733.0,
    54988803.0,
    56117137.0,
    57108003.0,
    58091134.0,
    59036785.0,
    60068337.0,
    60996555.0,
    61906689.0,
    63015487.0,
    63897728.0,
    64957092.0,
    65880331.0,
    66876807.0,
    67804414.0,
    68875682.0,
    69791626.0,
    70809963.0,
    71875430.0,
    72794941.0,
    73946579.0,
    74783746.0,
    75677028.0,
    76662253.0,
    77683246.0,
    78641790.0,
    79691447.0,
    80695387.0,
    81650526.0,
    82510916.0,
    83539022.0,
    84640175.0,
    85608659.0,
    86673394.0,
    87508876.0,
    88532353.0,
    89457185.0,
    90431469.0,
    91478441.0,
    92638755.0,
    93412743.0,
    94380596.0,
    95508870.0,
    97298720.0,
    98268937.0,
    99217493.0
  ],
  "slope": {
    "estimate": 402.7003923421839,
    "lower_bound": 402.38463919375897,
    "unit": "ns",
    "upper_bound": 403.0762385887519
  },
  "report_directory": "/home/user/workspaces/ranim-bench/ranim/target/criterion/reports/extract/polygon/10",
  "typical": {
    "estimate": 402.7003923421839,
    "lower_bound": 402.38463919375897,
    "unit": "ns",
    "upper_bound": 403.0762385887519
  },
  "median_abs_dev": {
    "estimate": 0.6464825338939538,
    "lower_bound": 0.4398257302015865,
    "unit": "ns",
    "upper_bound": 0.8036642073338778
  },
  "change": {
    "change": "Improved",
    "mean": {
      "estimate": -0.0685504712559768,
      "lower_bound": -0.06982182720425482,
      "unit": "%",
      "upper_bound": -0.06717297644106421
    },
    "median": {
      "estimate": -0.07122037211896148,
      "lower_bound": -0.07211099131310228,
      "unit": "%",
      "upper_bound": -0.07048765478018981
    }
  },
  "iteration_count": [
    2446,
    4892,
    7338,
    9784,
    12230,
    14676,
    17122,
    19568,
    22014,
    24460,
    26906,
    29352,
    31798,
    34244,
    36690,
    39136,
    41582,
    44028,
    46474,
    48920,
    51366,
    53812,
    56258,
    58704,
    61150,
    63596,
    66042,
    68488,
    70934,
    73380,
    75826,
    78272,
    80718,
    83164,
    85610,
    88056,
    90502,
    92948,
    95394,
    97840,
    100286,
    102732,
    105178,
    107624,
    110070,
    112516,
    114962,
    117408,
    119854,
    122300,
    124746,
    127192,
    129638,
    132084,
    134530,
    136976,
    139422,
    141868,
    144314,
    146760,
    149206,
    151652,
    154098,
    156544,
    158990,
    161436,
    163882,
    166328,
    168774,
    171220,
    173666,
    176112,
    178558,
    181004,
    183450,
    185896,
    188342,
    190788,
    193234,
    195680,
    198126,
    200572,
    203018,
    205464,
    207910,
    210356,
    212802,
    215248,
    217694,
    220140,
    222586,
    225032,
    227478,
    229924,
    232370,
    234816,
    237262,
    239708,
    242154,
    244600
  ],
  "throughput": []
}