{
  "slope": {
    "estimate": 1213.7681438829643,
    "lower_bound": 1213.3472314536302,
    "unit": "ns",
    "upper_bound": 1214.1909965848984
  },
  "mean": {
    "estimate": 1213.8775014413725,
    "lower_bound": 1213.3854250609015,
    "unit": "ns",
    "upper_bound": 1214.4479128318146
  },
  "measured_values": [
    1002717.0,
    1973666.0,
    2970994.0,
    3942543.0,
    4933900.0,
    5936588.0,
    6909791.0,
    7880258.0,
    8887494.0,
    9873210.0,
    10822908.0,
    11855884.0,
    12842251.0,
    13787651.0,
    14814524.0,
    15796043.0,
    16806305.0,
    17784526.0,
    18769551.0,
    19735750.0,
    20721797.0,
    21723283.0,
    22687899.0,
    23681901.0,
    24699617.0,
    25681075.0,
    26667352.0,
    27616589.0,
    28635959.0,
    29593211.0,
    30650632.0,
    31585422.0,
    32600213.0,
    33644399.0,
    34659261.0,
    35664723.0,
    36636673.0,
    37598795.0,
    38608335.0,
    39692698.0,
    40572795.0,
    41563881.0,
    42653141.0,
    43632105.0,
    44607090.0,
    45518948.0,
    46548787.0,
    47561062.0,
    48482378.0,
    49379236.0,
    50382665.0,
    51346761.0,
    52323079.0,
    53512769.0,
    54349004.0,
    55320783.0,
    56269970.0,
    57262069.0,
    58238727.0,
    59271091.0,
    60185784.0,
    61211646.0,
    62338647.0,
    63141318.0,
    64148174.0,
    65048930.0,
    66055075.0,
    67115732.0,
    67995849.0,
    68936060.0,
    69977099.0,
    71057363.0,
    71976394.0,
    72969905.0,
    74025973.0,
    74916821.0,
    76056055.0,
    77079973.0,
    78024342.0,
    78994699.0,
    79873613.0,
    81070417.0,
    81950373.0,
    83166785.0,
    83993941.0,
    84895629.0,
    85971295.0,
    87092746.0,
    87941083.0,
    89018723.0,
    89948984.0,
    90973363.0,
    91854262.0,
    92883921.0,
    93864857.0,
    94812492.0,
    95811713.0,
    97017393.0,
    97940471.0,
    98994886.0
  ],
  "typical": {
    "estimate": 1213.7681438829643,
    "lower_bound": 1213.3472314536302,
    "unit": "ns",
    "upper_bound": 1214.1909965848984
  },
  "iteration_count": [
    814,
    1628,
    2442,
    3256,
    4070,
    4884,
    5698,
    6512,
    7326,
    8140,
    8954,
    9768,
    10582,
    11396,
    12210,
    13024,
    13838,
    14652,
    15466,
    16280,
    17094,
    17908,
    18722,
    19536,
    20350,
    21164,
    21978,
    22792,
    23606,
    24420,
    25234,
    26048,
    26862,
    27676,
    28490,
    29304,
    30118,
    30932,
    31746,
    32560,
    33374,
    34188,
    35002,
    35816,
    36630,
    37444,
    38258,
    39072,
    39886,
    40700,
    41514,
    42328,
    43142,
    43956,
    44770,
    45584,
    46398,
    47212,
    48026,
    48840,
    49654,
    50468,
    51282,
    52096,
    52910,
    53724,
    54538,
    55352,
    56166,
    56980,
    57794,
    58608,
    59422,
    60236,
    61050,
    61864,
    62678,
    63492,
    64306,
    65120,
    65934,
    66748,
    67562,
    68376,
    69190,
    70004,
    70818,
    71632,
    72446,
    73260,
    74074,
    74888,
    75702,
    76516,
    77330,
    78144,
    78958,
    79772,
    80586,
    81400
  ],
  "median": {
    "estimate": 1213.4365036069582,
    "lower_bound": 1213.0684416934416,
    "unit": "ns",
    "upper_bound": 1213.7677532077532
  },
  "throughput": [],
  "median_abs_dev": {
    "estimate": 1.7367983618051768,
    "lower_bound": 1.1449231414091492,
    "unit": "ns",
    "upper_bound": 2.5731533401562223
  },
  "change": {
    "change": "Improved",
    "mean": {
      "estimate": -0.011826712069890388,
      "lower_bound": -0.013141015042137391,
      "unit": "%",
      "upper_bound": -0.010668336870764407
    },
    "median": {
      "estimate": -0.013516603219141388,
      "lower_bound": -0.014089440326233271,
      "unit": "%",
      "upper_bound": -0.013165595185128389
    }
  },
  "unit": "ns",
  "report_directory": "/home/user/workspaces/ranim-bench/ranim/target/criterion/reports/extract/polygon/40"
}