{
  "slope": null,
  "typical": {
    "estimate": 202387.17188976385,
    "lower_bound": 202231.20937007864,
    "unit": "ns",
    "upper_bound": 202556.50984744096
  },
  "report_directory": "/home/user/workspaces/ranim-bench/ranim/target/criterion/reports/merged_cpu_submit/no_wait/100",
  "throughput": [],
  "mean": {
    "estimate": 202387.17188976385,
    "lower_bound": 202231.20937007864,
    "unit": "ns",
    "upper_bound": 202556.50984744096
  },
  "measured_values": [
    102489362.0,
    102978607.0,
    102659920.0,
    102571214.0,
    103423469.0,
    102542983.0,
    102925298.0,
    102752054.0,
    102807177.0,
    102934846.0,
    102696200.0,
    102536932.0,
    103425673.0,
    102537784.0,
    102955656.0,
    102616632.0,
    102571107.0,
    102947120.0,
    103900422.0,
    102112290.0,
    102647410.0,
    102581397.0,
    102896025.0,
    102660004.0,
    102558286.0,
    102902298.0,
    103030758.0,
    102938425.0,
    102677768.0,
    102542816.0,
    102985794.0,
    102693237.0,
    102729384.0,
    103410599.0,
    102625221.0,
    102951111.0,
    102620363.0,
    102549059.0,
    102922938.0,
    102635161.0,
    102878605.0,
    103163227.0,
    102539813.0,
    102970218.0,
    102681468.0,
    102588334.0,
    102903674.0,
    102993772.0,
    102986418.0,
    102985837.0
  ],
  "unit": "ns",
  "median_abs_dev": {
    "estimate": 549.0274916307582,
    "lower_bound": 290.80994188435614,
    "unit": "ns",
    "upper_bound": 716.4824890515731
  },
  "median": {
    "estimate": 202245.50984251968,
    "lower_bound": 202074.22637795276,
    "unit": "ns",
    "upper_bound": 202604.20866141733
  },
  "change": {
    "change": "Improved",
    "mean": {
      "estimate": -0.7075980245212692,
      "lower_bound": -0.7083051279861747,
      "unit": "%",
      "upper_bound": -0.7069256350182144
    },
    "median": {
      "estimate": -0.7066843283220519,
      "lower_bound": -0.7076942834394726,
      "unit": "%",
      "upper_bound": -0.7057541086261694
    }
  },
  "iteration_count": [
    508,
    508,
    508,
    508,
    508,
    508,
    508,
    508,
    508,
    508,
    508,
    508,
    508,
    508,
    508,
    508,
    508,
    508,
    508,
    508,
    508,
    508,
    508,
    508,
    508,
    508,
    508,
    508,
    508,
    508,
    508,
    508,
    508,
    508,
    508,
    508,
    508,
    508,
    508,
    508,
    508,
    508,
    508,
    508,
    508,
    508,
    508,
    508,
    508,
    508
  ]
}