{
  "typical": {
    "estimate": 399163.97295454546,
    "lower_bound": 398808.688653409,
    "unit": "ns",
    "upper_bound": 399542.9146496212
  },
  "throughput": [],
  "median": {
    "estimate": 399055.240530303,
    "lower_bound": 398532.46590909094,
    "unit": "ns",
    "upper_bound": 399395.6136363637
  },
  "iteration_count": [
    264,
    264,
    264,
    264,
    264,
    264,
    264,
    264,
    264,
    264,
    264,
    264,
    264,
    264,
    264,
    264,
    264,
    264,
    264,
    264,
    264,
    264,
    264,
    264,
    264,
    264,
    264,
    264,
    264,
    264,
    264,
    264,
    264,
    264,
    264,
    264,
    264,
    264,
    264,
    264,
    264,
    264,
    264,
    264,
    264,
    264,
    264,
    264,
    264,
    264
  ],
  "median_abs_dev": {
    "estimate": 1068.5221560298678,
    "lower_bound": 701.901577311499,
    "unit": "ns",
    "upper_bound": 1436.2877483928287
  },
  "slope": null,
  "measured_values": [
    105611689.0,
    105227672.0,
    105226259.0,
    105907292.0,
    105142173.0,
    105482569.0,
    105346615.0,
    105076931.0,
    105481167.0,
    105307432.0,
    106780677.0,
    104315258.0,
    104982605.0,
    105651245.0,
    105213848.0,
    105194232.0,
    105377084.0,
    105779065.0,
    105440442.0,
    105354552.0,
    105071573.0,
    105640957.0,
    105151222.0,
    105184935.0,
    105961498.0,
    105071994.0,
    105636551.0,
    105167002.0,
    105174797.0,
    105386042.0,
    105408594.0,
    105822068.0,
    105491650.0,
    105026141.0,
    105572803.0,
    105166753.0,
    105304341.0,
    105813383.0,
    105189656.0,
    105656479.0,
    105198883.0,
    105098896.0,
    105357671.0,
    105367000.0,
    105450515.0,
    105637465.0,
    104967412.0,
    105608150.0,
    105153880.0,
    105327325.0
  ],
  "mean": {
    "estimate": 399163.97295454546,
    "lower_bound": 398808.688653409,
    "unit": "ns",
    "upper_bound": 399542.9146496212
  },
  "report_directory": "/home/user/workspaces/ranim-bench/ranim/target/criterion/reports/merged_cpu_submit/no_wait/1600",
  "change": {
    "change": "Improved",
    "mean": {
      "estimate": -0.97170349389866,
      "lower_bound": -0.9719010440320294,
      "unit": "%",
      "upper_bound": -0.971503098211479
    },
    "median": {
      "estimate": -0.9717079550963676,
      "lower_bound": -0.9721773927838464,
      "unit": "%",
      "upper_bound": -0.9713612666793184
    }
  },
  "unit": "ns"
}