{
  "throughput": [],
  "iteration_count": [
    630,
    630,
    630,
    630,
    630,
    630,
    630,
    630,
    630,
    630,
    630,
    630,
    630,
    630,
    630,
    630,
    630,
    630,
    630,
    630,
    630,
    630,
    630,
    630,
    630,
    630,
    630,
    630,
    630,
    630,
    630,
    630,
    630,
    630,
    630,
    630,
    630,
    630,
    630,
    630,
    630,
    630,
    630,
    630,
    630,
    630,
    630,
    630,
    630,
    630
  ],
  "mean": {
    "estimate": 164178.45434920632,
    "lower_bound": 163997.92150317458,
    "unit": "ns",
    "upper_bound": 164356.5019722222
  },
  "median_abs_dev": {
    "estimate": 528.1703572897738,
    "lower_bound": 315.1568941548401,
    "unit": "ns",
    "upper_bound": 762.5376431289266
  },
  "change": {
    "change": "Improved",
    "mean": {
      "estimate": -0.16445862448159654,
      "lower_bound": -0.16566619901729185,
      "unit": "%",
      "upper_bound": -0.16320956025478922
    },
    "median": {
      "estimate": -0.1637585666207394,
      "lower_bound": -0.16544274604039977,
      "unit": "%",
      "upper_bound": -0.16274210725220062
    }
  },
  "typical": {
    "estimate": 164178.45434920632,
    "lower_bound": 163997.92150317458,
    "unit": "ns",
    "upper_bound": 164356.5019722222
  },
  "median": {
    "estimate": 164240.6476190476,
    "lower_bound": 163965.47222222222,
    "unit": "ns",
    "upper_bound": 164304.48968253966
  },
  "unit": "ns",
  "slope": null,
  "measured_values": [
    103550608.0,
    103517255.0,
    104041796.0,
    102328765.0,
    103523638.0,
    103612704.0,
    103513579.0,
    103318174.0,
    103173023.0,
    103561820.0,
    103601775.0,
    103503992.0,
    103227295.0,
    103171341.0,
    103509463.0,
    103650898.0,
    103468647.0,
    103278321.0,
    103138751.0,
    103510314.0,
    103676165.0,
    103457606.0,
    103310853.0,
    103168858.0,
    104051668.0,
    103165021.0,
    103474569.0,
    103329678.0,
    103099688.0,
    104011002.0,
    103188796.0,
    103550522.0,
    103183547.0,
    103146468.0,
    103955279.0,
    103151808.0,
    103486704.0,
    103204697.0,
    103148993.0,
    104041982.0,
    103168118.0,
    103510078.0,
    103348968.0,
    103324352.0,
    103841839.0,
    103159754.0,
    103491284.0,
    104647875.0,
    102062944.0,
    104060037.0
  ],
  "report_directory": "/home/user/workspaces/ranim-bench/ranim/target/criterion/reports/merged_cpu_submit/no_wait/25"
}