{
  "iteration_count": [
    234,
    234,
    234,
    234,
    234,
    234,
    234,
    234,
    234,
    234,
    234,
    234,
    234,
    234,
    234,
    234,
    234,
    234,
    234,
    234,
    234,
    234,
    234,
    234,
    234,
    234,
    234,
    234,
    234,
    234,
    234,
    234,
    234,
    234,
    234,
    234,
    234,
    234,
    234,
    234,
    234,
    234,
    234,
    234,
    234,
    234,
    234,
    234,
    234,
    234
  ],
  "mean": {
    "estimate": 467663.3584615384,
    "lower_bound": 467361.7753162392,
    "unit": "ns",
    "upper_bound": 467981.81495726504
  },
  "median": {
    "estimate": 467570.6367521367,
    "lower_bound": 467119.5641025641,
    "unit": "ns",
    "upper_bound": 468069.26495726494
  },
  "median_abs_dev": {
    "estimate": 1205.24290039754,
    "lower_bound": 822.2188995053075,
    "unit": "ns",
    "upper_bound": 1520.0609666032665
  },
  "unit": "ns",
  "typical": {
    "estimate": 467663.3584615384,
    "lower_bound": 467361.7753162392,
    "unit": "ns",
    "upper_bound": 467981.81495726504
  },
  "slope": null,
  "measured_values": [
    109575047.0,
    109812963.0,
    109292961.0,
    109275218.0,
    109386786.0,
    109531367.0,
    109028798.0,
    109603472.0,
    109663173.0,
    109472466.0,
    109508776.0,
    109143123.0,
    109579879.0,
    109183348.0,
    109136500.0,
    109512753.0,
    109577364.0,
    109703320.0,
    108995026.0,
    109310055.0,
    109615878.0,
    109345873.0,
    109384164.0,
    109170285.0,
    109839616.0,
    109556156.0,
    109392561.0,
    109223023.0,
    109292714.0,
    109655133.0,
    109089255.0,
    110178091.0,
    109168703.0,
    109422518.0,
    109455860.0,
    109176137.0,
    109705567.0,
    109169405.0,
    109158105.0,
    110159117.0,
    109198119.0,
    109713733.0,
    109123780.0,
    109236772.0,
    109546251.0,
    109318995.0,
    109422700.0,
    109721640.0,
    109400540.0,
    109528208.0
  ],
  "throughput": [],
  "change": {
    "change": "Improved",
    "mean": {
      "estimate": -0.9880989833013308,
      "lower_bound": -0.9881405246603456,
      "unit": "%",
      "upper_bound": -0.988058466720531
    },
    "median": {
      "estimate": -0.9880699140623816,
      "lower_bound": -0.9881733178906544,
      "unit": "%",
      "upper_bound": -0.9880259154329089
    }
  },
  "report_directory": "/home/user/workspaces/ranim-bench/ranim/target/criterion/reports/merged_cpu_submit/no_wait/3600"
}