{
  "id": "eval/eval_transform_squares/10",
  "iteration_count": [
    852,
    1704,
    2556,
    3408,
    4260,
    5112,
    5964,
    6816,
    7668,
    8520
  ],
  "measured_values": [
    91981916.0,
    182639916.0,
    259299708.0,
    361858000.0,
    461667958.0,
    530527708.0,
    660848333.0,
    699060625.0,
    845549333.0,
    918834958.0
  ],
  "unit": "ns",
  "typical": {
    "estimate": 107282.53099810988,
    "lower_bound": 104537.88247263894,
    "upper_bound": 109324.21587816736,
    "unit": "ns"
  },
  "mean": {
    "estimate": 106640.53882568558,
    "lower_bound": 104741.78418427231,
    "upper_bound": 108413.37383486102,
    "unit": "ns"
  },
  "median": {
    "estimate": 107513.76396713615,
    "lower_bound": 103780.85054773084,
    "upper_bound": 109114.93068596766,
    "unit": "ns"
  },
  "median_abs_dev": {
    "estimate": 3032.5659220219127,
    "lower_bound": 477.2475394144944,
    "upper_bound": 5228.109343324925,
    "unit": "ns"
  }
}