{
  "id": "eval/eval_transform_squares/100",
  "iteration_count": [
    8,
    16,
    24,
    32,
    40,
    48,
    56,
    64,
    72,
    80
  ],
  "measured_values": [
    92236083.0,
    195436417.0,
    284191125.0,
    381742125.0,
    470934041.0,
    570809167.0,
    680178000.0,
    760800250.0,
    856742125.0,
    937301792.0
  ],
  "unit": "ns",
  "typical": {
    "estimate": 11874519.81948052,
    "lower_bound": 11779973.973930132,
    "upper_bound": 11996643.858964097,
    "unit": "ns"
  },
  "mean": {
    "estimate": 11882924.15906746,
    "lower_bound": 11768213.635803573,
    "upper_bound": 11999734.99058011,
    "unit": "ns"
  },
  "median": {
    "estimate": 11889680.776041668,
    "lower_bound": 11773351.025,
    "upper_bound": 12022615.947420634,
    "unit": "ns"
  },
  "median_abs_dev": {
    "estimate": 122102.2281216287,
    "lower_bound": 10880.11138600577,
    "upper_bound": 352210.9835907555,
    "unit": "ns"
  }
}