{
  "id": "eval/eval_transform_squares/1000",
  "iteration_count": [
    1,
    2,
    3,
    4,
    5,
    6,
    7,
    8,
    9,
    10
  ],
  "measured_values": [
    1474670500.0,
    2910939708.0,
    4143800041.0,
    6023880334.0,
    7109601334.0,
    8559929125.0,
    10184641417.0,
    11559935500.0,
    11817754500.0,
    14500956000.0
  ],
  "unit": "ns",
  "typical": {
    "estimate": 1417850330.425974,
    "lower_bound": 1365550759.2175505,
    "upper_bound": 1453041742.0683432,
    "unit": "ns"
  },
  "mean": {
    "estimate": 1432907238.3490477,
    "lower_bound": 1399052656.7990477,
    "upper_bound": 1461460679.3214288,
    "unit": "ns"
  },
  "median": {
    "estimate": 1447543768.75,
    "lower_bound": 1403960767.25,
    "upper_bound": 1464809636.9285717,
    "unit": "ns"
  },
  "median_abs_dev": {
    "estimate": 34479653.76402376,
    "lower_bound": 3983934.4194710255,
    "upper_bound": 81159380.35577323,
    "unit": "ns"
  }
}