{
  "slope": null,
  "change": {
    "change": "Improved",
    "mean": {
      "estimate": -0.6793489337815709,
      "lower_bound": -0.682086952661501,
      "unit": "%",
      "upper_bound": -0.6765958798315991
    },
    "median": {
      "estimate": -0.6785987507152822,
      "lower_bound": -0.681541182092788,
      "unit": "%",
      "upper_bound": -0.6741442908914244
    }
  },
  "measured_values": [
    101275100.0,
    99836100.0,
    99730500.0,
    101199400.0,
    97580400.0,
    99045100.0,
    101486000.0,
    101898600.0,
    101346900.0,
    100767500.0,
    98918100.0,
    98505300.0,
    99457900.0,
    99262400.0,
    99078400.0,
    100975900.0,
    103306100.0,
    97996200.0,
    98262700.0,
    101456200.0,
    100070600.0,
    101565000.0,
    99692800.0,
    99216700.0,
    99502000.0,
    102812900.0,
    97397700.0,
    100330900.0,
    100024700.0,
    102067000.0,
    97751100.0,
    100367300.0,
    101756200.0,
    102711600.0,
    99287300.0,
    100703100.0,
    100117400.0,
    98152800.0,
    106681000.0,
    100402600.0,
    99735400.0,
    100691000.0,
    100835300.0,
    98702600.0,
    102257600.0,
    103669000.0,
    101080000.0,
    101551200.0,
    99503300.0,
    98224800.0
  ],
  "iteration_count": [
    188,
    188,
    188,
    188,
    188,
    188,
    188,
    188,
    188,
    188,
    188,
    188,
    188,
    188,
    188,
    188,
    188,
    188,
    188,
    188,
    188,
    188,
    188,
    188,
    188,
    188,
    188,
    188,
    188,
    188,
    188,
    188,
    188,
    188,
    188,
    188,
    188,
    188,
    188,
    188,
    188,
    188,
    188,
    188,
    188,
    188,
    188,
    188,
    188,
    188
  ],
  "median_abs_dev": {
    "estimate": 8944.888405026264,
    "lower_bound": 6180.391486020655,
    "unit": "ns",
    "upper_bound": 11635.64963385148
  },
  "throughput": [],
  "mean": {
    "estimate": 533855.9255319149,
    "lower_bound": 531341.8776595747,
    "unit": "ns",
    "upper_bound": 536528.0061170212
  },
  "report_directory": "E:\\_ranim\\ranim-bench\\ranim\\target\\criterion\\reports\\gpu_render\\submit\\100",
  "unit": "ns",
  "typical": {
    "estimate": 533855.9255319149,
    "lower_bound": 531341.8776595747,
    "unit": "ns",
    "upper_bound": 536528.0061170212
  },
  "median": {
    "estimate": 533107.1808510638,
    "lower_bound": 529877.1276595744,
    "unit": "ns",
    "upper_bound": 536551.5957446808
  }
}