{
  "median": {
    "estimate": 911183.181818182,
    "lower_bound": 905991.8181818182,
    "unit": "ns",
    "upper_bound": 914550.0
  },
  "measured_values": [
    97555500.0,
    100357800.0,
    99599800.0,
    102251600.0,
    101005800.0,
    97983000.0,
    100479200.0,
    101188100.0,
    101312800.0,
    99659100.0,
    110942800.0,
    99178800.0,
    97914100.0,
    100855200.0,
    100454600.0,
    99902800.0,
    98055700.0,
    100400400.0,
    100722200.0,
    100202600.0,
    99016500.0,
    99811200.0,
    98956100.0,
    100819900.0,
    98452700.0,
    101192700.0,
    99082800.0,
    100600500.0,
    100659500.0,
    106168000.0,
    98345000.0,
    100227800.0,
    100799400.0,
    100981900.0,
    99638400.0,
    97448300.0,
    98438100.0,
    102273000.0,
    101963700.0,
    100417300.0,
    99652900.0,
    99779500.0,
    100633500.0,
    99918400.0,
    100232500.0,
    99512900.0,
    101181500.0,
    99410100.0,
    100675600.0,
    98540500.0
  ],
  "slope": null,
  "median_abs_dev": {
    "estimate": 9899.724369699274,
    "lower_bound": 7164.327418262277,
    "unit": "ns",
    "upper_bound": 14993.129188364232
  },
  "typical": {
    "estimate": 911791.2909090912,
    "lower_bound": 907057.9081818184,
    "unit": "ns",
    "upper_bound": 917594.6459090906
  },
  "throughput": [],
  "report_directory": "E:\\_ranim\\ranim-bench\\ranim\\target\\criterion\\reports\\gpu_render\\submit\\1600",
  "unit": "ns",
  "change": {
    "change": "Improved",
    "mean": {
      "estimate": -0.9605931005531796,
      "lower_bound": -0.9608785531838508,
      "unit": "%",
      "upper_bound": -0.960261085059187
    },
    "median": {
      "estimate": -0.960463547350541,
      "lower_bound": -0.960725087240218,
      "unit": "%",
      "upper_bound": -0.9602866451200502
    }
  },
  "mean": {
    "estimate": 911791.2909090912,
    "lower_bound": 907057.9081818184,
    "unit": "ns",
    "upper_bound": 917594.6459090906
  },
  "iteration_count": [
    110,
    110,
    110,
    110,
    110,
    110,
    110,
    110,
    110,
    110,
    110,
    110,
    110,
    110,
    110,
    110,
    110,
    110,
    110,
    110,
    110,
    110,
    110,
    110,
    110,
    110,
    110,
    110,
    110,
    110,
    110,
    110,
    110,
    110,
    110,
    110,
    110,
    110,
    110,
    110,
    110,
    110,
    110,
    110,
    110,
    110,
    110,
    110,
    110,
    110
  ]
}