{
  "median_abs_dev": {
    "estimate": 11677.993773256678,
    "lower_bound": 8031.229663242452,
    "unit": "ns",
    "upper_bound": 14717.323719297783
  },
  "mean": {
    "estimate": 485019.8349514561,
    "lower_bound": 482136.8968446604,
    "unit": "ns",
    "upper_bound": 487921.19320388336
  },
  "typical": {
    "estimate": 485019.8349514561,
    "lower_bound": 482136.8968446604,
    "unit": "ns",
    "upper_bound": 487921.19320388336
  },
  "report_directory": "E:\\_ranim\\ranim-bench\\ranim\\target\\criterion\\reports\\gpu_render\\submit\\25",
  "measured_values": [
    102855500.0,
    101749100.0,
    100951300.0,
    97941000.0,
    101178800.0,
    101359500.0,
    99109000.0,
    103179900.0,
    94752600.0,
    96973500.0,
    96682500.0,
    100438400.0,
    101314000.0,
    97882200.0,
    99821000.0,
    100650800.0,
    96711600.0,
    99811000.0,
    97582100.0,
    104477500.0,
    100979100.0,
    98343800.0,
    98600000.0,
    102801200.0,
    102100400.0,
    104819500.0,
    102474000.0,
    97274700.0,
    97220500.0,
    100442700.0,
    99862800.0,
    97985000.0,
    101344200.0,
    102121400.0,
    101969800.0,
    98979800.0,
    99993500.0,
    99967100.0,
    97633500.0,
    98250800.0,
    98333900.0,
    101878100.0,
    99018400.0,
    97690600.0,
    101139600.0,
    98572300.0,
    98172900.0,
    99704100.0,
    101266300.0,
    101343000.0
  ],
  "unit": "ns",
  "slope": null,
  "change": {
    "change": "Improved",
    "mean": {
      "estimate": -0.3474106921356599,
      "lower_bound": -0.3537940558316496,
      "unit": "%",
      "upper_bound": -0.341331552095223
    },
    "median": {
      "estimate": -0.34422810177317165,
      "lower_bound": -0.353990011816687,
      "unit": "%",
      "upper_bound": -0.3351818385334192
    }
  },
  "iteration_count": [
    206,
    206,
    206,
    206,
    206,
    206,
    206,
    206,
    206,
    206,
    206,
    206,
    206,
    206,
    206,
    206,
    206,
    206,
    206,
    206,
    206,
    206,
    206,
    206,
    206,
    206,
    206,
    206,
    206,
    206,
    206,
    206,
    206,
    206,
    206,
    206,
    206,
    206,
    206,
    206,
    206,
    206,
    206,
    206,
    206,
    206,
    206,
    206,
    206,
    206
  ],
  "throughput": [],
  "median": {
    "estimate": 485024.0291262136,
    "lower_bound": 479656.3106796116,
    "unit": "ns",
    "upper_bound": 490511.8932038835
  }
}