{
  "typical": {
    "estimate": 1703455.862068965,
    "lower_bound": 1685976.7862068966,
    "unit": "ns",
    "upper_bound": 1723127.4
  },
  "median": {
    "estimate": 1688392.2413793104,
    "lower_bound": 1667990.5172413792,
    "unit": "ns",
    "upper_bound": 1712806.896551724
  },
  "measured_values": [
    99504100.0,
    110183600.0,
    107923800.0,
    99868400.0,
    98196900.0,
    100550600.0,
    98545400.0,
    103099200.0,
    96377300.0,
    95062400.0,
    95873500.0,
    98416100.0,
    97556800.0,
    99342800.0,
    102331100.0,
    94036100.0,
    101862200.0,
    96363900.0,
    99863800.0,
    93820200.0,
    102137200.0,
    112919000.0,
    96602200.0,
    97032900.0,
    95087300.0,
    95753800.0,
    96884700.0,
    96121400.0,
    96457500.0,
    95779500.0,
    96227800.0,
    94042000.0,
    96092900.0,
    102594400.0,
    95337200.0,
    95448900.0,
    96966300.0,
    97367000.0,
    99772700.0,
    97216900.0,
    95599100.0,
    99255000.0,
    103918200.0,
    99380100.0,
    98124100.0,
    98357700.0,
    102018100.0,
    101466900.0,
    99553600.0,
    97729400.0
  ],
  "change": {
    "change": "Improved",
    "mean": {
      "estimate": -0.9670909510855512,
      "lower_bound": -0.9674674494007331,
      "unit": "%",
      "upper_bound": -0.9666755249861508
    },
    "median": {
      "estimate": -0.9672315598291836,
      "lower_bound": -0.9676849551210523,
      "unit": "%",
      "upper_bound": -0.9667490955561716
    }
  },
  "mean": {
    "estimate": 1703455.862068965,
    "lower_bound": 1685976.7862068966,
    "unit": "ns",
    "upper_bound": 1723127.4
  },
  "slope": null,
  "iteration_count": [
    58,
    58,
    58,
    58,
    58,
    58,
    58,
    58,
    58,
    58,
    58,
    58,
    58,
    58,
    58,
    58,
    58,
    58,
    58,
    58,
    58,
    58,
    58,
    58,
    58,
    58,
    58,
    58,
    58,
    58,
    58,
    58,
    58,
    58,
    58,
    58,
    58,
    58,
    58,
    58,
    58,
    58,
    58,
    58,
    58,
    58,
    58,
    58,
    58,
    58
  ],
  "throughput": [],
  "unit": "ns",
  "median_abs_dev": {
    "estimate": 48350.65258987998,
    "lower_bound": 32497.057698923985,
    "unit": "ns",
    "upper_bound": 73046.16697903322
  },
  "report_directory": "E:\\_ranim\\ranim-bench\\ranim\\target\\criterion\\reports\\gpu_render\\submit\\3600"
}