{
  "typical": {
    "estimate": 649421.729032258,
    "lower_bound": 644361.2070967742,
    "unit": "ns",
    "upper_bound": 654876.152580645
  },
  "median_abs_dev": {
    "estimate": 10690.980584390574,
    "lower_bound": 7393.869546151969,
    "unit": "ns",
    "upper_bound": 15620.00376139926
  },
  "mean": {
    "estimate": 649421.729032258,
    "lower_bound": 644361.2070967742,
    "unit": "ns",
    "upper_bound": 654876.152580645
  },
  "median": {
    "estimate": 647219.3548387096,
    "lower_bound": 642212.9032258065,
    "unit": "ns",
    "upper_bound": 650184.5161290322
  },
  "measured_values": [
    96872000.0,
    101635900.0,
    109371200.0,
    105269900.0,
    101947400.0,
    98074600.0,
    94590500.0,
    99659900.0,
    100907100.0,
    99988100.0,
    101255700.0,
    106176700.0,
    100582800.0,
    107976200.0,
    100671000.0,
    100372700.0,
    100407500.0,
    100045100.0,
    97519400.0,
    98896100.0,
    106464200.0,
    98985600.0,
    103370900.0,
    100574900.0,
    108621400.0,
    100778600.0,
    100265300.0,
    98695500.0,
    99609600.0,
    99426100.0,
    100930400.0,
    100071200.0,
    101293300.0,
    97901400.0,
    101934800.0,
    99145900.0,
    99256700.0,
    99287500.0,
    97105800.0,
    98798300.0,
    96231800.0,
    99990500.0,
    101150800.0,
    98631400.0,
    98240900.0,
    100444000.0,
    99374800.0,
    102231100.0,
    101173300.0,
    100812600.0
  ],
  "report_directory": "E:\\_ranim\\ranim-bench\\ranim\\target\\criterion\\reports\\gpu_render\\submit\\400",
  "change": {
    "change": "Improved",
    "mean": {
      "estimate": -0.8883605054009389,
      "lower_bound": -0.8894285965882787,
      "unit": "%",
      "upper_bound": -0.8871927882068386
    },
    "median": {
      "estimate": -0.8884470558365682,
      "lower_bound": -0.8895109855802861,
      "unit": "%",
      "upper_bound": -0.887638730237696
    }
  },
  "unit": "ns",
  "slope": null,
  "throughput": [],
  "iteration_count": [
    155,
    155,
    155,
    155,
    155,
    155,
    155,
    155,
    155,
    155,
    155,
    155,
    155,
    155,
    155,
    155,
    155,
    155,
    155,
    155,
    155,
    155,
    155,
    155,
    155,
    155,
    155,
    155,
    155,
    155,
    155,
    155,
    155,
    155,
    155,
    155,
    155,
    155,
    155,
    155,
    155,
    155,
    155,
    155,
    155,
    155,
    155,
    155,
    155,
    155
  ]
}