{
  "slope": {
    "estimate": 237.1395709632324,
    "lower_bound": 237.0574676298048,
    "unit": "ns",
    "upper_bound": 237.2095417348124
  },
  "report_directory": "/home/user/workspaces/ranim-bench/ranim/target/criterion/reports/extract/polygon/10",
  "unit": "ns",
  "typical": {
    "estimate": 237.1395709632324,
    "lower_bound": 237.0574676298048,
    "unit": "ns",
    "upper_bound": 237.2095417348124
  },
  "measured_values": [
    985783.0,
    2022342.0,
    2951317.0,
    3949974.0,
    4940727.0,
    5968148.0,
    6932602.0,
    7945996.0,
    8873790.0,
    9924485.0,
    10869301.0,
    11903565.0,
    12908544.0,
    13876924.0,
    14804448.0,
    15861164.0,
    16933480.0,
    17824644.0,
    18794548.0,
    19795789.0,
    20789387.0,
    21760643.0,
    22791792.0,
    23713534.0,
    24789076.0,
    25689588.0,
    26708734.0,
    27708884.0,
    28770850.0,
    29740533.0,
    30748588.0,
    31699244.0,
    32677122.0,
    33625435.0,
    34664708.0,
    35670900.0,
    36615927.0,
    37620695.0,
    38625303.0,
    39557405.0,
    40594354.0,
    41584916.0,
    42551413.0,
    43696685.0,
    44557914.0,
    45549188.0,
    46526214.0,
    47481139.0,
    48597538.0,
    49509522.0,
    50496998.0,
    51530531.0,
    52429591.0,
    53476980.0,
    54535099.0,
    55375178.0,
    56383363.0,
    57445279.0,
    58298513.0,
    59411705.0,
    60331985.0,
    61333347.0,
    62539834.0,
    63381557.0,
    64248166.0,
    65411323.0,
    66283291.0,
    66848814.0,
    67930156.0,
    69312665.0,
    70248976.0,
    71218689.0,
    72129029.0,
    73126794.0,
    74197948.0,
    75284952.0,
    76260615.0,
    77289820.0,
    78112556.0,
    79251387.0,
    80171746.0,
    81258149.0,
    82192566.0,
    83171405.0,
    84084041.0,
    85104880.0,
    85983521.0,
    87088658.0,
    88073389.0,
    89089930.0,
    90082876.0,
    91119165.0,
    92060885.0,
    93109796.0,
    94104696.0,
    95064129.0,
    96043591.0,
    97005148.0,
    98116306.0,
    99064028.0
  ],
  "throughput": [],
  "median_abs_dev": {
    "estimate": 0.2969400452150224,
    "lower_bound": 0.19432271908485513,
    "unit": "ns",
    "upper_bound": 0.3532761508189718
  },
  "mean": {
    "estimate": 237.20712328368333,
    "lower_bound": 237.08839422356107,
    "unit": "ns",
    "upper_bound": 237.35157577914495
  },
  "iteration_count": [
    4174,
    8348,
    12522,
    16696,
    20870,
    25044,
    29218,
    33392,
    37566,
    41740,
    45914,
    50088,
    54262,
    58436,
    62610,
    66784,
    70958,
    75132,
    79306,
    83480,
    87654,
    91828,
    96002,
    100176,
    104350,
    108524,
    112698,
    116872,
    121046,
    125220,
    129394,
    133568,
    137742,
    141916,
    146090,
    150264,
    154438,
    158612,
    162786,
    166960,
    171134,
    175308,
    179482,
    183656,
    187830,
    192004,
    196178,
    200352,
    204526,
    208700,
    212874,
    217048,
    221222,
    225396,
    229570,
    233744,
    237918,
    242092,
    246266,
    250440,
    254614,
    258788,
    262962,
    267136,
    271310,
    275484,
    279658,
    283832,
    288006,
    292180,
    296354,
    300528,
    304702,
    308876,
    313050,
    317224,
    321398,
    325572,
    329746,
    333920,
    338094,
    342268,
    346442,
    350616,
    354790,
    358964,
    363138,
    367312,
    371486,
    375660,
    379834,
    384008,
    388182,
    392356,
    396530,
    400704,
    404878,
    409052,
    413226,
    417400
  ],
  "median": {
    "estimate": 237.21284396604833,
    "lower_bound": 237.1321154767609,
    "unit": "ns",
    "upper_bound": 237.2427752156205
  },
  "change": {
    "change": "Regressed",
    "mean": {
      "estimate": 0.04105046047458627,
      "lower_bound": 0.04042303552923056,
      "unit": "%",
      "upper_bound": 0.04166445129505257
    },
    "median": {
      "estimate": 0.04127672793297821,
      "lower_bound": 0.04084855797940423,
      "unit": "%",
      "upper_bound": 0.04156248582501809
    }
  }
}