{
  "measured_values": [
    1025938.0,
    1989860.0,
    2987636.0,
    3995581.0,
    4985031.0,
    5986443.0,
    6942931.0,
    7950744.0,
    8929995.0,
    9932950.0,
    10930175.0,
    11951164.0,
    12933030.0,
    13937257.0,
    14934071.0,
    15897221.0,
    16912760.0,
    17877874.0,
    18903131.0,
    19865199.0,
    20878815.0,
    21893352.0,
    22944167.0,
    23895455.0,
    24873704.0,
    25835221.0,
    26894502.0,
    27835240.0,
    28827295.0,
    29822716.0,
    30815142.0,
    31825321.0,
    32804511.0,
    33796245.0,
    34800283.0,
    35787708.0,
    36797847.0,
    37802104.0,
    38797095.0,
    39786244.0,
    40748703.0,
    41813545.0,
    42746268.0,
    43764943.0,
    44773318.0,
    45753430.0,
    46723584.0,
    47730997.0,
    48724626.0,
    49744783.0,
    50779297.0,
    51709436.0,
    52644804.0,
    53656956.0,
    54709354.0,
    55694296.0,
    56631457.0,
    57730793.0,
    58653137.0,
    59679887.0,
    60656052.0,
    61661903.0,
    62844425.0,
    63605676.0,
    64599204.0,
    65656100.0,
    66687369.0,
    67805651.0,
    68660318.0,
    69573765.0,
    70579906.0,
    71552765.0,
    72577771.0,
    73609490.0,
    74565827.0,
    75586706.0,
    76629457.0,
    77623054.0,
    78529538.0,
    79540909.0,
    80665182.0,
    81619466.0,
    82561407.0,
    83487467.0,
    84538423.0,
    85645333.0,
    86613713.0,
    87577645.0,
    88773673.0,
    89565131.0,
    90446037.0,
    91476534.0,
    92681709.0,
    93474329.0,
    94442689.0,
    95444182.0,
    96477533.0,
    97487512.0,
    98589453.0,
    99466592.0
  ],
  "median_abs_dev": {
    "estimate": 0.4868064614051325,
    "lower_bound": 0.3706504568653552,
    "unit": "ns",
    "upper_bound": 0.6234546860905932
  },
  "unit": "ns",
  "report_directory": "/home/user/workspaces/ranim-bench/ranim/target/criterion/reports/extract/polygon/40",
  "mean": {
    "estimate": 593.0014631212144,
    "lower_bound": 592.7197039001358,
    "unit": "ns",
    "upper_bound": 593.4521303092147
  },
  "iteration_count": [
    1678,
    3356,
    5034,
    6712,
    8390,
    10068,
    11746,
    13424,
    15102,
    16780,
    18458,
    20136,
    21814,
    23492,
    25170,
    26848,
    28526,
    30204,
    31882,
    33560,
    35238,
    36916,
    38594,
    40272,
    41950,
    43628,
    45306,
    46984,
    48662,
    50340,
    52018,
    53696,
    55374,
    57052,
    58730,
    60408,
    62086,
    63764,
    65442,
    67120,
    68798,
    70476,
    72154,
    73832,
    75510,
    77188,
    78866,
    80544,
    82222,
    83900,
    85578,
    87256,
    88934,
    90612,
    92290,
    93968,
    95646,
    97324,
    99002,
    100680,
    102358,
    104036,
    105714,
    107392,
    109070,
    110748,
    112426,
    114104,
    115782,
    117460,
    119138,
    120816,
    122494,
    124172,
    125850,
    127528,
    129206,
    130884,
    132562,
    134240,
    135918,
    137596,
    139274,
    140952,
    142630,
    144308,
    145986,
    147664,
    149342,
    151020,
    152698,
    154376,
    156054,
    157732,
    159410,
    161088,
    162766,
    164444,
    166122,
    167800
  ],
  "slope": {
    "estimate": 592.8577793674801,
    "lower_bound": 592.723318971077,
    "unit": "ns",
    "upper_bound": 593.001884617247
  },
  "typical": {
    "estimate": 592.8577793674801,
    "lower_bound": 592.723318971077,
    "unit": "ns",
    "upper_bound": 593.001884617247
  },
  "median": {
    "estimate": 592.724500780984,
    "lower_bound": 592.5975205691462,
    "unit": "ns",
    "upper_bound": 592.8310671109922
  },
  "change": {
    "change": "NoChange",
    "mean": {
      "estimate": 0.002292921755493893,
      "lower_bound": 0.001632188293683451,
      "unit": "%",
      "upper_bound": 0.0031451870228168533
    },
    "median": {
      "estimate": 0.0015960767010936294,
      "lower_bound": 0.0011739056535111647,
      "unit": "%",
      "upper_bound": 0.0021891598589134365
    }
  },
  "throughput": []
}