{
  "mean": {
    "estimate": 214.0190840707589,
    "lower_bound": 213.88395474458233,
    "unit": "ns",
    "upper_bound": 214.16161815416217
  },
  "throughput": [],
  "typical": {
    "estimate": 214.307686322373,
    "lower_bound": 214.14458119697937,
    "unit": "ns",
    "upper_bound": 214.46425753646935
  },
  "change": {
    "change": "NoChange",
    "mean": {
      "estimate": 0.0034392976180495083,
      "lower_bound": 0.0024921837564017947,
      "unit": "%",
      "upper_bound": 0.004237040673998304
    },
    "median": {
      "estimate": 0.0032029966098001683,
      "lower_bound": 0.002302998011357804,
      "unit": "%",
      "upper_bound": 0.004372826317825762
    }
  },
  "median": {
    "estimate": 213.86480190711296,
    "lower_bound": 213.75202535114283,
    "unit": "ns",
    "upper_bound": 214.11916793726857
  },
  "iteration_count": [
    4591,
    9182,
    13773,
    18364,
    22955,
    27546,
    32137,
    36728,
    41319,
    45910,
    50501,
    55092,
    59683,
    64274,
    68865,
    73456,
    78047,
    82638,
    87229,
    91820,
    96411,
    101002,
    105593,
    110184,
    114775,
    119366,
    123957,
    128548,
    133139,
    137730,
    142321,
    146912,
    151503,
    156094,
    160685,
    165276,
    169867,
    174458,
    179049,
    183640,
    188231,
    192822,
    197413,
    202004,
    206595,
    211186,
    215777,
    220368,
    224959,
    229550,
    234141,
    238732,
    243323,
    247914,
    252505,
    257096,
    261687,
    266278,
    270869,
    275460,
    280051,
    284642,
    289233,
    293824,
    298415,
    303006,
    307597,
    312188,
    316779,
    321370,
    325961,
    330552,
    335143,
    339734,
    344325,
    348916,
    353507,
    358098,
    362689,
    367280,
    371871,
    376462,
    381053,
    385644,
    390235,
    394826,
    399417,
    404008,
    408599,
    413190,
    417781,
    422372,
    426963,
    431554,
    436145,
    440736,
    445327,
    449918,
    454509,
    459100
  ],
  "report_directory": "/home/user/workspaces/ranim-bench/ranim/target/criterion/reports/extract/polygon/5",
  "measured_values": [
    997585.0,
    1950055.0,
    2936630.0,
    3906914.0,
    4890532.0,
    5915158.0,
    6867498.0,
    7899849.0,
    8826742.0,
    9804900.0,
    10799330.0,
    11761548.0,
    12783529.0,
    13694732.0,
    14627775.0,
    15690253.0,
    16634568.0,
    17629027.0,
    18627675.0,
    19583260.0,
    20589653.0,
    21558513.0,
    22583470.0,
    23542212.0,
    24535068.0,
    25468694.0,
    26489612.0,
    27442463.0,
    28491966.0,
    29507405.0,
    30421402.0,
    31417355.0,
    32447992.0,
    33372179.0,
    34330872.0,
    35345398.0,
    36200155.0,
    37262191.0,
    38281558.0,
    39211926.0,
    40194413.0,
    41199362.0,
    42161902.0,
    43155760.0,
    44142925.0,
    45403475.0,
    46075478.0,
    46981431.0,
    48016095.0,
    49177037.0,
    50025382.0,
    50884868.0,
    52057663.0,
    53026664.0,
    53991217.0,
    55057361.0,
    55954227.0,
    57039878.0,
    57942243.0,
    58981266.0,
    59918389.0,
    60942112.0,
    62070643.0,
    63172044.0,
    63955557.0,
    64901104.0,
    65900923.0,
    66879763.0,
    67839998.0,
    68911532.0,
    69913696.0,
    70853342.0,
    71822815.0,
    72803548.0,
    73870794.0,
    74777428.0,
    75891984.0,
    76987552.0,
    78064837.0,
    78884308.0,
    79908683.0,
    80921697.0,
    81918681.0,
    82998251.0,
    84027475.0,
    84897781.0,
    85770993.0,
    86703695.0,
    87161456.0,
    88266443.0,
    89380538.0,
    90281652.0,
    91139885.0,
    92159251.0,
    93233089.0,
    94336392.0,
    95739170.0,
    96836713.0,
    97701227.0,
    98558660.0
  ],
  "median_abs_dev": {
    "estimate": 0.5572532791505574,
    "lower_bound": 0.4458889386417739,
    "unit": "ns",
    "upper_bound": 0.7774559208521522
  },
  "slope": {
    "estimate": 214.307686322373,
    "lower_bound": 214.14458119697937,
    "unit": "ns",
    "upper_bound": 214.46425753646935
  },
  "unit": "ns"
}