{
  "slope": {
    "estimate": 657.5945219030208,
    "lower_bound": 656.7353017934346,
    "unit": "ns",
    "upper_bound": 658.5750958523705
  },
  "iteration_count": [
    1488,
    2976,
    4464,
    5952,
    7440,
    8928,
    10416,
    11904,
    13392,
    14880,
    16368,
    17856,
    19344,
    20832,
    22320,
    23808,
    25296,
    26784,
    28272,
    29760,
    31248,
    32736,
    34224,
    35712,
    37200,
    38688,
    40176,
    41664,
    43152,
    44640,
    46128,
    47616,
    49104,
    50592,
    52080,
    53568,
    55056,
    56544,
    58032,
    59520,
    61008,
    62496,
    63984,
    65472,
    66960,
    68448,
    69936,
    71424,
    72912,
    74400,
    75888,
    77376,
    78864,
    80352,
    81840,
    83328,
    84816,
    86304,
    87792,
    89280,
    90768,
    92256,
    93744,
    95232,
    96720,
    98208,
    99696,
    101184,
    102672,
    104160,
    105648,
    107136,
    108624,
    110112,
    111600,
    113088,
    114576,
    116064,
    117552,
    119040,
    120528,
    122016,
    123504,
    124992,
    126480,
    127968,
    129456,
    130944,
    132432,
    133920,
    135408,
    136896,
    138384,
    139872,
    141360,
    142848,
    144336,
    145824,
    147312,
    148800
  ],
  "report_directory": "/Volumes/Files/_ranim/ranim-bench/ranim/target/criterion/reports/extract/polygon/10",
  "measured_values": [
    1027583.0,
    2070333.0,
    2973000.0,
    3947083.0,
    4900042.0,
    5878667.0,
    7008500.0,
    8010458.0,
    8964208.0,
    10061667.0,
    11100708.0,
    12195250.0,
    13175625.0,
    14082292.0,
    15175500.0,
    16092209.0,
    17129666.0,
    18104000.0,
    19100583.0,
    20104875.0,
    21106583.0,
    22165083.0,
    23379167.0,
    24124083.0,
    25037209.0,
    26100375.0,
    27107875.0,
    28133750.0,
    29401625.0,
    29990917.0,
    30851083.0,
    32006750.0,
    32969666.0,
    34017500.0,
    34955208.0,
    35645375.0,
    36948875.0,
    38405625.0,
    39524584.0,
    40336750.0,
    41409542.0,
    41630250.0,
    42138375.0,
    43133417.0,
    44017333.0,
    45049583.0,
    45906750.0,
    47064792.0,
    47852833.0,
    48908875.0,
    49882292.0,
    51417750.0,
    52425791.0,
    52783375.0,
    53513333.0,
    54774708.0,
    55800959.0,
    56753958.0,
    57422417.0,
    58480459.0,
    59501625.0,
    60400666.0,
    61509334.0,
    62299916.0,
    63580000.0,
    64540708.0,
    65466708.0,
    66461917.0,
    67419542.0,
    68410041.0,
    69146125.0,
    70293875.0,
    70991834.0,
    71978084.0,
    72884375.0,
    74127250.0,
    75041333.0,
    75901083.0,
    77008834.0,
    77887000.0,
    78290458.0,
    79143208.0,
    81092917.0,
    81758375.0,
    82810708.0,
    83898042.0,
    85046500.0,
    86432500.0,
    87162125.0,
    87937000.0,
    89057875.0,
    90084250.0,
    90956125.0,
    91896041.0,
    93499291.0,
    93851958.0,
    94415875.0,
    95561292.0,
    96819750.0,
    97891750.0
  ],
  "median_abs_dev": {
    "estimate": 6.034613715410921,
    "lower_bound": 3.798531613281056,
    "unit": "ns",
    "upper_bound": 12.89014740372407
  },
  "mean": {
    "estimate": 664.1179058489752,
    "lower_bound": 662.1185634384703,
    "unit": "ns",
    "upper_bound": 666.1750486129961
  },
  "typical": {
    "estimate": 657.5945219030208,
    "lower_bound": 656.7353017934346,
    "unit": "ns",
    "upper_bound": 658.5750958523705
  },
  "median": {
    "estimate": 658.161451603054,
    "lower_bound": 657.3380386480482,
    "unit": "ns",
    "upper_bound": 664.518067617866
  },
  "change": {
    "change": "NoChange",
    "mean": {
      "estimate": 0.006650513313693818,
      "lower_bound": 0.003173372361487298,
      "unit": "%",
      "upper_bound": 0.0100880081394624
    },
    "median": {
      "estimate": -0.0034714707231215947,
      "lower_bound": -0.005109741623767493,
      "unit": "%",
      "upper_bound": 0.006256478273918731
    }
  },
  "unit": "ns",
  "throughput": []
}