{
  "throughput": [],
  "median_abs_dev": {
    "estimate": 9.157781738532506,
    "lower_bound": 4.854005099688595,
    "unit": "ns",
    "upper_bound": 13.32017386156864
  },
  "change": {
    "change": "NoChange",
    "mean": {
      "estimate": 0.02214349731014531,
      "lower_bound": 0.008047970578193866,
      "unit": "%",
      "upper_bound": 0.04623209888906357
    },
    "median": {
      "estimate": 0.0027588335224171256,
      "lower_bound": -0.0021671034980312864,
      "unit": "%",
      "upper_bound": 0.006018336954481063
    }
  },
  "slope": {
    "estimate": 1002.4547657780946,
    "lower_bound": 998.9204485704072,
    "unit": "ns",
    "upper_bound": 1006.652642789498
  },
  "measured_values": [
    1010584.0,
    2026083.0,
    2971959.0,
    4274333.0,
    6499000.0,
    10702500.0,
    8799417.0,
    7834791.0,
    8715750.0,
    10314959.0,
    10676542.0,
    12215958.0,
    12600709.0,
    13789542.0,
    14590292.0,
    15926416.0,
    16460875.0,
    17778916.0,
    19139958.0,
    19477792.0,
    20475958.0,
    21388333.0,
    22336208.0,
    23340792.0,
    24319250.0,
    25300708.0,
    26288708.0,
    27209875.0,
    28165875.0,
    29201375.0,
    30121417.0,
    31055541.0,
    32220833.0,
    33298709.0,
    35976666.0,
    37022250.0,
    38183083.0,
    39106500.0,
    40092834.0,
    38944709.0,
    39870417.0,
    40858333.0,
    41860834.0,
    42704541.0,
    43808334.0,
    44766417.0,
    45745500.0,
    46802375.0,
    47694583.0,
    48660625.0,
    49776292.0,
    50610708.0,
    51606959.0,
    52601083.0,
    53606459.0,
    54730291.0,
    55906792.0,
    56908292.0,
    58028125.0,
    58780125.0,
    59936541.0,
    60765833.0,
    61348542.0,
    62278625.0,
    63834166.0,
    65046959.0,
    66017708.0,
    66973209.0,
    68002083.0,
    68827250.0,
    69838083.0,
    73468333.0,
    75299792.0,
    76248666.0,
    77366709.0,
    78459833.0,
    76480750.0,
    76652250.0,
    76950916.0,
    77995375.0,
    79133000.0,
    80416042.0,
    81588542.0,
    83004750.0,
    83375542.0,
    83823208.0,
    84762250.0,
    85697166.0,
    86737250.0,
    88513375.0,
    89540666.0,
    90699750.0,
    91822375.0,
    92385084.0,
    93522416.0,
    94169416.0,
    94509250.0,
    95489458.0,
    96381167.0,
    97326584.0
  ],
  "unit": "ns",
  "iteration_count": [
    982,
    1964,
    2946,
    3928,
    4910,
    5892,
    6874,
    7856,
    8838,
    9820,
    10802,
    11784,
    12766,
    13748,
    14730,
    15712,
    16694,
    17676,
    18658,
    19640,
    20622,
    21604,
    22586,
    23568,
    24550,
    25532,
    26514,
    27496,
    28478,
    29460,
    30442,
    31424,
    32406,
    33388,
    34370,
    35352,
    36334,
    37316,
    38298,
    39280,
    40262,
    41244,
    42226,
    43208,
    44190,
    45172,
    46154,
    47136,
    48118,
    49100,
    50082,
    51064,
    52046,
    53028,
    54010,
    54992,
    55974,
    56956,
    57938,
    58920,
    59902,
    60884,
    61866,
    62848,
    63830,
    64812,
    65794,
    66776,
    67758,
    68740,
    69722,
    70704,
    71686,
    72668,
    73650,
    74632,
    75614,
    76596,
    77578,
    78560,
    79542,
    80524,
    81506,
    82488,
    83470,
    84452,
    85434,
    86416,
    87398,
    88380,
    89362,
    90344,
    91326,
    92308,
    93290,
    94272,
    95254,
    96236,
    97218,
    98200
  ],
  "report_directory": "/Volumes/Files/_ranim/ranim-bench/ranim/target/criterion/reports/extract/polygon/20",
  "mean": {
    "estimate": 1017.946869574362,
    "lower_bound": 1003.4466646250328,
    "unit": "ns",
    "upper_bound": 1038.7714217244377
  },
  "median": {
    "estimate": 997.3129679825088,
    "lower_bound": 992.4971017377334,
    "unit": "ns",
    "upper_bound": 1000.5766251544188
  },
  "typical": {
    "estimate": 1002.4547657780946,
    "lower_bound": 998.9204485704072,
    "unit": "ns",
    "upper_bound": 1006.652642789498
  }
}