{
  "median_abs_dev": {
    "estimate": 21.596654353244553,
    "lower_bound": 12.306077036647553,
    "unit": "ns",
    "upper_bound": 22.489336506862237
  },
  "report_directory": "/Volumes/Files/_ranim/ranim-bench/ranim/target/criterion/reports/extract/polygon/40",
  "measured_values": [
    1017875.0,
    2019125.0,
    3014042.0,
    3994250.0,
    5015667.0,
    6031292.0,
    7015500.0,
    8041084.0,
    9071333.0,
    10016084.0,
    11043125.0,
    12015042.0,
    13088667.0,
    14060084.0,
    15109583.0,
    15998833.0,
    17094416.0,
    18079292.0,
    19038250.0,
    20104000.0,
    21166042.0,
    22127375.0,
    23036875.0,
    24063750.0,
    25097500.0,
    26071833.0,
    27088542.0,
    28093917.0,
    29118583.0,
    30106375.0,
    31153417.0,
    32156167.0,
    32745708.0,
    33948042.0,
    34818958.0,
    35901125.0,
    37088417.0,
    38115625.0,
    39247417.0,
    40102667.0,
    41163292.0,
    42103208.0,
    43094000.0,
    44165083.0,
    47653375.0,
    45362042.0,
    46133084.0,
    47402583.0,
    48120209.0,
    49028458.0,
    50106458.0,
    51156708.0,
    51931458.0,
    52969291.0,
    54022167.0,
    54964208.0,
    56025750.0,
    56897750.0,
    57740708.0,
    58662125.0,
    59855084.0,
    60849459.0,
    61720334.0,
    63089708.0,
    63844208.0,
    64886584.0,
    65805250.0,
    66879500.0,
    67880333.0,
    68725708.0,
    70037417.0,
    71775542.0,
    72775000.0,
    73027250.0,
    74281791.0,
    75234000.0,
    76335666.0,
    77448583.0,
    78341167.0,
    78653791.0,
    79124500.0,
    80955916.0,
    81847584.0,
    83120208.0,
    84680875.0,
    84968875.0,
    85743958.0,
    86346250.0,
    87735209.0,
    88784792.0,
    89742292.0,
    90809083.0,
    91676375.0,
    92646417.0,
    93754834.0,
    94086833.0,
    95190958.0,
    96737166.0,
    97672375.0,
    98805375.0
  ],
  "median": {
    "estimate": 1432.8270429815302,
    "lower_bound": 1426.3055839950828,
    "unit": "ns",
    "upper_bound": 1443.929830946107
  },
  "unit": "ns",
  "typical": {
    "estimate": 1427.1266275900302,
    "lower_bound": 1425.1071365693429,
    "unit": "ns",
    "upper_bound": 1429.5478559328535
  },
  "mean": {
    "estimate": 1436.2972860623115,
    "lower_bound": 1432.9895523562948,
    "unit": "ns",
    "upper_bound": 1439.8591336153809
  },
  "iteration_count": [
    692,
    1384,
    2076,
    2768,
    3460,
    4152,
    4844,
    5536,
    6228,
    6920,
    7612,
    8304,
    8996,
    9688,
    10380,
    11072,
    11764,
    12456,
    13148,
    13840,
    14532,
    15224,
    15916,
    16608,
    17300,
    17992,
    18684,
    19376,
    20068,
    20760,
    21452,
    22144,
    22836,
    23528,
    24220,
    24912,
    25604,
    26296,
    26988,
    27680,
    28372,
    29064,
    29756,
    30448,
    31140,
    31832,
    32524,
    33216,
    33908,
    34600,
    35292,
    35984,
    36676,
    37368,
    38060,
    38752,
    39444,
    40136,
    40828,
    41520,
    42212,
    42904,
    43596,
    44288,
    44980,
    45672,
    46364,
    47056,
    47748,
    48440,
    49132,
    49824,
    50516,
    51208,
    51900,
    52592,
    53284,
    53976,
    54668,
    55360,
    56052,
    56744,
    57436,
    58128,
    58820,
    59512,
    60204,
    60896,
    61588,
    62280,
    62972,
    63664,
    64356,
    65048,
    65740,
    66432,
    67124,
    67816,
    68508,
    69200
  ],
  "slope": {
    "estimate": 1427.1266275900302,
    "lower_bound": 1425.1071365693429,
    "unit": "ns",
    "upper_bound": 1429.5478559328535
  },
  "change": {
    "change": "NoChange",
    "mean": {
      "estimate": 0.001621789851001143,
      "lower_bound": -0.0010298621146984843,
      "unit": "%",
      "upper_bound": 0.00435258758259055
    },
    "median": {
      "estimate": 0.0002027413513021603,
      "lower_bound": -0.004695772429473499,
      "unit": "%",
      "upper_bound": 0.007883416743681648
    }
  },
  "throughput": []
}