{
  "median_abs_dev": {
    "estimate": 8461.726332532879,
    "lower_bound": 6212.519924188621,
    "unit": "ns",
    "upper_bound": 14689.472728864686
  },
  "throughput": [],
  "slope": null,
  "report_directory": "/home/user/workspaces/ranim-bench/ranim/target/criterion/reports/gpu_render/submit/100",
  "measured_values": [
    97983176.0,
    98446150.0,
    98651202.0,
    100906494.0,
    100488263.0,
    98474974.0,
    98228754.0,
    97985199.0,
    99974384.0,
    98459938.0,
    100305113.0,
    98668246.0,
    100999590.0,
    99280971.0,
    100560940.0,
    99670208.0,
    99029831.0,
    98599518.0,
    98077213.0,
    99318673.0,
    99022139.0,
    99769655.0,
    98134431.0,
    99731113.0,
    98844027.0,
    98502969.0,
    99791856.0,
    98682896.0,
    98574734.0,
    98275557.0,
    98819012.0,
    98365285.0,
    98894222.0,
    97860351.0,
    98092625.0,
    97403348.0,
    97161958.0,
    97079824.0,
    98441226.0,
    97078313.0,
    99017615.0,
    98527850.0,
    98582072.0,
    99070293.0,
    99762746.0,
    97265563.0,
    97060110.0,
    98095383.0,
    97967633.0,
    97494983.0
  ],
  "iteration_count": [
    87,
    87,
    87,
    87,
    87,
    87,
    87,
    87,
    87,
    87,
    87,
    87,
    87,
    87,
    87,
    87,
    87,
    87,
    87,
    87,
    87,
    87,
    87,
    87,
    87,
    87,
    87,
    87,
    87,
    87,
    87,
    87,
    87,
    87,
    87,
    87,
    87,
    87,
    87,
    87,
    87,
    87,
    87,
    87,
    87,
    87,
    87,
    87,
    87,
    87
  ],
  "unit": "ns",
  "mean": {
    "estimate": 1134592.7875862068,
    "lower_bound": 1131492.7220689652,
    "unit": "ns",
    "upper_bound": 1137738.4566149423
  },
  "median": {
    "estimate": 1133085.091954023,
    "lower_bound": 1131071.9022988505,
    "unit": "ns",
    "upper_bound": 1136282.9540229884
  },
  "typical": {
    "estimate": 1134592.7875862068,
    "lower_bound": 1131492.7220689652,
    "unit": "ns",
    "upper_bound": 1137738.4566149423
  },
  "change": null
}