{
  "iteration_count": [
    3,
    3,
    3,
    3,
    3,
    3,
    3,
    3,
    3,
    3,
    3,
    3,
    3,
    3,
    3,
    3,
    3,
    3,
    3,
    3,
    3,
    3,
    3,
    3,
    3,
    3,
    3,
    3,
    3,
    3,
    3,
    3,
    3,
    3,
    3,
    3,
    3,
    3,
    3,
    3,
    3,
    3,
    3,
    3,
    3,
    3,
    3,
    3,
    3,
    3
  ],
  "measured_values": [
    150819436.0,
    151160903.0,
    150911719.0,
    150811320.0,
    154084034.0,
    150497174.0,
    150835215.0,
    149214079.0,
    150915478.0,
    151728747.0,
    151214026.0,
    154957038.0,
    151154655.0,
    150160238.0,
    151829518.0,
    150967167.0,
    151439169.0,
    148435268.0,
    156074237.0,
    149302136.0,
    157491157.0,
    148839495.0,
    149589737.0,
    149326926.0,
    155969074.0,
    149199788.0,
    151007086.0,
    149484553.0,
    150498777.0,
    149648950.0,
    149986590.0,
    148397792.0,
    150395645.0,
    149938293.0,
    153249890.0,
    148996313.0,
    149686423.0,
    151430741.0,
    149789034.0,
    147537249.0,
    149794878.0,
    148731652.0,
    149149212.0,
    147822854.0,
    150195626.0,
    149538619.0,
    148125541.0,
    147104294.0,
    149496112.0,
    148889038.0
  ],
  "report_directory": "/home/user/workspaces/ranim-bench/ranim/target/criterion/reports/gpu_render/submit/3600",
  "mean": {
    "estimate": 50172152.64000001,
    "lower_bound": 49987670.67383332,
    "unit": "ns",
    "upper_bound": 50378623.705000006
  },
  "change": null,
  "unit": "ns",
  "throughput": [],
  "typical": {
    "estimate": 50172152.64000001,
    "lower_bound": 49987670.67383332,
    "unit": "ns",
    "upper_bound": 50378623.705000006
  },
  "median": {
    "estimate": 50024471.33333333,
    "lower_bound": 49863245.666666664,
    "unit": "ns",
    "upper_bound": 50274422.5
  },
  "median_abs_dev": {
    "estimate": 449216.67252480984,
    "lower_bound": 333081.40428662114,
    "unit": "ns",
    "upper_bound": 630137.3589128237
  },
  "slope": null
}