{
  "iteration_count": [
    774,
    1548,
    2322,
    3096,
    3870,
    4644,
    5418,
    6192,
    6966,
    7740,
    8514,
    9288,
    10062,
    10836,
    11610,
    12384,
    13158,
    13932,
    14706,
    15480,
    16254,
    17028,
    17802,
    18576,
    19350,
    20124,
    20898,
    21672,
    22446,
    23220,
    23994,
    24768,
    25542,
    26316,
    27090,
    27864,
    28638,
    29412,
    30186,
    30960,
    31734,
    32508,
    33282,
    34056,
    34830,
    35604,
    36378,
    37152,
    37926,
    38700,
    39474,
    40248,
    41022,
    41796,
    42570,
    43344,
    44118,
    44892,
    45666,
    46440,
    47214,
    47988,
    48762,
    49536,
    50310,
    51084,
    51858,
    52632,
    53406,
    54180,
    54954,
    55728,
    56502,
    57276,
    58050,
    58824,
    59598,
    60372,
    61146,
    61920,
    62694,
    63468,
    64242,
    65016,
    65790,
    66564,
    67338,
    68112,
    68886,
    69660,
    70434,
    71208,
    71982,
    72756,
    73530,
    74304,
    75078,
    75852,
    76626,
    77400
  ],
  "change": {
    "change": "Regressed",
    "mean": {
      "estimate": 0.4060025714872455,
      "lower_bound": 0.39600605963208946,
      "unit": "%",
      "upper_bound": 0.4164459182936184
    },
    "median": {
      "estimate": 0.4030511163727657,
      "lower_bound": 0.3944651272998676,
      "unit": "%",
      "upper_bound": 0.4140191563345366
    }
  },
  "throughput": [],
  "median_abs_dev": {
    "estimate": 30.94388571990477,
    "lower_bound": 24.478847118210886,
    "unit": "ns",
    "upper_bound": 39.69405172486049
  },
  "typical": {
    "estimate": 1302.334717921636,
    "lower_bound": 1295.3446858019245,
    "unit": "ns",
    "upper_bound": 1309.7170931567746
  },
  "mean": {
    "estimate": 1300.689139881248,
    "lower_bound": 1292.999814427077,
    "unit": "ns",
    "upper_bound": 1309.0856192182614
  },
  "measured_values": [
    1087700.0,
    1956700.0,
    2944800.0,
    3904100.0,
    4966800.0,
    5877900.0,
    6966700.0,
    7779700.0,
    9092200.0,
    9735200.0,
    11142900.0,
    11679100.0,
    12785100.0,
    13717100.0,
    14754000.0,
    15864400.0,
    16991100.0,
    17960400.0,
    18844700.0,
    19836700.0,
    20531800.0,
    21945100.0,
    22619400.0,
    24871800.0,
    24258000.0,
    25254800.0,
    26425700.0,
    27271400.0,
    28271100.0,
    29402900.0,
    34754500.0,
    32756200.0,
    33645600.0,
    37027000.0,
    35918800.0,
    40526700.0,
    37937700.0,
    37979900.0,
    39510700.0,
    42231300.0,
    41534200.0,
    42020400.0,
    42875400.0,
    46018500.0,
    44460400.0,
    48555600.0,
    47123000.0,
    48535100.0,
    54791100.0,
    49066100.0,
    50759900.0,
    52495000.0,
    54864100.0,
    54325700.0,
    54902900.0,
    59206300.0,
    55813100.0,
    58357600.0,
    61318600.0,
    60153800.0,
    60074200.0,
    62637600.0,
    62333000.0,
    65112700.0,
    63592700.0,
    64972400.0,
    66424200.0,
    70864500.0,
    68469200.0,
    68228000.0,
    71841700.0,
    72744900.0,
    71659600.0,
    72209300.0,
    73623300.0,
    74321600.0,
    75979200.0,
    77552700.0,
    78683700.0,
    81990300.0,
    81545400.0,
    83893300.0,
    84389700.0,
    86632100.0,
    84885500.0,
    85589900.0,
    88213900.0,
    88255600.0,
    88750600.0,
    90737400.0,
    92498600.0,
    92854500.0,
    95400500.0,
    97641300.0,
    98058500.0,
    95449800.0,
    95914600.0,
    97409600.0,
    103643200.0,
    98745300.0
  ],
  "unit": "ns",
  "slope": {
    "estimate": 1302.334717921636,
    "lower_bound": 1295.3446858019245,
    "unit": "ns",
    "upper_bound": 1309.7170931567746
  },
  "report_directory": "E:\\_ranim\\ranim-bench\\ranim\\target\\criterion\\reports\\extract\\arc",
  "median": {
    "estimate": 1289.4280009396289,
    "lower_bound": 1284.5806002782747,
    "unit": "ns",
    "upper_bound": 1299.955448632273
  }
}