{
  "throughput": [],
  "median": {
    "estimate": 1372.8285595105672,
    "lower_bound": 1367.2365225837784,
    "unit": "ns",
    "upper_bound": 1378.809889719239
  },
  "typical": {
    "estimate": 1387.2173071141392,
    "lower_bound": 1379.9791726215278,
    "unit": "ns",
    "upper_bound": 1396.0685777014437
  },
  "slope": {
    "estimate": 1387.2173071141392,
    "lower_bound": 1379.9791726215278,
    "unit": "ns",
    "upper_bound": 1396.0685777014437
  },
  "report_directory": "E:\\_ranim\\ranim-bench\\ranim\\target\\criterion\\reports\\extract\\circle",
  "unit": "ns",
  "mean": {
    "estimate": 1384.2832536234253,
    "lower_bound": 1376.151357252632,
    "unit": "ns",
    "upper_bound": 1395.1999120109226
  },
  "change": {
    "change": "Regressed",
    "mean": {
      "estimate": 0.43221765186836114,
      "lower_bound": 0.4206791481770938,
      "unit": "%",
      "upper_bound": 0.4443463537782634
    },
    "median": {
      "estimate": 0.4327371442830281,
      "lower_bound": 0.4248730318721438,
      "unit": "%",
      "upper_bound": 0.4403899758541941
    }
  },
  "median_abs_dev": {
    "estimate": 21.892311596873213,
    "lower_bound": 15.113416241610034,
    "unit": "ns",
    "upper_bound": 28.274199375013033
  },
  "measured_values": [
    1297800.0,
    1981800.0,
    2978500.0,
    3927700.0,
    4916900.0,
    5969300.0,
    6892600.0,
    7979000.0,
    8878500.0,
    10125200.0,
    10880300.0,
    11803900.0,
    12873800.0,
    13983900.0,
    15351400.0,
    15922500.0,
    16760300.0,
    17583500.0,
    18588600.0,
    19837000.0,
    20865200.0,
    21558500.0,
    23056100.0,
    23565400.0,
    24488800.0,
    26914000.0,
    26288400.0,
    27402000.0,
    30933100.0,
    29445200.0,
    30324500.0,
    31373700.0,
    32567400.0,
    33490100.0,
    34348200.0,
    35218300.0,
    36902400.0,
    37889600.0,
    38889800.0,
    39888600.0,
    40177900.0,
    41350400.0,
    42525200.0,
    45117900.0,
    45172200.0,
    48217300.0,
    46449500.0,
    46905800.0,
    49025200.0,
    52095000.0,
    51385200.0,
    52248300.0,
    53694000.0,
    54320700.0,
    57142900.0,
    56683000.0,
    57424700.0,
    58483100.0,
    60120900.0,
    59690500.0,
    61831000.0,
    61717600.0,
    63499100.0,
    63332200.0,
    67511100.0,
    65284400.0,
    66318400.0,
    69730300.0,
    70242800.0,
    69296300.0,
    70378500.0,
    71557000.0,
    73042800.0,
    75117400.0,
    76466600.0,
    75207600.0,
    77493000.0,
    77119600.0,
    78214200.0,
    79949200.0,
    80162700.0,
    81178600.0,
    85164900.0,
    85302400.0,
    86355500.0,
    87151000.0,
    87886700.0,
    87342600.0,
    89958100.0,
    90277900.0,
    90912200.0,
    91471600.0,
    94466100.0,
    93081600.0,
    98918500.0,
    95051100.0,
    97023200.0,
    106519000.0,
    97602200.0,
    99848200.0
  ],
  "iteration_count": [
    725,
    1450,
    2175,
    2900,
    3625,
    4350,
    5075,
    5800,
    6525,
    7250,
    7975,
    8700,
    9425,
    10150,
    10875,
    11600,
    12325,
    13050,
    13775,
    14500,
    15225,
    15950,
    16675,
    17400,
    18125,
    18850,
    19575,
    20300,
    21025,
    21750,
    22475,
    23200,
    23925,
    24650,
    25375,
    26100,
    26825,
    27550,
    28275,
    29000,
    29725,
    30450,
    31175,
    31900,
    32625,
    33350,
    34075,
    34800,
    35525,
    36250,
    36975,
    37700,
    38425,
    39150,
    39875,
    40600,
    41325,
    42050,
    42775,
    43500,
    44225,
    44950,
    45675,
    46400,
    47125,
    47850,
    48575,
    49300,
    50025,
    50750,
    51475,
    52200,
    52925,
    53650,
    54375,
    55100,
    55825,
    56550,
    57275,
    58000,
    58725,
    59450,
    60175,
    60900,
    61625,
    62350,
    63075,
    63800,
    64525,
    65250,
    65975,
    66700,
    67425,
    68150,
    68875,
    69600,
    70325,
    71050,
    71775,
    72500
  ]
}