{
  "report_directory": "E:\\_ranim\\ranim-bench\\ranim\\target\\criterion\\reports\\extract\\rectangle",
  "median": {
    "estimate": 992.4583590461824,
    "lower_bound": 990.8752573510004,
    "unit": "ns",
    "upper_bound": 996.296582053854
  },
  "median_abs_dev": {
    "estimate": 13.495481036740602,
    "lower_bound": 10.116574683345103,
    "unit": "ns",
    "upper_bound": 18.671902201031244
  },
  "typical": {
    "estimate": 1005.6879988272784,
    "lower_bound": 1000.850408041024,
    "unit": "ns",
    "upper_bound": 1010.7682623635352
  },
  "change": {
    "change": "Regressed",
    "mean": {
      "estimate": 0.23634127100776525,
      "lower_bound": 0.2280527297787221,
      "unit": "%",
      "upper_bound": 0.24408328867595455
    },
    "median": {
      "estimate": 0.2407065859152271,
      "lower_bound": 0.23425844400051932,
      "unit": "%",
      "upper_bound": 0.246592258560262
    }
  },
  "measured_values": [
    970200.0,
    1962500.0,
    2877200.0,
    3843700.0,
    4895400.0,
    5787300.0,
    6852600.0,
    7914000.0,
    8750800.0,
    9651600.0,
    10754900.0,
    11586500.0,
    12504400.0,
    13548600.0,
    14503400.0,
    15617600.0,
    16586100.0,
    17948000.0,
    18678000.0,
    19851400.0,
    20586400.0,
    21535900.0,
    22786500.0,
    25161100.0,
    24610500.0,
    26533400.0,
    26713700.0,
    27695600.0,
    28621900.0,
    29415200.0,
    30412600.0,
    31622400.0,
    32642700.0,
    34341000.0,
    34371100.0,
    35421800.0,
    36462500.0,
    37529000.0,
    38330800.0,
    40057800.0,
    41076900.0,
    41541100.0,
    42381400.0,
    45374100.0,
    46007200.0,
    45486500.0,
    47259800.0,
    47681700.0,
    48277900.0,
    49346600.0,
    54399300.0,
    51753000.0,
    52454100.0,
    53218700.0,
    53963300.0,
    55351500.0,
    56612700.0,
    57198100.0,
    57783900.0,
    59617000.0,
    59726400.0,
    62716500.0,
    61728100.0,
    63313600.0,
    70373500.0,
    66203400.0,
    66300900.0,
    67875200.0,
    68712300.0,
    71720600.0,
    70155800.0,
    71728000.0,
    72578200.0,
    75043600.0,
    78095500.0,
    80037400.0,
    77168800.0,
    77478000.0,
    78473800.0,
    78737400.0,
    80269300.0,
    83019800.0,
    84633300.0,
    83365800.0,
    86039200.0,
    87755800.0,
    90184100.0,
    91160100.0,
    90207300.0,
    91238200.0,
    90148200.0,
    92400400.0,
    93456200.0,
    94773700.0,
    96305600.0,
    95589700.0,
    96675900.0,
    96978600.0,
    97103600.0,
    97893400.0
  ],
  "unit": "ns",
  "throughput": [],
  "mean": {
    "estimate": 998.0002187817232,
    "lower_bound": 993.872930065162,
    "unit": "ns",
    "upper_bound": 1002.4108189868796
  },
  "slope": {
    "estimate": 1005.6879988272784,
    "lower_bound": 1000.850408041024,
    "unit": "ns",
    "upper_bound": 1010.7682623635352
  },
  "iteration_count": [
    997,
    1994,
    2991,
    3988,
    4985,
    5982,
    6979,
    7976,
    8973,
    9970,
    10967,
    11964,
    12961,
    13958,
    14955,
    15952,
    16949,
    17946,
    18943,
    19940,
    20937,
    21934,
    22931,
    23928,
    24925,
    25922,
    26919,
    27916,
    28913,
    29910,
    30907,
    31904,
    32901,
    33898,
    34895,
    35892,
    36889,
    37886,
    38883,
    39880,
    40877,
    41874,
    42871,
    43868,
    44865,
    45862,
    46859,
    47856,
    48853,
    49850,
    50847,
    51844,
    52841,
    53838,
    54835,
    55832,
    56829,
    57826,
    58823,
    59820,
    60817,
    61814,
    62811,
    63808,
    64805,
    65802,
    66799,
    67796,
    68793,
    69790,
    70787,
    71784,
    72781,
    73778,
    74775,
    75772,
    76769,
    77766,
    78763,
    79760,
    80757,
    81754,
    82751,
    83748,
    84745,
    85742,
    86739,
    87736,
    88733,
    89730,
    90727,
    91724,
    92721,
    93718,
    94715,
    95712,
    96709,
    97706,
    98703,
    99700
  ]
}