{
  "throughput": [],
  "median_abs_dev": {
    "estimate": 0.22815473161975225,
    "lower_bound": 0.18798064675989695,
    "unit": "ns",
    "upper_bound": 0.30920693206830846
  },
  "iteration_count": [
    3290,
    6580,
    9870,
    13160,
    16450,
    19740,
    23030,
    26320,
    29610,
    32900,
    36190,
    39480,
    42770,
    46060,
    49350,
    52640,
    55930,
    59220,
    62510,
    65800,
    69090,
    72380,
    75670,
    78960,
    82250,
    85540,
    88830,
    92120,
    95410,
    98700,
    101990,
    105280,
    108570,
    111860,
    115150,
    118440,
    121730,
    125020,
    128310,
    131600,
    134890,
    138180,
    141470,
    144760,
    148050,
    151340,
    154630,
    157920,
    161210,
    164500,
    167790,
    171080,
    174370,
    177660,
    180950,
    184240,
    187530,
    190820,
    194110,
    197400,
    200690,
    203980,
    207270,
    210560,
    213850,
    217140,
    220430,
    223720,
    227010,
    230300,
    233590,
    236880,
    240170,
    243460,
    246750,
    250040,
    253330,
    256620,
    259910,
    263200,
    266490,
    269780,
    273070,
    276360,
    279650,
    282940,
    286230,
    289520,
    292810,
    296100,
    299390,
    302680,
    305970,
    309260,
    312550,
    315840,
    319130,
    322420,
    325710,
    329000
  ],
  "measured_values": [
    992024.0,
    1988557.0,
    2977737.0,
    3973048.0,
    4967878.0,
    5958049.0,
    6952799.0,
    7956505.0,
    8941677.0,
    9947457.0,
    10930435.0,
    11948199.0,
    12914263.0,
    13905496.0,
    14902550.0,
    15896009.0,
    16908101.0,
    17878003.0,
    18875479.0,
    19876881.0,
    20886759.0,
    21848396.0,
    22846062.0,
    23835722.0,
    24815723.0,
    25848755.0,
    26854045.0,
    27798820.0,
    28789322.0,
    29785585.0,
    30844084.0,
    31803788.0,
    32794631.0,
    33892385.0,
    34920587.0,
    35847329.0,
    36786153.0,
    37754392.0,
    38776324.0,
    39787174.0,
    40736939.0,
    41747889.0,
    42767986.0,
    43720366.0,
    44769889.0,
    45711479.0,
    46692473.0,
    47700207.0,
    48717689.0,
    49667094.0,
    50662714.0,
    51687921.0,
    52679064.0,
    53689944.0,
    54690625.0,
    55725591.0,
    56777328.0,
    57636692.0,
    58604861.0,
    59656909.0,
    60586296.0,
    61682026.0,
    62724787.0,
    63597866.0,
    64592906.0,
    65536660.0,
    66599518.0,
    67544624.0,
    68605718.0,
    69538741.0,
    70544211.0,
    71779976.0,
    72597110.0,
    73575198.0,
    74523320.0,
    75541143.0,
    76502470.0,
    77690074.0,
    78488462.0,
    79513179.0,
    80593189.0,
    81493309.0,
    82529807.0,
    83437733.0,
    84741426.0,
    85519076.0,
    86431170.0,
    87449343.0,
    88553430.0,
    89749379.0,
    90711097.0,
    91822697.0,
    92443689.0,
    93378094.0,
    94352155.0,
    95738955.0,
    96446713.0,
    97444739.0,
    98420983.0,
    99425181.0
  ],
  "change": null,
  "report_directory": "/home/user/workspaces/ranim-bench/ranim/target/criterion/reports/extract/arc",
  "slope": {
    "estimate": 302.2801253337873,
    "lower_bound": 302.17435283436714,
    "unit": "ns",
    "upper_bound": 302.3945688605386
  },
  "median": {
    "estimate": 302.0946979483283,
    "lower_bound": 302.0370385165251,
    "unit": "ns",
    "upper_bound": 302.1946356691038
  },
  "unit": "ns",
  "mean": {
    "estimate": 302.18338839390816,
    "lower_bound": 302.1166343047517,
    "unit": "ns",
    "upper_bound": 302.2546124483418
  },
  "typical": {
    "estimate": 302.2801253337873,
    "lower_bound": 302.17435283436714,
    "unit": "ns",
    "upper_bound": 302.3945688605386
  }
}