{
  "median": {
    "estimate": 328.2596580700979,
    "lower_bound": 328.07388456148357,
    "unit": "ns",
    "upper_bound": 328.4241920273232
  },
  "change": null,
  "throughput": [],
  "mean": {
    "estimate": 327.944482861191,
    "lower_bound": 327.7168684432746,
    "unit": "ns",
    "upper_bound": 328.16622793071633
  },
  "unit": "ns",
  "report_directory": "/home/user/workspaces/ranim-bench/ranim/target/criterion/reports/extract/circle",
  "slope": {
    "estimate": 327.37971331657366,
    "lower_bound": 327.0312602607881,
    "unit": "ns",
    "upper_bound": 327.7726215040527
  },
  "median_abs_dev": {
    "estimate": 0.7523702777444399,
    "lower_bound": 0.5064673671342439,
    "unit": "ns",
    "upper_bound": 1.0852288228322375
  },
  "measured_values": [
    993007.0,
    1971365.0,
    2952149.0,
    3995171.0,
    4925178.0,
    5935719.0,
    6965394.0,
    7891635.0,
    8923274.0,
    9854124.0,
    10895071.0,
    11895482.0,
    12830800.0,
    13865365.0,
    14926500.0,
    15879251.0,
    16887066.0,
    17834516.0,
    18793809.0,
    19859293.0,
    20851908.0,
    21758994.0,
    22748253.0,
    23842571.0,
    24795342.0,
    25756708.0,
    26726832.0,
    27788308.0,
    28767158.0,
    29746900.0,
    30638875.0,
    31676026.0,
    32644968.0,
    33703948.0,
    34683400.0,
    35598499.0,
    36665405.0,
    37661286.0,
    38625470.0,
    39598598.0,
    40616652.0,
    41755084.0,
    42654754.0,
    43679992.0,
    44698176.0,
    45599991.0,
    46570975.0,
    47674010.0,
    48592797.0,
    49510531.0,
    50542071.0,
    51541579.0,
    52560075.0,
    53588788.0,
    54402066.0,
    55503587.0,
    56520179.0,
    57439566.0,
    58498396.0,
    59352440.0,
    60397746.0,
    61603484.0,
    62350045.0,
    63322703.0,
    64342742.0,
    65387315.0,
    66433904.0,
    67470342.0,
    68433082.0,
    69345075.0,
    70403486.0,
    71329205.0,
    72274712.0,
    73474307.0,
    74301892.0,
    75462715.0,
    76496018.0,
    77467824.0,
    78308304.0,
    79434080.0,
    80327960.0,
    81296730.0,
    82168970.0,
    82944144.0,
    83552243.0,
    84424662.0,
    85498330.0,
    86441712.0,
    87612355.0,
    88517596.0,
    89432805.0,
    90478822.0,
    91419741.0,
    92532252.0,
    93563332.0,
    94465937.0,
    95282660.0,
    96361277.0,
    97315881.0,
    98484971.0
  ],
  "typical": {
    "estimate": 327.37971331657366,
    "lower_bound": 327.0312602607881,
    "unit": "ns",
    "upper_bound": 327.7726215040527
  },
  "iteration_count": [
    3018,
    6036,
    9054,
    12072,
    15090,
    18108,
    21126,
    24144,
    27162,
    30180,
    33198,
    36216,
    39234,
    42252,
    45270,
    48288,
    51306,
    54324,
    57342,
    60360,
    63378,
    66396,
    69414,
    72432,
    75450,
    78468,
    81486,
    84504,
    87522,
    90540,
    93558,
    96576,
    99594,
    102612,
    105630,
    108648,
    111666,
    114684,
    117702,
    120720,
    123738,
    126756,
    129774,
    132792,
    135810,
    138828,
    141846,
    144864,
    147882,
    150900,
    153918,
    156936,
    159954,
    162972,
    165990,
    169008,
    172026,
    175044,
    178062,
    181080,
    184098,
    187116,
    190134,
    193152,
    196170,
    199188,
    202206,
    205224,
    208242,
    211260,
    214278,
    217296,
    220314,
    223332,
    226350,
    229368,
    232386,
    235404,
    238422,
    241440,
    244458,
    247476,
    250494,
    253512,
    256530,
    259548,
    262566,
    265584,
    268602,
    271620,
    274638,
    277656,
    280674,
    283692,
    286710,
    289728,
    292746,
    295764,
    298782,
    301800
  ]
}