{
  "median_abs_dev": {
    "estimate": 0.26332058086801,
    "lower_bound": 0.20399264544224777,
    "unit": "ns",
    "upper_bound": 0.32807230302163826
  },
  "mean": {
    "estimate": 193.3769963239755,
    "lower_bound": 193.2799001795399,
    "unit": "ns",
    "upper_bound": 193.49466076334204
  },
  "slope": {
    "estimate": 193.3410589820788,
    "lower_bound": 193.29421382732485,
    "unit": "ns",
    "upper_bound": 193.3861614388247
  },
  "throughput": [],
  "typical": {
    "estimate": 193.3410589820788,
    "lower_bound": 193.29421382732485,
    "unit": "ns",
    "upper_bound": 193.3861614388247
  },
  "iteration_count": [
    5147,
    10294,
    15441,
    20588,
    25735,
    30882,
    36029,
    41176,
    46323,
    51470,
    56617,
    61764,
    66911,
    72058,
    77205,
    82352,
    87499,
    92646,
    97793,
    102940,
    108087,
    113234,
    118381,
    123528,
    128675,
    133822,
    138969,
    144116,
    149263,
    154410,
    159557,
    164704,
    169851,
    174998,
    180145,
    185292,
    190439,
    195586,
    200733,
    205880,
    211027,
    216174,
    221321,
    226468,
    231615,
    236762,
    241909,
    247056,
    252203,
    257350,
    262497,
    267644,
    272791,
    277938,
    283085,
    288232,
    293379,
    298526,
    303673,
    308820,
    313967,
    319114,
    324261,
    329408,
    334555,
    339702,
    344849,
    349996,
    355143,
    360290,
    365437,
    370584,
    375731,
    380878,
    386025,
    391172,
    396319,
    401466,
    406613,
    411760,
    416907,
    422054,
    427201,
    432348,
    437495,
    442642,
    447789,
    452936,
    458083,
    463230,
    468377,
    473524,
    478671,
    483818,
    488965,
    494112,
    499259,
    504406,
    509553,
    514700
  ],
  "median": {
    "estimate": 193.3382229786062,
    "lower_bound": 193.25944320316043,
    "unit": "ns",
    "upper_bound": 193.4169931486815
  },
  "change": null,
  "report_directory": "/home/user/workspaces/ranim-bench/ranim/target/criterion/reports/extract/square",
  "unit": "ns",
  "measured_values": [
    996404.0,
    2030870.0,
    2990804.0,
    3961310.0,
    4972811.0,
    6016865.0,
    6933909.0,
    8020754.0,
    8924673.0,
    9961292.0,
    10964188.0,
    11976482.0,
    12982684.0,
    14008063.0,
    14970933.0,
    15875904.0,
    16932642.0,
    17931681.0,
    18876226.0,
    19911975.0,
    20877440.0,
    21808299.0,
    22891006.0,
    23835222.0,
    24877592.0,
    25830003.0,
    26892472.0,
    27811068.0,
    28852066.0,
    29885219.0,
    30722933.0,
    31900589.0,
    32819828.0,
    33799009.0,
    34692768.0,
    35873090.0,
    36930278.0,
    37734849.0,
    38720753.0,
    39821694.0,
    40847453.0,
    41757033.0,
    42769246.0,
    43768375.0,
    44739261.0,
    45709505.0,
    46722590.0,
    47745905.0,
    48733883.0,
    49682095.0,
    50693888.0,
    51778869.0,
    52738683.0,
    53601315.0,
    54708848.0,
    55671869.0,
    56672530.0,
    57722565.0,
    58665959.0,
    59668142.0,
    60752753.0,
    61726674.0,
    62599805.0,
    63775538.0,
    64728409.0,
    65617610.0,
    66707350.0,
    67676863.0,
    68605309.0,
    69656776.0,
    70683177.0,
    71739995.0,
    72681494.0,
    73674812.0,
    74547791.0,
    75784079.0,
    76611011.0,
    77660175.0,
    78614479.0,
    79668572.0,
    80593150.0,
    81629158.0,
    82611555.0,
    83534651.0,
    84609984.0,
    85626465.0,
    86534720.0,
    87543307.0,
    88616817.0,
    89477062.0,
    90592071.0,
    91535143.0,
    92667924.0,
    93395080.0,
    94677774.0,
    95593225.0,
    96398948.0,
    97531577.0,
    98650643.0,
    99540655.0
  ]
}