{
  "mean": {
    "estimate": 932.2681099540272,
    "lower_bound": 926.8326759310288,
    "unit": "ns",
    "upper_bound": 939.1933120581856
  },
  "measured_values": [
    1250700.0,
    1942800.0,
    2898900.0,
    3907900.0,
    4913900.0,
    5875500.0,
    6802100.0,
    7789500.0,
    8708000.0,
    9892600.0,
    10745700.0,
    11665800.0,
    12655600.0,
    13634600.0,
    14600200.0,
    16982500.0,
    16694100.0,
    17687700.0,
    18532700.0,
    19446700.0,
    22555800.0,
    21676000.0,
    22338300.0,
    24463800.0,
    24776600.0,
    27718200.0,
    26332300.0,
    27283300.0,
    29308700.0,
    29838600.0,
    30399400.0,
    31809100.0,
    32287700.0,
    36212700.0,
    34223200.0,
    35060800.0,
    36668200.0,
    37079700.0,
    38217100.0,
    39103900.0,
    40090700.0,
    41268700.0,
    45271500.0,
    44203200.0,
    44099600.0,
    44876800.0,
    45753800.0,
    47004500.0,
    47657800.0,
    49097200.0,
    49734800.0,
    53192700.0,
    52067600.0,
    52789800.0,
    54802600.0,
    55741400.0,
    57358400.0,
    57436700.0,
    59719400.0,
    58435100.0,
    59667700.0,
    60525900.0,
    61560200.0,
    63020900.0,
    63990700.0,
    65233500.0,
    67764200.0,
    66423400.0,
    67545600.0,
    68863000.0,
    70091600.0,
    73147000.0,
    71278800.0,
    74346800.0,
    73204400.0,
    78661100.0,
    75652500.0,
    76096100.0,
    77777000.0,
    82210000.0,
    79460200.0,
    79954200.0,
    81614300.0,
    83244100.0,
    85388900.0,
    85036400.0,
    85850000.0,
    86372900.0,
    87122800.0,
    87878700.0,
    91258800.0,
    90222700.0,
    92164500.0,
    94716500.0,
    93529700.0,
    94375500.0,
    95329200.0,
    96895300.0,
    98926700.0,
    97714400.0
  ],
  "typical": {
    "estimate": 929.897471808678,
    "lower_bound": 926.6822400740951,
    "unit": "ns",
    "upper_bound": 933.4455825441516
  },
  "slope": {
    "estimate": 929.897471808678,
    "lower_bound": 926.6822400740951,
    "unit": "ns",
    "upper_bound": 933.4455825441516
  },
  "throughput": [],
  "median": {
    "estimate": 923.1266116178348,
    "lower_bound": 920.3477443609024,
    "unit": "ns",
    "upper_bound": 925.255928282244
  },
  "iteration_count": [
    1064,
    2128,
    3192,
    4256,
    5320,
    6384,
    7448,
    8512,
    9576,
    10640,
    11704,
    12768,
    13832,
    14896,
    15960,
    17024,
    18088,
    19152,
    20216,
    21280,
    22344,
    23408,
    24472,
    25536,
    26600,
    27664,
    28728,
    29792,
    30856,
    31920,
    32984,
    34048,
    35112,
    36176,
    37240,
    38304,
    39368,
    40432,
    41496,
    42560,
    43624,
    44688,
    45752,
    46816,
    47880,
    48944,
    50008,
    51072,
    52136,
    53200,
    54264,
    55328,
    56392,
    57456,
    58520,
    59584,
    60648,
    61712,
    62776,
    63840,
    64904,
    65968,
    67032,
    68096,
    69160,
    70224,
    71288,
    72352,
    73416,
    74480,
    75544,
    76608,
    77672,
    78736,
    79800,
    80864,
    81928,
    82992,
    84056,
    85120,
    86184,
    87248,
    88312,
    89376,
    90440,
    91504,
    92568,
    93632,
    94696,
    95760,
    96824,
    97888,
    98952,
    100016,
    101080,
    102144,
    103208,
    104272,
    105336,
    106400
  ],
  "report_directory": "E:\\_ranim\\ranim-bench\\ranim\\target\\criterion\\reports\\extract\\polygon\\10",
  "unit": "ns",
  "change": {
    "change": "NoChange",
    "mean": {
      "estimate": 0.007246994201226542,
      "lower_bound": -0.0023535144394039413,
      "unit": "%",
      "upper_bound": 0.01677551217127092
    },
    "median": {
      "estimate": 0.006968851186278657,
      "lower_bound": -0.0024846921593391436,
      "unit": "%",
      "upper_bound": 0.011473444638000483
    }
  },
  "median_abs_dev": {
    "estimate": 9.571266907814213,
    "lower_bound": 6.440610043429612,
    "unit": "ns",
    "upper_bound": 12.217669014765908
  }
}