{
  "slope": {
    "estimate": 1164.711664103135,
    "lower_bound": 1159.3375975920053,
    "unit": "ns",
    "upper_bound": 1170.6476253783828
  },
  "change": {
    "change": "Regressed",
    "mean": {
      "estimate": 0.03608517797554023,
      "lower_bound": 0.027147967145553963,
      "unit": "%",
      "upper_bound": 0.046288360151108106
    },
    "median": {
      "estimate": 0.031144824005391092,
      "lower_bound": 0.024710759239640723,
      "unit": "%",
      "upper_bound": 0.039559577617730435
    }
  },
  "median_abs_dev": {
    "estimate": 17.55313897203501,
    "lower_bound": 12.675390318726295,
    "unit": "ns",
    "upper_bound": 24.740582800577887
  },
  "measured_values": [
    959800.0,
    1997300.0,
    2916800.0,
    3899200.0,
    4862300.0,
    5880600.0,
    6817600.0,
    7804700.0,
    8779800.0,
    9963900.0,
    10947300.0,
    11645500.0,
    12648400.0,
    14623300.0,
    14593900.0,
    21296700.0,
    17537300.0,
    17436300.0,
    18776500.0,
    19662100.0,
    20461900.0,
    22566800.0,
    22345600.0,
    23419600.0,
    24308600.0,
    25791000.0,
    27010000.0,
    27212800.0,
    28199800.0,
    29493000.0,
    30747300.0,
    31361100.0,
    32147400.0,
    33428400.0,
    34472100.0,
    37518200.0,
    37724000.0,
    37020800.0,
    38046700.0,
    38926600.0,
    39916000.0,
    40900700.0,
    44224400.0,
    44791700.0,
    44000800.0,
    45652500.0,
    46453000.0,
    48265500.0,
    48859900.0,
    49917500.0,
    50746300.0,
    50397500.0,
    52022800.0,
    52700700.0,
    55812600.0,
    55077100.0,
    55487100.0,
    56414500.0,
    57957700.0,
    60775900.0,
    61148700.0,
    60417800.0,
    61519700.0,
    64507200.0,
    65766800.0,
    71341600.0,
    65738300.0,
    65999900.0,
    67173400.0,
    69683300.0,
    72503500.0,
    74059100.0,
    71020300.0,
    75667100.0,
    74822200.0,
    74866600.0,
    75621900.0,
    76189900.0,
    78374800.0,
    77922800.0,
    79927700.0,
    83926200.0,
    82982600.0,
    84204400.0,
    82949300.0,
    84416600.0,
    86393100.0,
    86282400.0,
    87739800.0,
    90063800.0,
    90191000.0,
    89372700.0,
    90887300.0,
    93232400.0,
    93119500.0,
    93376200.0,
    99872600.0,
    98689500.0,
    97599000.0,
    98806400.0
  ],
  "typical": {
    "estimate": 1164.711664103135,
    "lower_bound": 1159.3375975920053,
    "unit": "ns",
    "upper_bound": 1170.6476253783828
  },
  "unit": "ns",
  "median": {
    "estimate": 1153.9279549848106,
    "lower_bound": 1150.3521126760563,
    "unit": "ns",
    "upper_bound": 1161.5884578727423
  },
  "report_directory": "E:\\_ranim\\ranim-bench\\ranim\\target\\criterion\\reports\\extract\\polygon\\20",
  "throughput": [],
  "iteration_count": [
    852,
    1704,
    2556,
    3408,
    4260,
    5112,
    5964,
    6816,
    7668,
    8520,
    9372,
    10224,
    11076,
    11928,
    12780,
    13632,
    14484,
    15336,
    16188,
    17040,
    17892,
    18744,
    19596,
    20448,
    21300,
    22152,
    23004,
    23856,
    24708,
    25560,
    26412,
    27264,
    28116,
    28968,
    29820,
    30672,
    31524,
    32376,
    33228,
    34080,
    34932,
    35784,
    36636,
    37488,
    38340,
    39192,
    40044,
    40896,
    41748,
    42600,
    43452,
    44304,
    45156,
    46008,
    46860,
    47712,
    48564,
    49416,
    50268,
    51120,
    51972,
    52824,
    53676,
    54528,
    55380,
    56232,
    57084,
    57936,
    58788,
    59640,
    60492,
    61344,
    62196,
    63048,
    63900,
    64752,
    65604,
    66456,
    67308,
    68160,
    69012,
    69864,
    70716,
    71568,
    72420,
    73272,
    74124,
    74976,
    75828,
    76680,
    77532,
    78384,
    79236,
    80088,
    80940,
    81792,
    82644,
    83496,
    84348,
    85200
  ],
  "mean": {
    "estimate": 1166.014253759548,
    "lower_bound": 1158.482959523145,
    "unit": "ns",
    "upper_bound": 1176.3531797498115
  }
}