{
  "measured_values": [
    947083.0,
    1889541.0,
    3019708.0,
    3986834.0,
    4954875.0,
    5967666.0,
    6929833.0,
    7944666.0,
    8948458.0,
    9920792.0,
    10897208.0,
    11876042.0,
    12869667.0,
    13862666.0,
    14852041.0,
    15842125.0,
    16892208.0,
    17799333.0,
    18761708.0,
    19812959.0,
    20749500.0,
    21806334.0,
    22711875.0,
    23735791.0,
    24722041.0,
    25677500.0,
    26740125.0,
    27692375.0,
    28743083.0,
    29697792.0,
    30748750.0,
    31634333.0,
    32704500.0,
    33679625.0,
    34556042.0,
    35979500.0,
    37063792.0,
    37926750.0,
    38401417.0,
    39681208.0,
    40606167.0,
    41551167.0,
    42529667.0,
    43796625.0,
    45244250.0,
    46098708.0,
    46893125.0,
    47358042.0,
    48360542.0,
    49299292.0,
    50373125.0,
    51323917.0,
    52353542.0,
    53602875.0,
    54405583.0,
    55322000.0,
    56299750.0,
    57264459.0,
    58361917.0,
    59359583.0,
    60050500.0,
    61285666.0,
    62181541.0,
    63491625.0,
    64257875.0,
    65347833.0,
    66324958.0,
    67318000.0,
    68315458.0,
    69359791.0,
    70461708.0,
    71249542.0,
    72217542.0,
    73331000.0,
    74295666.0,
    75289375.0,
    76300750.0,
    77330292.0,
    78266333.0,
    79278708.0,
    80178750.0,
    81013500.0,
    83178041.0,
    83023625.0,
    83960209.0,
    84899292.0,
    85678250.0,
    86883500.0,
    87198625.0,
    89031167.0,
    89932708.0,
    90599459.0,
    92094292.0,
    92911083.0,
    93981000.0,
    94469167.0,
    96114000.0,
    97142125.0,
    97947833.0,
    99028042.0
  ],
  "mean": {
    "estimate": 589.0152743858298,
    "lower_bound": 588.0682186704873,
    "unit": "ns",
    "upper_bound": 589.8160256469556
  },
  "median_abs_dev": {
    "estimate": 1.3229660536402783,
    "lower_bound": 0.942058471647242,
    "unit": "ns",
    "upper_bound": 1.8472237529195192
  },
  "typical": {
    "estimate": 588.9605911865707,
    "lower_bound": 588.426287479253,
    "unit": "ns",
    "upper_bound": 589.5300565337067
  },
  "throughput": [],
  "unit": "ns",
  "change": {
    "change": "NoChange",
    "mean": {
      "estimate": -0.004794965544384633,
      "lower_bound": -0.008404768480797799,
      "unit": "%",
      "upper_bound": -0.0020066197541178422
    },
    "median": {
      "estimate": -0.000693594781622231,
      "lower_bound": -0.0018245816760374955,
      "unit": "%",
      "upper_bound": 0.00016817497240051438
    }
  },
  "median": {
    "estimate": 589.2414125799573,
    "lower_bound": 588.8291971405787,
    "unit": "ns",
    "upper_bound": 589.4411930363543
  },
  "report_directory": "/Volumes/Files/_ranim/ranim-bench/ranim/target/criterion/reports/extract/circle",
  "iteration_count": [
    1680,
    3360,
    5040,
    6720,
    8400,
    10080,
    11760,
    13440,
    15120,
    16800,
    18480,
    20160,
    21840,
    23520,
    25200,
    26880,
    28560,
    30240,
    31920,
    33600,
    35280,
    36960,
    38640,
    40320,
    42000,
    43680,
    45360,
    47040,
    48720,
    50400,
    52080,
    53760,
    55440,
    57120,
    58800,
    60480,
    62160,
    63840,
    65520,
    67200,
    68880,
    70560,
    72240,
    73920,
    75600,
    77280,
    78960,
    80640,
    82320,
    84000,
    85680,
    87360,
    89040,
    90720,
    92400,
    94080,
    95760,
    97440,
    99120,
    100800,
    102480,
    104160,
    105840,
    107520,
    109200,
    110880,
    112560,
    114240,
    115920,
    117600,
    119280,
    120960,
    122640,
    124320,
    126000,
    127680,
    129360,
    131040,
    132720,
    134400,
    136080,
    137760,
    139440,
    141120,
    142800,
    144480,
    146160,
    147840,
    149520,
    151200,
    152880,
    154560,
    156240,
    157920,
    159600,
    161280,
    162960,
    164640,
    166320,
    168000
  ],
  "slope": {
    "estimate": 588.9605911865707,
    "lower_bound": 588.426287479253,
    "unit": "ns",
    "upper_bound": 589.5300565337067
  }
}