{
  "mean": {
    "estimate": 393.15445022316374,
    "lower_bound": 392.31424303197525,
    "unit": "ns",
    "upper_bound": 394.04110262082344
  },
  "measured_values": [
    1032958.0,
    2015542.0,
    3020292.0,
    4043709.0,
    5039875.0,
    6118209.0,
    7059875.0,
    8085042.0,
    9080208.0,
    10120458.0,
    11134083.0,
    12117458.0,
    13132084.0,
    14214750.0,
    15138875.0,
    16209916.0,
    17148666.0,
    18201666.0,
    19191166.0,
    19771416.0,
    21034958.0,
    21905292.0,
    22548000.0,
    23648500.0,
    24737084.0,
    25612917.0,
    26592000.0,
    27531792.0,
    28604875.0,
    29538875.0,
    30556958.0,
    31508000.0,
    32476292.0,
    33567333.0,
    34461875.0,
    35482042.0,
    36460667.0,
    37378667.0,
    38386417.0,
    39564167.0,
    40326542.0,
    41325917.0,
    42390167.0,
    43323709.0,
    44347583.0,
    45325791.0,
    46346208.0,
    47336750.0,
    48321041.0,
    49631208.0,
    50315916.0,
    51215958.0,
    52190292.0,
    53126875.0,
    54153750.0,
    55209834.0,
    56154708.0,
    57167666.0,
    58109208.0,
    59047292.0,
    60038916.0,
    61101833.0,
    61998750.0,
    63261375.0,
    64895083.0,
    65864709.0,
    67104292.0,
    66839083.0,
    67983000.0,
    69046791.0,
    69876958.0,
    70907917.0,
    71977042.0,
    72903292.0,
    74370500.0,
    75642291.0,
    75752750.0,
    76740084.0,
    77729000.0,
    78718917.0,
    80019333.0,
    80839667.0,
    81821000.0,
    82684708.0,
    83688042.0,
    84780750.0,
    85656542.0,
    86753375.0,
    87634333.0,
    88721667.0,
    89617125.0,
    91607750.0,
    92849541.0,
    94395084.0,
    95368583.0,
    96341333.0,
    97370542.0,
    98318292.0,
    99231459.0,
    100281708.0
  ],
  "median": {
    "estimate": 390.4434634491324,
    "lower_bound": 390.3023506866816,
    "unit": "ns",
    "upper_bound": 391.24475247524754
  },
  "iteration_count": [
    2525,
    5050,
    7575,
    10100,
    12625,
    15150,
    17675,
    20200,
    22725,
    25250,
    27775,
    30300,
    32825,
    35350,
    37875,
    40400,
    42925,
    45450,
    47975,
    50500,
    53025,
    55550,
    58075,
    60600,
    63125,
    65650,
    68175,
    70700,
    73225,
    75750,
    78275,
    80800,
    83325,
    85850,
    88375,
    90900,
    93425,
    95950,
    98475,
    101000,
    103525,
    106050,
    108575,
    111100,
    113625,
    116150,
    118675,
    121200,
    123725,
    126250,
    128775,
    131300,
    133825,
    136350,
    138875,
    141400,
    143925,
    146450,
    148975,
    151500,
    154025,
    156550,
    159075,
    161600,
    164125,
    166650,
    169175,
    171700,
    174225,
    176750,
    179275,
    181800,
    184325,
    186850,
    189375,
    191900,
    194425,
    196950,
    199475,
    202000,
    204525,
    207050,
    209575,
    212100,
    214625,
    217150,
    219675,
    222200,
    224725,
    227250,
    229775,
    232300,
    234825,
    237350,
    239875,
    242400,
    244925,
    247450,
    249975,
    252500
  ],
  "slope": {
    "estimate": 392.2387752397702,
    "lower_bound": 391.3504229718383,
    "unit": "ns",
    "upper_bound": 393.12198141203703
  },
  "change": {
    "change": "Improved",
    "mean": {
      "estimate": -0.018911393040913493,
      "lower_bound": -0.022173731034625197,
      "unit": "%",
      "upper_bound": -0.01559614635157849
    },
    "median": {
      "estimate": -0.029941589221073484,
      "lower_bound": -0.03114614922572556,
      "unit": "%",
      "upper_bound": -0.0220252952926282
    }
  },
  "unit": "ns",
  "median_abs_dev": {
    "estimate": 1.13842928952261,
    "lower_bound": 0.7440295022875261,
    "unit": "ns",
    "upper_bound": 2.3755474673458243
  },
  "typical": {
    "estimate": 392.2387752397702,
    "lower_bound": 391.3504229718383,
    "unit": "ns",
    "upper_bound": 393.12198141203703
  },
  "throughput": [],
  "report_directory": "/Volumes/Files/_ranim/ranim-bench/ranim/target/criterion/reports/extract/rectangle"
}