{
  "slope": {
    "estimate": 399.46515762789966,
    "lower_bound": 399.0048821734338,
    "unit": "ns",
    "upper_bound": 399.9822633548706
  },
  "median_abs_dev": {
    "estimate": 2.9809845156853485,
    "lower_bound": 2.0913750879644173,
    "unit": "ns",
    "upper_bound": 3.1813103186201483
  },
  "unit": "ns",
  "typical": {
    "estimate": 399.46515762789966,
    "lower_bound": 399.0048821734338,
    "unit": "ns",
    "upper_bound": 399.9822633548706
  },
  "measured_values": [
    1039875.0,
    2024333.0,
    3035916.0,
    4042125.0,
    5106667.0,
    6073250.0,
    7065666.0,
    8085417.0,
    9069667.0,
    10070209.0,
    11114125.0,
    12117334.0,
    13116250.0,
    14151834.0,
    15160625.0,
    16177458.0,
    17156459.0,
    18161209.0,
    19152583.0,
    20181000.0,
    21208167.0,
    22207667.0,
    23250292.0,
    24207250.0,
    25194958.0,
    26226625.0,
    27234917.0,
    28244166.0,
    29294666.0,
    30157208.0,
    30952291.0,
    32113125.0,
    33094542.0,
    34107417.0,
    35101708.0,
    36146583.0,
    37197334.0,
    38121167.0,
    39223875.0,
    40132417.0,
    41150083.0,
    42274375.0,
    43283583.0,
    44132000.0,
    45170750.0,
    46166792.0,
    47141667.0,
    48163959.0,
    48870625.0,
    50173666.0,
    51089208.0,
    51911750.0,
    53467416.0,
    54574000.0,
    55471667.0,
    56535875.0,
    57486500.0,
    58584250.0,
    59300375.0,
    60151792.0,
    61229708.0,
    61989042.0,
    63157792.0,
    64102959.0,
    65136208.0,
    66153791.0,
    67173125.0,
    68128958.0,
    69117250.0,
    69837292.0,
    71094042.0,
    72121208.0,
    73183792.0,
    75059583.0,
    75469250.0,
    77215583.0,
    76372833.0,
    77759792.0,
    78053500.0,
    79614666.0,
    80611625.0,
    81751667.0,
    82870917.0,
    83924792.0,
    84773709.0,
    85820917.0,
    87221459.0,
    88235916.0,
    88871667.0,
    89812167.0,
    90783667.0,
    91890000.0,
    92829708.0,
    93955542.0,
    94795042.0,
    95789209.0,
    96870167.0,
    97622583.0,
    99421125.0,
    100236000.0
  ],
  "throughput": [],
  "iteration_count": [
    2506,
    5012,
    7518,
    10024,
    12530,
    15036,
    17542,
    20048,
    22554,
    25060,
    27566,
    30072,
    32578,
    35084,
    37590,
    40096,
    42602,
    45108,
    47614,
    50120,
    52626,
    55132,
    57638,
    60144,
    62650,
    65156,
    67662,
    70168,
    72674,
    75180,
    77686,
    80192,
    82698,
    85204,
    87710,
    90216,
    92722,
    95228,
    97734,
    100240,
    102746,
    105252,
    107758,
    110264,
    112770,
    115276,
    117782,
    120288,
    122794,
    125300,
    127806,
    130312,
    132818,
    135324,
    137830,
    140336,
    142842,
    145348,
    147854,
    150360,
    152866,
    155372,
    157878,
    160384,
    162890,
    165396,
    167902,
    170408,
    172914,
    175420,
    177926,
    180432,
    182938,
    185444,
    187950,
    190456,
    192962,
    195468,
    197974,
    200480,
    202986,
    205492,
    207998,
    210504,
    213010,
    215516,
    218022,
    220528,
    223034,
    225540,
    228046,
    230552,
    233058,
    235564,
    238070,
    240576,
    243082,
    245588,
    248094,
    250600
  ],
  "change": {
    "change": "NoChange",
    "mean": {
      "estimate": -0.002103697322349718,
      "lower_bound": -0.006952964537375793,
      "unit": "%",
      "upper_bound": 0.0024886606998135094
    },
    "median": {
      "estimate": -0.00465310549886544,
      "lower_bound": -0.0067484461544556895,
      "unit": "%",
      "upper_bound": -0.0009872871412502926
    }
  },
  "median": {
    "estimate": 400.4710832588744,
    "lower_bound": 400.15698453581535,
    "unit": "ns",
    "upper_bound": 401.3547521983276
  },
  "mean": {
    "estimate": 400.9055858697209,
    "lower_bound": 400.4102856103566,
    "unit": "ns",
    "upper_bound": 401.43437518722794
  },
  "report_directory": "/Volumes/Files/_ranim/ranim-bench/ranim/target/criterion/reports/extract/square"
}