{
  "unit": "ns",
  "typical": {
    "estimate": 567.3281473513806,
    "lower_bound": 565.631981960203,
    "unit": "ns",
    "upper_bound": 569.1424602731792
  },
  "median_abs_dev": {
    "estimate": 6.301938295079431,
    "lower_bound": 5.032312901832372,
    "unit": "ns",
    "upper_bound": 7.405509206065622
  },
  "report_directory": "/Volumes/Files/_ranim/ranim-bench/ranim/target/criterion/reports/extract/polygon/10",
  "measured_values": [
    1036708.0,
    2043709.0,
    3052833.0,
    4021417.0,
    5004916.0,
    6013250.0,
    6901250.0,
    7898958.0,
    8961458.0,
    9881417.0,
    11034375.0,
    11921833.0,
    12934584.0,
    13915541.0,
    14845292.0,
    15952583.0,
    16991125.0,
    17744584.0,
    18727875.0,
    19930500.0,
    20747958.0,
    21863875.0,
    22917750.0,
    23947875.0,
    24612708.0,
    25233459.0,
    26720292.0,
    27584416.0,
    28578459.0,
    29585291.0,
    30517709.0,
    31411333.0,
    33031292.0,
    33898000.0,
    34809833.0,
    35299917.0,
    36045917.0,
    37229083.0,
    38766667.0,
    39496667.0,
    41040833.0,
    41838917.0,
    43254917.0,
    44108708.0,
    45298958.0,
    45738458.0,
    47320041.0,
    48312334.0,
    48872708.0,
    48596292.0,
    50088875.0,
    51835750.0,
    53199375.0,
    53433958.0,
    54069000.0,
    55573667.0,
    56574166.0,
    57164167.0,
    58731041.0,
    59164458.0,
    60315125.0,
    61117083.0,
    63213750.0,
    62783375.0,
    64248292.0,
    64029583.0,
    65949416.0,
    66695791.0,
    67431209.0,
    69081708.0,
    69691459.0,
    70901584.0,
    73462209.0,
    73882417.0,
    74976958.0,
    76263417.0,
    77233750.0,
    77065083.0,
    77851750.0,
    77590084.0,
    78739375.0,
    81728416.0,
    82754208.0,
    84055375.0,
    84044083.0,
    84913083.0,
    85832042.0,
    86065667.0,
    86299791.0,
    88396417.0,
    89317875.0,
    90447417.0,
    91349875.0,
    93103000.0,
    94759208.0,
    94708375.0,
    96994833.0,
    99797084.0,
    96224875.0,
    97884375.0
  ],
  "throughput": [],
  "mean": {
    "estimate": 568.8295559659252,
    "lower_bound": 567.5571418916531,
    "unit": "ns",
    "upper_bound": 570.1477141835862
  },
  "iteration_count": [
    1743,
    3486,
    5229,
    6972,
    8715,
    10458,
    12201,
    13944,
    15687,
    17430,
    19173,
    20916,
    22659,
    24402,
    26145,
    27888,
    29631,
    31374,
    33117,
    34860,
    36603,
    38346,
    40089,
    41832,
    43575,
    45318,
    47061,
    48804,
    50547,
    52290,
    54033,
    55776,
    57519,
    59262,
    61005,
    62748,
    64491,
    66234,
    67977,
    69720,
    71463,
    73206,
    74949,
    76692,
    78435,
    80178,
    81921,
    83664,
    85407,
    87150,
    88893,
    90636,
    92379,
    94122,
    95865,
    97608,
    99351,
    101094,
    102837,
    104580,
    106323,
    108066,
    109809,
    111552,
    113295,
    115038,
    116781,
    118524,
    120267,
    122010,
    123753,
    125496,
    127239,
    128982,
    130725,
    132468,
    134211,
    135954,
    137697,
    139440,
    141183,
    142926,
    144669,
    146412,
    148155,
    149898,
    151641,
    153384,
    155127,
    156870,
    158613,
    160356,
    162099,
    163842,
    165585,
    167328,
    169071,
    170814,
    172557,
    174300
  ],
  "median": {
    "estimate": 567.7447461804891,
    "lower_bound": 566.3371465453652,
    "unit": "ns",
    "upper_bound": 570.4614482775823
  },
  "slope": {
    "estimate": 567.3281473513806,
    "lower_bound": 565.631981960203,
    "unit": "ns",
    "upper_bound": 569.1424602731792
  },
  "change": {
    "change": "Improved",
    "mean": {
      "estimate": -0.02317628516005632,
      "lower_bound": -0.026005511476577366,
      "unit": "%",
      "upper_bound": -0.02004073986159868
    },
    "median": {
      "estimate": -0.024487944749769452,
      "lower_bound": -0.027385236924301393,
      "unit": "%",
      "upper_bound": -0.019031597734327874
    }
  }
}