{
  "report_directory": "/Volumes/Files/_ranim/ranim-bench/ranim/target/criterion/reports/extract/polygon/40",
  "typical": {
    "estimate": 1092.2765772931944,
    "lower_bound": 1090.4692852209434,
    "unit": "ns",
    "upper_bound": 1094.1759568709388
  },
  "slope": {
    "estimate": 1092.2765772931944,
    "lower_bound": 1090.4692852209434,
    "unit": "ns",
    "upper_bound": 1094.1759568709388
  },
  "median_abs_dev": {
    "estimate": 9.81038540386607,
    "lower_bound": 7.645572111736677,
    "unit": "ns",
    "upper_bound": 11.54008589802625
  },
  "unit": "ns",
  "throughput": [],
  "median": {
    "estimate": 1095.6080570411243,
    "lower_bound": 1090.7816609079566,
    "unit": "ns",
    "upper_bound": 1097.6921201002328
  },
  "mean": {
    "estimate": 1095.2567272507667,
    "lower_bound": 1092.963007844013,
    "unit": "ns",
    "upper_bound": 1097.6470189870138
  },
  "change": {
    "change": "Improved",
    "mean": {
      "estimate": -0.025152987132040727,
      "lower_bound": -0.02773717920876244,
      "unit": "%",
      "upper_bound": -0.022354665257556985
    },
    "median": {
      "estimate": -0.02569669706580924,
      "lower_bound": -0.029592162828456336,
      "unit": "%",
      "upper_bound": -0.02316432846714067
    }
  },
  "measured_values": [
    1042958.0,
    2010750.0,
    3023416.0,
    3787416.0,
    4960500.0,
    5946292.0,
    6858958.0,
    7938917.0,
    8866792.0,
    9869916.0,
    10846709.0,
    11845375.0,
    12757042.0,
    13805125.0,
    14758292.0,
    15901125.0,
    17010791.0,
    17965750.0,
    18977750.0,
    19967375.0,
    20974958.0,
    22028500.0,
    22955083.0,
    24018459.0,
    24920625.0,
    25522709.0,
    26623083.0,
    28070250.0,
    29940792.0,
    30548416.0,
    30970500.0,
    32204167.0,
    32692125.0,
    33945500.0,
    34529334.0,
    35210834.0,
    36526292.0,
    37584791.0,
    38502750.0,
    39728542.0,
    40837875.0,
    41597625.0,
    42930917.0,
    43922917.0,
    44876750.0,
    45666625.0,
    47090459.0,
    48086875.0,
    49110417.0,
    49694875.0,
    50678375.0,
    51748166.0,
    52682584.0,
    53782584.0,
    54681000.0,
    55727084.0,
    57080083.0,
    58020125.0,
    58718167.0,
    59498167.0,
    60541834.0,
    61015625.0,
    61844125.0,
    62754125.0,
    64135459.0,
    65076834.0,
    65901250.0,
    66960417.0,
    67969500.0,
    69950375.0,
    69903125.0,
    70719458.0,
    71724875.0,
    73616541.0,
    74556917.0,
    75657209.0,
    76885125.0,
    77628708.0,
    78606916.0,
    79521667.0,
    80643750.0,
    81805208.0,
    82587583.0,
    82603917.0,
    83995709.0,
    84494708.0,
    85684000.0,
    87507166.0,
    87369792.0,
    88881459.0,
    90044792.0,
    90918833.0,
    91698916.0,
    92893708.0,
    93707291.0,
    93919333.0,
    95695458.0,
    96630250.0,
    97699834.0,
    97553792.0
  ],
  "iteration_count": [
    906,
    1812,
    2718,
    3624,
    4530,
    5436,
    6342,
    7248,
    8154,
    9060,
    9966,
    10872,
    11778,
    12684,
    13590,
    14496,
    15402,
    16308,
    17214,
    18120,
    19026,
    19932,
    20838,
    21744,
    22650,
    23556,
    24462,
    25368,
    26274,
    27180,
    28086,
    28992,
    29898,
    30804,
    31710,
    32616,
    33522,
    34428,
    35334,
    36240,
    37146,
    38052,
    38958,
    39864,
    40770,
    41676,
    42582,
    43488,
    44394,
    45300,
    46206,
    47112,
    48018,
    48924,
    49830,
    50736,
    51642,
    52548,
    53454,
    54360,
    55266,
    56172,
    57078,
    57984,
    58890,
    59796,
    60702,
    61608,
    62514,
    63420,
    64326,
    65232,
    66138,
    67044,
    67950,
    68856,
    69762,
    70668,
    71574,
    72480,
    73386,
    74292,
    75198,
    76104,
    77010,
    77916,
    78822,
    79728,
    80634,
    81540,
    82446,
    83352,
    84258,
    85164,
    86070,
    86976,
    87882,
    88788,
    89694,
    90600
  ]
}