{
  "throughput": [],
  "typical": {
    "estimate": 1259.7535006086782,
    "lower_bound": 1254.324479512878,
    "unit": "ns",
    "upper_bound": 1265.5883469678815
  },
  "mean": {
    "estimate": 1260.3677235930031,
    "lower_bound": 1255.2533385109566,
    "unit": "ns",
    "upper_bound": 1265.939796026752
  },
  "median": {
    "estimate": 1249.457911709107,
    "lower_bound": 1246.9484825702857,
    "unit": "ns",
    "upper_bound": 1259.15846940783
  },
  "median_abs_dev": {
    "estimate": 19.405881241154464,
    "lower_bound": 12.952322828073283,
    "unit": "ns",
    "upper_bound": 24.28107950335669
  },
  "iteration_count": [
    782,
    1564,
    2346,
    3128,
    3910,
    4692,
    5474,
    6256,
    7038,
    7820,
    8602,
    9384,
    10166,
    10948,
    11730,
    12512,
    13294,
    14076,
    14858,
    15640,
    16422,
    17204,
    17986,
    18768,
    19550,
    20332,
    21114,
    21896,
    22678,
    23460,
    24242,
    25024,
    25806,
    26588,
    27370,
    28152,
    28934,
    29716,
    30498,
    31280,
    32062,
    32844,
    33626,
    34408,
    35190,
    35972,
    36754,
    37536,
    38318,
    39100,
    39882,
    40664,
    41446,
    42228,
    43010,
    43792,
    44574,
    45356,
    46138,
    46920,
    47702,
    48484,
    49266,
    50048,
    50830,
    51612,
    52394,
    53176,
    53958,
    54740,
    55522,
    56304,
    57086,
    57868,
    58650,
    59432,
    60214,
    60996,
    61778,
    62560,
    63342,
    64124,
    64906,
    65688,
    66470,
    67252,
    68034,
    68816,
    69598,
    70380,
    71162,
    71944,
    72726,
    73508,
    74290,
    75072,
    75854,
    76636,
    77418,
    78200
  ],
  "measured_values": [
    1029400.0,
    1928100.0,
    2909100.0,
    3866200.0,
    4884000.0,
    5801100.0,
    6819300.0,
    7771000.0,
    9063000.0,
    9672900.0,
    10910500.0,
    12136200.0,
    13011200.0,
    13780300.0,
    14731900.0,
    15568400.0,
    16903800.0,
    17564300.0,
    18544500.0,
    19597200.0,
    20316000.0,
    21443900.0,
    22780900.0,
    23410100.0,
    24155400.0,
    25543800.0,
    26016000.0,
    27217000.0,
    28004800.0,
    29698900.0,
    30342900.0,
    30882700.0,
    31883400.0,
    34053700.0,
    33934000.0,
    35014600.0,
    35995400.0,
    37084700.0,
    41648400.0,
    39474800.0,
    42029400.0,
    45127500.0,
    42796500.0,
    43015700.0,
    45064700.0,
    47754600.0,
    45595800.0,
    49458400.0,
    48599000.0,
    49370600.0,
    51553000.0,
    50708800.0,
    51571500.0,
    53723900.0,
    53481000.0,
    55641000.0,
    55631600.0,
    57332500.0,
    58243700.0,
    58394400.0,
    63744300.0,
    60404200.0,
    62477600.0,
    64324800.0,
    63247200.0,
    63786000.0,
    67763500.0,
    65877600.0,
    67161400.0,
    67623300.0,
    68850400.0,
    71319700.0,
    71286000.0,
    71852800.0,
    74049100.0,
    73081200.0,
    76181300.0,
    76422500.0,
    78514700.0,
    79556600.0,
    80807600.0,
    79988300.0,
    80176300.0,
    83538900.0,
    81883900.0,
    83162000.0,
    85031300.0,
    89808100.0,
    86656200.0,
    90440700.0,
    88707400.0,
    89916400.0,
    89976900.0,
    95249500.0,
    92945800.0,
    93522500.0,
    94203100.0,
    95670300.0,
    98448900.0,
    99909500.0
  ],
  "slope": {
    "estimate": 1259.7535006086782,
    "lower_bound": 1254.324479512878,
    "unit": "ns",
    "upper_bound": 1265.5883469678815
  },
  "report_directory": "E:\\_ranim\\ranim-bench\\ranim\\target\\criterion\\reports\\extract\\arc",
  "change": {
    "change": "Improved",
    "mean": {
      "estimate": -0.01780525394593091,
      "lower_bound": -0.023662916839273455,
      "unit": "%",
      "upper_bound": -0.011864928541747428
    },
    "median": {
      "estimate": -0.027963683100411307,
      "lower_bound": -0.03221011568259313,
      "unit": "%",
      "upper_bound": -0.019024590451213297
    }
  },
  "unit": "ns"
}