{
  "mean": {
    "estimate": 975.732778157698,
    "lower_bound": 972.4083033140888,
    "unit": "ns",
    "upper_bound": 979.22671654685
  },
  "unit": "ns",
  "iteration_count": [
    1004,
    2008,
    3012,
    4016,
    5020,
    6024,
    7028,
    8032,
    9036,
    10040,
    11044,
    12048,
    13052,
    14056,
    15060,
    16064,
    17068,
    18072,
    19076,
    20080,
    21084,
    22088,
    23092,
    24096,
    25100,
    26104,
    27108,
    28112,
    29116,
    30120,
    31124,
    32128,
    33132,
    34136,
    35140,
    36144,
    37148,
    38152,
    39156,
    40160,
    41164,
    42168,
    43172,
    44176,
    45180,
    46184,
    47188,
    48192,
    49196,
    50200,
    51204,
    52208,
    53212,
    54216,
    55220,
    56224,
    57228,
    58232,
    59236,
    60240,
    61244,
    62248,
    63252,
    64256,
    65260,
    66264,
    67268,
    68272,
    69276,
    70280,
    71284,
    72288,
    73292,
    74296,
    75300,
    76304,
    77308,
    78312,
    79316,
    80320,
    81324,
    82328,
    83332,
    84336,
    85340,
    86344,
    87348,
    88352,
    89356,
    90360,
    91364,
    92368,
    93372,
    94376,
    95380,
    96384,
    97388,
    98392,
    99396,
    100400
  ],
  "change": {
    "change": "NoChange",
    "mean": {
      "estimate": -0.014293083095878624,
      "lower_bound": -0.02368110263507656,
      "unit": "%",
      "upper_bound": -0.0060700272737167485
    },
    "median": {
      "estimate": -0.009264454708031056,
      "lower_bound": -0.013523325877203174,
      "unit": "%",
      "upper_bound": -0.00294914225333065
    }
  },
  "slope": {
    "estimate": 977.1350230819004,
    "lower_bound": 973.441308501059,
    "unit": "ns",
    "upper_bound": 980.9169379278944
  },
  "throughput": [],
  "measured_values": [
    983600.0,
    1934100.0,
    2910500.0,
    3852800.0,
    4945800.0,
    5781800.0,
    6727600.0,
    7860300.0,
    8705000.0,
    10037800.0,
    10718200.0,
    11555000.0,
    12536200.0,
    13564600.0,
    14595300.0,
    15454700.0,
    16439500.0,
    17340600.0,
    18333100.0,
    19820300.0,
    20235700.0,
    21739400.0,
    22258700.0,
    23177800.0,
    24307900.0,
    26235100.0,
    28038000.0,
    26994400.0,
    28138400.0,
    30370800.0,
    31494000.0,
    30967500.0,
    32637800.0,
    33507100.0,
    34280300.0,
    35764900.0,
    37205900.0,
    36928300.0,
    38024200.0,
    41676500.0,
    40171200.0,
    41174600.0,
    43379100.0,
    43128500.0,
    44276400.0,
    44970600.0,
    47215700.0,
    47453400.0,
    47960400.0,
    47950500.0,
    48868500.0,
    50010400.0,
    54020500.0,
    51892600.0,
    53023500.0,
    53786800.0,
    54707600.0,
    56501700.0,
    57706700.0,
    59610200.0,
    59200100.0,
    60289500.0,
    60718100.0,
    62394600.0,
    62331800.0,
    63993100.0,
    64587000.0,
    65457700.0,
    66532300.0,
    67294500.0,
    71265900.0,
    69324200.0,
    72629600.0,
    72642100.0,
    72861000.0,
    73500200.0,
    75032800.0,
    75569700.0,
    76762000.0,
    77283200.0,
    78388800.0,
    80298300.0,
    81494500.0,
    85068600.0,
    85952300.0,
    85772200.0,
    84864300.0,
    86015800.0,
    89718400.0,
    89756900.0,
    89083900.0,
    89457500.0,
    91232700.0,
    93280500.0,
    94537600.0,
    93499400.0,
    96699100.0,
    96439900.0,
    96409900.0,
    98521800.0
  ],
  "median_abs_dev": {
    "estimate": 14.96957671666884,
    "lower_bound": 11.042027540525917,
    "unit": "ns",
    "upper_bound": 19.778555184957806
  },
  "median": {
    "estimate": 970.5347441403218,
    "lower_bound": 967.7676137555044,
    "unit": "ns",
    "upper_bound": 975.3461762705276
  },
  "report_directory": "E:\\_ranim\\ranim-bench\\ranim\\target\\criterion\\reports\\extract\\rectangle",
  "typical": {
    "estimate": 977.1350230819004,
    "lower_bound": 973.441308501059,
    "unit": "ns",
    "upper_bound": 980.9169379278944
  }
}