{
  "median": {
    "estimate": 259.0015952042441,
    "lower_bound": 258.91906484172523,
    "unit": "ns",
    "upper_bound": 259.08823596851767
  },
  "slope": {
    "estimate": 259.27885049257503,
    "lower_bound": 259.0247573963859,
    "unit": "ns",
    "upper_bound": 259.5904394210618
  },
  "throughput": [],
  "change": {
    "change": "Regressed",
    "mean": {
      "estimate": 0.015459384507167329,
      "lower_bound": 0.0144225828571459,
      "unit": "%",
      "upper_bound": 0.016549458825369144
    },
    "median": {
      "estimate": 0.01518351953523811,
      "lower_bound": 0.014326833142959072,
      "unit": "%",
      "upper_bound": 0.015874853914807006
    }
  },
  "typical": {
    "estimate": 259.27885049257503,
    "lower_bound": 259.0247573963859,
    "unit": "ns",
    "upper_bound": 259.5904394210618
  },
  "mean": {
    "estimate": 259.2125325664675,
    "lower_bound": 258.9951685667571,
    "unit": "ns",
    "upper_bound": 259.44733898083194
  },
  "unit": "ns",
  "report_directory": "/home/user/workspaces/ranim-bench/ranim/target/criterion/reports/extract/rectangle",
  "measured_values": [
    1002954.0,
    2007120.0,
    3007750.0,
    3966700.0,
    4989872.0,
    5908706.0,
    6897703.0,
    7952666.0,
    8924010.0,
    9896265.0,
    10883058.0,
    11812322.0,
    12871573.0,
    13878685.0,
    14806014.0,
    15780274.0,
    16834255.0,
    17874280.0,
    18820305.0,
    19855069.0,
    20768372.0,
    21853192.0,
    22756957.0,
    23788957.0,
    24815826.0,
    25786609.0,
    26955569.0,
    27775033.0,
    28735135.0,
    29741496.0,
    30816126.0,
    31746932.0,
    32734708.0,
    33876286.0,
    34828834.0,
    35834202.0,
    36863364.0,
    37833816.0,
    38784510.0,
    39801370.0,
    40871152.0,
    41768725.0,
    42903481.0,
    43779301.0,
    44788717.0,
    45759620.0,
    46813773.0,
    47865880.0,
    48777339.0,
    49649183.0,
    50554852.0,
    51786281.0,
    52657333.0,
    53608729.0,
    54606082.0,
    55993670.0,
    57595336.0,
    57633256.0,
    58692166.0,
    59584809.0,
    60550171.0,
    61572272.0,
    62543776.0,
    63544816.0,
    64507372.0,
    65560772.0,
    66541575.0,
    67524590.0,
    68736913.0,
    69522322.0,
    70515858.0,
    71406197.0,
    72506394.0,
    73574440.0,
    74457906.0,
    75579175.0,
    77848756.0,
    78587126.0,
    79536677.0,
    79933996.0,
    80399123.0,
    81515573.0,
    82404900.0,
    83428093.0,
    84385660.0,
    85358011.0,
    86336086.0,
    87298633.0,
    88287720.0,
    89262771.0,
    90394331.0,
    91233582.0,
    92394888.0,
    93375850.0,
    94292629.0,
    95115659.0,
    96122777.0,
    97221202.0,
    98148892.0,
    98977463.0
  ],
  "iteration_count": [
    3834,
    7668,
    11502,
    15336,
    19170,
    23004,
    26838,
    30672,
    34506,
    38340,
    42174,
    46008,
    49842,
    53676,
    57510,
    61344,
    65178,
    69012,
    72846,
    76680,
    80514,
    84348,
    88182,
    92016,
    95850,
    99684,
    103518,
    107352,
    111186,
    115020,
    118854,
    122688,
    126522,
    130356,
    134190,
    138024,
    141858,
    145692,
    149526,
    153360,
    157194,
    161028,
    164862,
    168696,
    172530,
    176364,
    180198,
    184032,
    187866,
    191700,
    195534,
    199368,
    203202,
    207036,
    210870,
    214704,
    218538,
    222372,
    226206,
    230040,
    233874,
    237708,
    241542,
    245376,
    249210,
    253044,
    256878,
    260712,
    264546,
    268380,
    272214,
    276048,
    279882,
    283716,
    287550,
    291384,
    295218,
    299052,
    302886,
    306720,
    310554,
    314388,
    318222,
    322056,
    325890,
    329724,
    333558,
    337392,
    341226,
    345060,
    348894,
    352728,
    356562,
    360396,
    364230,
    368064,
    371898,
    375732,
    379566,
    383400
  ],
  "median_abs_dev": {
    "estimate": 0.5691876356004298,
    "lower_bound": 0.4190422353009414,
    "unit": "ns",
    "upper_bound": 0.7676301280862958
  }
}