{
  "iteration_count": [
    5,
    5,
    5,
    5,
    5,
    5,
    5,
    5,
    5,
    5,
    5,
    5,
    5,
    5,
    5,
    5,
    5,
    5,
    5,
    5,
    5,
    5,
    5,
    5,
    5,
    5,
    5,
    5,
    5,
    5,
    5,
    5,
    5,
    5,
    5,
    5,
    5,
    5,
    5,
    5,
    5,
    5,
    5,
    5,
    5,
    5,
    5,
    5,
    5,
    5
  ],
  "report_directory": "E:\\_ranim\\ranim-bench\\ranim\\target\\criterion\\reports\\merged_gpu_render\\submit\\1600",
  "typical": {
    "estimate": 22844874.8,
    "lower_bound": 22744541.95,
    "unit": "ns",
    "upper_bound": 22953828.41
  },
  "measured_values": [
    116447200.0,
    121030500.0,
    118239400.0,
    115421700.0,
    115115000.0,
    114080900.0,
    118454400.0,
    112683600.0,
    114126000.0,
    113938800.0,
    113581700.0,
    110767200.0,
    114622000.0,
    115891100.0,
    114223500.0,
    113702600.0,
    113430900.0,
    115034400.0,
    113896800.0,
    112385400.0,
    112311300.0,
    113464400.0,
    113988900.0,
    114343300.0,
    113106000.0,
    115548100.0,
    116621800.0,
    115643700.0,
    115899900.0,
    114376500.0,
    116464300.0,
    115931900.0,
    113891400.0,
    112896200.0,
    112824100.0,
    113552400.0,
    112730700.0,
    112484000.0,
    112135600.0,
    112196100.0,
    112411100.0,
    113372400.0,
    111490500.0,
    113094100.0,
    113578100.0,
    112425900.0,
    114708600.0,
    112846100.0,
    113617700.0,
    116190500.0
  ],
  "unit": "ns",
  "median": {
    "estimate": 22778820.0,
    "lower_bound": 22692880.0,
    "unit": "ns",
    "upper_bound": 22868660.0
  },
  "throughput": [],
  "median_abs_dev": {
    "estimate": 341546.5559363365,
    "lower_bound": 206659.6103310585,
    "unit": "ns",
    "upper_bound": 456018.0999040603
  },
  "slope": null,
  "change": null,
  "mean": {
    "estimate": 22844874.8,
    "lower_bound": 22744541.95,
    "unit": "ns",
    "upper_bound": 22953828.41
  }
}