{
  "report_directory": "E:\\_ranim\\ranim-bench\\ranim\\target\\criterion\\reports\\merged_gpu_render\\submit\\3600",
  "mean": {
    "estimate": 51392859.0,
    "lower_bound": 51106666.875,
    "unit": "ns",
    "upper_bound": 51736881.75
  },
  "throughput": [],
  "median": {
    "estimate": 51139150.0,
    "lower_bound": 50935275.0,
    "unit": "ns",
    "upper_bound": 51321000.0
  },
  "iteration_count": [
    2,
    2,
    2,
    2,
    2,
    2,
    2,
    2,
    2,
    2,
    2,
    2,
    2,
    2,
    2,
    2,
    2,
    2,
    2,
    2,
    2,
    2,
    2,
    2,
    2,
    2,
    2,
    2,
    2,
    2,
    2,
    2,
    2,
    2,
    2,
    2,
    2,
    2,
    2,
    2,
    2,
    2,
    2,
    2,
    2,
    2,
    2,
    2,
    2,
    2
  ],
  "unit": "ns",
  "measured_values": [
    103686600.0,
    104600700.0,
    101413400.0,
    103699600.0,
    103807900.0,
    102614000.0,
    101992100.0,
    106690300.0,
    113838800.0,
    106963800.0,
    108352500.0,
    101815700.0,
    102086700.0,
    103190200.0,
    101793800.0,
    103055700.0,
    101345100.0,
    101391100.0,
    101203600.0,
    102517800.0,
    104083400.0,
    101967200.0,
    101757100.0,
    105125800.0,
    101731300.0,
    100263700.0,
    100268500.0,
    101775000.0,
    102451100.0,
    102325800.0,
    102713100.0,
    102802700.0,
    101925400.0,
    104373400.0,
    101031600.0,
    101113200.0,
    101241900.0,
    102415800.0,
    103055400.0,
    102230800.0,
    103526000.0,
    100475300.0,
    103147700.0,
    100335600.0,
    102465500.0,
    102570900.0,
    102038300.0,
    101271500.0,
    101895500.0,
    100848000.0
  ],
  "slope": null,
  "median_abs_dev": {
    "estimate": 651083.7784409523,
    "lower_bound": 395695.7400999972,
    "unit": "ns",
    "upper_bound": 895156.79910779
  },
  "typical": {
    "estimate": 51392859.0,
    "lower_bound": 51106666.875,
    "unit": "ns",
    "upper_bound": 51736881.75
  },
  "change": null
}