{
  "iteration_count": [
    1,
    2,
    3,
    4,
    5,
    6,
    7,
    8,
    9,
    10
  ],
  "median": {
    "estimate": 396879910.35,
    "lower_bound": 394763699.2777778,
    "unit": "ns",
    "upper_bound": 401877374.125
  },
  "median_abs_dev": {
    "estimate": 3222250.0502802995,
    "lower_bound": 320811.7610810909,
    "unit": "ns",
    "upper_bound": 9590528.937834095
  },
  "slope": {
    "estimate": 397394667.2207792,
    "lower_bound": 395233880.0980344,
    "unit": "ns",
    "upper_bound": 400670623.3207547
  },
  "report_directory": "/Volumes/Files/_ranim/ranim-bench/ranim/target/criterion/reports/render/static_squares/5",
  "measured_values": [
    394922917.0,
    814711625.0,
    1165594375.0,
    1590879750.0,
    1980199416.0,
    2431028583.0,
    2810282334.0,
    3188666542.0,
    3551440334.0,
    3948085833.0
  ],
  "change": {
    "change": "NoChange",
    "mean": {
      "estimate": -0.005177246599819885,
      "lower_bound": -0.0233047157361648,
      "unit": "%",
      "upper_bound": 0.015362408086973364
    },
    "median": {
      "estimate": -0.013320256946311448,
      "lower_bound": -0.026135143446066267,
      "unit": "%",
      "upper_bound": 0.015638730872739703
    }
  },
  "mean": {
    "estimate": 397920672.6496032,
    "lower_bound": 394727246.9629087,
    "unit": "ns",
    "upper_bound": 401237205.3327024
  },
  "unit": "ns",
  "typical": {
    "estimate": 397394667.2207792,
    "lower_bound": 395233880.0980344,
    "unit": "ns",
    "upper_bound": 400670623.3207547
  },
  "throughput": []
}