{
  "iteration_count": [
    993,
    1986,
    2979,
    3972,
    4965,
    5958,
    6951,
    7944,
    8937,
    9930,
    10923,
    11916,
    12909,
    13902,
    14895,
    15888,
    16881,
    17874,
    18867,
    19860,
    20853,
    21846,
    22839,
    23832,
    24825,
    25818,
    26811,
    27804,
    28797,
    29790,
    30783,
    31776,
    32769,
    33762,
    34755,
    35748,
    36741,
    37734,
    38727,
    39720,
    40713,
    41706,
    42699,
    43692,
    44685,
    45678,
    46671,
    47664,
    48657,
    49650,
    50643,
    51636,
    52629,
    53622,
    54615,
    55608,
    56601,
    57594,
    58587,
    59580,
    60573,
    61566,
    62559,
    63552,
    64545,
    65538,
    66531,
    67524,
    68517,
    69510,
    70503,
    71496,
    72489,
    73482,
    74475,
    75468,
    76461,
    77454,
    78447,
    79440,
    80433,
    81426,
    82419,
    83412,
    84405,
    85398,
    86391,
    87384,
    88377,
    89370,
    90363,
    91356,
    92349,
    93342,
    94335,
    95328,
    96321,
    97314,
    98307,
    99300
  ],
  "median": {
    "estimate": 976.43582184789,
    "lower_bound": 972.6665915487667,
    "unit": "ns",
    "upper_bound": 979.6760657938904
  },
  "throughput": [],
  "unit": "ns",
  "median_abs_dev": {
    "estimate": 13.317954115116333,
    "lower_bound": 10.232186692249217,
    "unit": "ns",
    "upper_bound": 17.673914361680765
  },
  "slope": {
    "estimate": 979.8431229333872,
    "lower_bound": 977.1539618404994,
    "unit": "ns",
    "upper_bound": 982.6594057462326
  },
  "change": {
    "change": "NoChange",
    "mean": {
      "estimate": -0.005454927452701819,
      "lower_bound": -0.010112673132197393,
      "unit": "%",
      "upper_bound": -0.0008591738521775322
    },
    "median": {
      "estimate": -0.004314720065043409,
      "lower_bound": -0.009706159453693797,
      "unit": "%",
      "upper_bound": -0.00044166878482843064
    }
  },
  "mean": {
    "estimate": 979.7569070384728,
    "lower_bound": 976.7343822313096,
    "unit": "ns",
    "upper_bound": 982.9848270991258
  },
  "measured_values": [
    1012100.0,
    2018000.0,
    2855200.0,
    3829000.0,
    4770000.0,
    5957300.0,
    6667800.0,
    7701700.0,
    8585800.0,
    9572100.0,
    10482200.0,
    11469800.0,
    12444900.0,
    13457500.0,
    14615900.0,
    15328000.0,
    16380500.0,
    17570800.0,
    18701900.0,
    19418800.0,
    20632900.0,
    21244000.0,
    22071000.0,
    23338000.0,
    25705400.0,
    25853200.0,
    26091700.0,
    27020300.0,
    28791200.0,
    29400200.0,
    30282300.0,
    31867800.0,
    31818700.0,
    32483900.0,
    35857900.0,
    35171400.0,
    35423300.0,
    36915200.0,
    37677100.0,
    38505900.0,
    39213400.0,
    40375600.0,
    41305400.0,
    42862800.0,
    43680500.0,
    46480900.0,
    47145800.0,
    47995900.0,
    47034500.0,
    48621900.0,
    49457300.0,
    50108500.0,
    50752200.0,
    53760800.0,
    52829500.0,
    53944500.0,
    54557900.0,
    56100600.0,
    56473500.0,
    58784100.0,
    59195100.0,
    61328100.0,
    62368800.0,
    62413500.0,
    64455600.0,
    64379000.0,
    64620500.0,
    65612200.0,
    66824000.0,
    68125400.0,
    67857800.0,
    70801200.0,
    70643400.0,
    72978700.0,
    73207200.0,
    73409700.0,
    73831000.0,
    76441200.0,
    76767600.0,
    76554100.0,
    77828600.0,
    79008100.0,
    80285500.0,
    83007000.0,
    82565500.0,
    85329500.0,
    85728800.0,
    85700900.0,
    86281100.0,
    87344600.0,
    87601600.0,
    89967200.0,
    89310100.0,
    91816100.0,
    92815100.0,
    92929700.0,
    96212900.0,
    95886200.0,
    95771400.0,
    96441400.0
  ],
  "typical": {
    "estimate": 979.8431229333872,
    "lower_bound": 977.1539618404994,
    "unit": "ns",
    "upper_bound": 982.6594057462326
  },
  "report_directory": "E:\\_ranim\\ranim-bench\\ranim\\target\\criterion\\reports\\extract\\square"
}