{
  "slope": {
    "estimate": 198.0244151536544,
    "lower_bound": 197.97161609107116,
    "unit": "ns",
    "upper_bound": 198.07832041224532
  },
  "median": {
    "estimate": 198.0349641478672,
    "lower_bound": 197.97409821519375,
    "unit": "ns",
    "upper_bound": 198.0965510965654
  },
  "change": {
    "change": "NoChange",
    "mean": {
      "estimate": 0.010080950326806892,
      "lower_bound": 0.009421536196434478,
      "unit": "%",
      "upper_bound": 0.010772511057889345
    },
    "median": {
      "estimate": 0.009902006383105457,
      "lower_bound": 0.009358317956760898,
      "unit": "%",
      "upper_bound": 0.010991228059460845
    }
  },
  "throughput": [],
  "measured_values": [
    989770.0,
    1988308.0,
    2977577.0,
    3973218.0,
    4985551.0,
    5976644.0,
    6936068.0,
    7947448.0,
    8939694.0,
    9922511.0,
    10911439.0,
    11893335.0,
    12902321.0,
    13857127.0,
    14874829.0,
    15890027.0,
    16821699.0,
    17842498.0,
    18825665.0,
    19847657.0,
    20807551.0,
    21828209.0,
    22827437.0,
    23891477.0,
    24798452.0,
    25767033.0,
    26719022.0,
    27791618.0,
    28824860.0,
    29781288.0,
    30788551.0,
    31747975.0,
    32789172.0,
    33790274.0,
    34690095.0,
    35668153.0,
    36641713.0,
    37650950.0,
    38677911.0,
    39644407.0,
    40682709.0,
    41719898.0,
    42759723.0,
    43609179.0,
    44602557.0,
    45610001.0,
    46537023.0,
    47603968.0,
    48627823.0,
    49644093.0,
    50642841.0,
    51614667.0,
    52560765.0,
    53533554.0,
    54442783.0,
    55453372.0,
    56474933.0,
    57546707.0,
    58553199.0,
    59619743.0,
    60505228.0,
    61635313.0,
    62571902.0,
    63461886.0,
    64509845.0,
    65466724.0,
    66375723.0,
    67480309.0,
    68382083.0,
    69483855.0,
    70366053.0,
    71326007.0,
    72485847.0,
    73363717.0,
    74353788.0,
    75303333.0,
    76330794.0,
    77369136.0,
    78369747.0,
    79383663.0,
    80355389.0,
    81357653.0,
    82312928.0,
    83255580.0,
    84401905.0,
    85309060.0,
    86249007.0,
    87341670.0,
    88472026.0,
    89361677.0,
    90210392.0,
    91385732.0,
    92281115.0,
    93086448.0,
    94192447.0,
    95228666.0,
    96063915.0,
    97061020.0,
    98165335.0,
    99347888.0
  ],
  "iteration_count": [
    5009,
    10018,
    15027,
    20036,
    25045,
    30054,
    35063,
    40072,
    45081,
    50090,
    55099,
    60108,
    65117,
    70126,
    75135,
    80144,
    85153,
    90162,
    95171,
    100180,
    105189,
    110198,
    115207,
    120216,
    125225,
    130234,
    135243,
    140252,
    145261,
    150270,
    155279,
    160288,
    165297,
    170306,
    175315,
    180324,
    185333,
    190342,
    195351,
    200360,
    205369,
    210378,
    215387,
    220396,
    225405,
    230414,
    235423,
    240432,
    245441,
    250450,
    255459,
    260468,
    265477,
    270486,
    275495,
    280504,
    285513,
    290522,
    295531,
    300540,
    305549,
    310558,
    315567,
    320576,
    325585,
    330594,
    335603,
    340612,
    345621,
    350630,
    355639,
    360648,
    365657,
    370666,
    375675,
    380684,
    385693,
    390702,
    395711,
    400720,
    405729,
    410738,
    415747,
    420756,
    425765,
    430774,
    435783,
    440792,
    445801,
    450810,
    455819,
    460828,
    465837,
    470846,
    475855,
    480864,
    485873,
    490882,
    495891,
    500900
  ],
  "unit": "ns",
  "typical": {
    "estimate": 198.0244151536544,
    "lower_bound": 197.97161609107116,
    "unit": "ns",
    "upper_bound": 198.07832041224532
  },
  "mean": {
    "estimate": 198.052016578801,
    "lower_bound": 198.00003618312311,
    "unit": "ns",
    "upper_bound": 198.1060259387576
  },
  "median_abs_dev": {
    "estimate": 0.24941603953378913,
    "lower_bound": 0.1853258188965299,
    "unit": "ns",
    "upper_bound": 0.3104082001293927
  },
  "report_directory": "/home/user/workspaces/ranim-bench/ranim/target/criterion/reports/extract/square"
}