{
  "median": {
    "estimate": 218.42701715495832,
    "lower_bound": 217.7965557211459,
    "unit": "ns",
    "upper_bound": 221.27778619528615
  },
  "unit": "ns",
  "throughput": [],
  "mean": {
    "estimate": 219.50352848746,
    "lower_bound": 218.79806660042817,
    "unit": "ns",
    "upper_bound": 220.21239431697063
  },
  "iteration_count": [
    4455,
    8910,
    13365,
    17820,
    22275,
    26730,
    31185,
    35640,
    40095,
    44550,
    49005,
    53460,
    57915,
    62370,
    66825,
    71280,
    75735,
    80190,
    84645,
    89100,
    93555,
    98010,
    102465,
    106920,
    111375,
    115830,
    120285,
    124740,
    129195,
    133650,
    138105,
    142560,
    147015,
    151470,
    155925,
    160380,
    164835,
    169290,
    173745,
    178200,
    182655,
    187110,
    191565,
    196020,
    200475,
    204930,
    209385,
    213840,
    218295,
    222750,
    227205,
    231660,
    236115,
    240570,
    245025,
    249480,
    253935,
    258390,
    262845,
    267300,
    271755,
    276210,
    280665,
    285120,
    289575,
    294030,
    298485,
    302940,
    307395,
    311850,
    316305,
    320760,
    325215,
    329670,
    334125,
    338580,
    343035,
    347490,
    351945,
    356400,
    360855,
    365310,
    369765,
    374220,
    378675,
    383130,
    387585,
    392040,
    396495,
    400950,
    405405,
    409860,
    414315,
    418770,
    423225,
    427680,
    432135,
    436590,
    441045,
    445500
  ],
  "measured_values": [
    996921.0,
    1969757.0,
    2967379.0,
    3934536.0,
    4945402.0,
    5909041.0,
    6895352.0,
    7884699.0,
    8883884.0,
    9859977.0,
    10860695.0,
    11844131.0,
    12791459.0,
    13784232.0,
    14818654.0,
    15771092.0,
    16751803.0,
    17871134.0,
    18882993.0,
    19874183.0,
    20861176.0,
    21829484.0,
    22812328.0,
    23906261.0,
    24838701.0,
    25802771.0,
    26790636.0,
    27809577.0,
    28790569.0,
    29807898.0,
    30786004.0,
    31756697.0,
    32721848.0,
    34708938.0,
    35770740.0,
    36490702.0,
    36814078.0,
    37679242.0,
    38685180.0,
    39725994.0,
    40720532.0,
    41803033.0,
    42836433.0,
    43759395.0,
    44767017.0,
    45714164.0,
    46760017.0,
    47779640.0,
    48663680.0,
    48421426.0,
    49588707.0,
    50640571.0,
    51401719.0,
    52440138.0,
    53360747.0,
    54323704.0,
    55331957.0,
    56309541.0,
    57221443.0,
    58267476.0,
    59187303.0,
    60245719.0,
    61205781.0,
    62184759.0,
    63189424.0,
    63818034.0,
    64488713.0,
    65568350.0,
    66528211.0,
    67429273.0,
    68367103.0,
    69351942.0,
    70281426.0,
    71293255.0,
    72332226.0,
    73221675.0,
    74283118.0,
    75239803.0,
    76080921.0,
    77156480.0,
    78154735.0,
    78765520.0,
    79865725.0,
    80322132.0,
    81438127.0,
    82417094.0,
    83154599.0,
    84014964.0,
    85088829.0,
    86058008.0,
    86988986.0,
    87923670.0,
    88934057.0,
    89897175.0,
    90817973.0,
    91794736.0,
    92937231.0,
    93986650.0,
    94842297.0,
    95797008.0
  ],
  "median_abs_dev": {
    "estimate": 4.957721655558363,
    "lower_bound": 3.128137573532957,
    "unit": "ns",
    "upper_bound": 5.247620750929594
  },
  "slope": {
    "estimate": 216.76937337050455,
    "lower_bound": 216.2968431448861,
    "unit": "ns",
    "upper_bound": 217.36752422235577
  },
  "change": {
    "change": "Regressed",
    "mean": {
      "estimate": 0.07674184793164351,
      "lower_bound": 0.07260539971182223,
      "unit": "%",
      "upper_bound": 0.0808560978062264
    },
    "median": {
      "estimate": 0.07586606024682574,
      "lower_bound": 0.07263325356121775,
      "unit": "%",
      "upper_bound": 0.09038707797043476
    }
  },
  "typical": {
    "estimate": 216.76937337050455,
    "lower_bound": 216.2968431448861,
    "unit": "ns",
    "upper_bound": 217.36752422235577
  },
  "report_directory": "/home/user/workspaces/ranim-bench/ranim/target/criterion/reports/extract/polygon/5"
}