{
  "median": {
    "estimate": 466.587849000401,
    "lower_bound": 465.8312600921749,
    "unit": "ns",
    "upper_bound": 467.0674449251127
  },
  "iteration_count": [
    2116,
    4232,
    6348,
    8464,
    10580,
    12696,
    14812,
    16928,
    19044,
    21160,
    23276,
    25392,
    27508,
    29624,
    31740,
    33856,
    35972,
    38088,
    40204,
    42320,
    44436,
    46552,
    48668,
    50784,
    52900,
    55016,
    57132,
    59248,
    61364,
    63480,
    65596,
    67712,
    69828,
    71944,
    74060,
    76176,
    78292,
    80408,
    82524,
    84640,
    86756,
    88872,
    90988,
    93104,
    95220,
    97336,
    99452,
    101568,
    103684,
    105800,
    107916,
    110032,
    112148,
    114264,
    116380,
    118496,
    120612,
    122728,
    124844,
    126960,
    129076,
    131192,
    133308,
    135424,
    137540,
    139656,
    141772,
    143888,
    146004,
    148120,
    150236,
    152352,
    154468,
    156584,
    158700,
    160816,
    162932,
    165048,
    167164,
    169280,
    171396,
    173512,
    175628,
    177744,
    179860,
    181976,
    184092,
    186208,
    188324,
    190440,
    192556,
    194672,
    196788,
    198904,
    201020,
    203136,
    205252,
    207368,
    209484,
    211600
  ],
  "change": {
    "change": "Improved",
    "mean": {
      "estimate": -0.03742918910515758,
      "lower_bound": -0.03962003026627392,
      "unit": "%",
      "upper_bound": -0.035027110710056854
    },
    "median": {
      "estimate": -0.037605138757088374,
      "lower_bound": -0.03921394221414154,
      "unit": "%",
      "upper_bound": -0.036121371757120935
    }
  },
  "report_directory": "/Volumes/Files/_ranim/ranim-bench/ranim/target/criterion/reports/extract/arc",
  "mean": {
    "estimate": 466.6511798455712,
    "lower_bound": 465.6809150966084,
    "unit": "ns",
    "upper_bound": 467.76956927354
  },
  "median_abs_dev": {
    "estimate": 3.4478480456366967,
    "lower_bound": 2.426429328190176,
    "unit": "ns",
    "upper_bound": 4.259617680864002
  },
  "slope": {
    "estimate": 467.3627881833975,
    "lower_bound": 466.5365316591159,
    "unit": "ns",
    "upper_bound": 468.1026640660959
  },
  "measured_values": [
    1024584.0,
    2015250.0,
    2969292.0,
    3935292.0,
    5289500.0,
    5918959.0,
    7057791.0,
    7926291.0,
    9012083.0,
    9884916.0,
    10823625.0,
    11808458.0,
    12803417.0,
    13817875.0,
    14460500.0,
    15675708.0,
    16670625.0,
    17552375.0,
    18655375.0,
    19587125.0,
    20683000.0,
    21667250.0,
    22548958.0,
    23563291.0,
    24216625.0,
    25535833.0,
    26260875.0,
    27457333.0,
    28294292.0,
    29557542.0,
    30100000.0,
    31230959.0,
    32417916.0,
    33271125.0,
    34031500.0,
    35380375.0,
    36436375.0,
    37158250.0,
    38115334.0,
    39485500.0,
    40802291.0,
    41422125.0,
    42427084.0,
    43163334.0,
    44384750.0,
    45117167.0,
    45827917.0,
    46774833.0,
    47941542.0,
    49633375.0,
    50273291.0,
    51383167.0,
    52156333.0,
    53456542.0,
    53968459.0,
    55039375.0,
    56305875.0,
    57358041.0,
    58538125.0,
    59532167.0,
    60250625.0,
    61596125.0,
    62596542.0,
    63316125.0,
    64447875.0,
    65293333.0,
    66201375.0,
    67106000.0,
    68344083.0,
    69243875.0,
    70113500.0,
    70183625.0,
    71017959.0,
    73377209.0,
    74341083.0,
    75218709.0,
    76118417.0,
    77727417.0,
    78424250.0,
    80012750.0,
    80462875.0,
    81016417.0,
    82814375.0,
    82950500.0,
    83822333.0,
    85526417.0,
    87032583.0,
    87432625.0,
    87947167.0,
    89637959.0,
    90771792.0,
    91213542.0,
    92020125.0,
    92820625.0,
    94894583.0,
    93556667.0,
    96291083.0,
    96991542.0,
    97747917.0,
    98724708.0
  ],
  "unit": "ns",
  "typical": {
    "estimate": 467.3627881833975,
    "lower_bound": 466.5365316591159,
    "unit": "ns",
    "upper_bound": 468.1026640660959
  },
  "throughput": []
}