{
  "iteration_count": [
    3081,
    6162,
    9243,
    12324,
    15405,
    18486,
    21567,
    24648,
    27729,
    30810,
    33891,
    36972,
    40053,
    43134,
    46215,
    49296,
    52377,
    55458,
    58539,
    61620,
    64701,
    67782,
    70863,
    73944,
    77025,
    80106,
    83187,
    86268,
    89349,
    92430,
    95511,
    98592,
    101673,
    104754,
    107835,
    110916,
    113997,
    117078,
    120159,
    123240,
    126321,
    129402,
    132483,
    135564,
    138645,
    141726,
    144807,
    147888,
    150969,
    154050,
    157131,
    160212,
    163293,
    166374,
    169455,
    172536,
    175617,
    178698,
    181779,
    184860,
    187941,
    191022,
    194103,
    197184,
    200265,
    203346,
    206427,
    209508,
    212589,
    215670,
    218751,
    221832,
    224913,
    227994,
    231075,
    234156,
    237237,
    240318,
    243399,
    246480,
    249561,
    252642,
    255723,
    258804,
    261885,
    264966,
    268047,
    271128,
    274209,
    277290,
    280371,
    283452,
    286533,
    289614,
    292695,
    295776,
    298857,
    301938,
    305019,
    308100
  ],
  "unit": "ns",
  "median": {
    "estimate": 322.46916949312254,
    "lower_bound": 321.8178756897111,
    "unit": "ns",
    "upper_bound": 323.61836475760526
  },
  "report_directory": "/Volumes/Files/_ranim/ranim-bench/ranim/target/criterion/reports/extract/rectangle",
  "typical": {
    "estimate": 322.4141995259562,
    "lower_bound": 321.3992139550219,
    "unit": "ns",
    "upper_bound": 323.4782565064551
  },
  "slope": {
    "estimate": 322.4141995259562,
    "lower_bound": 321.3992139550219,
    "unit": "ns",
    "upper_bound": 323.4782565064551
  },
  "measured_values": [
    924000.0,
    2044250.0,
    3086166.0,
    4064625.0,
    4919000.0,
    5987292.0,
    6940375.0,
    7932167.0,
    8984458.0,
    9942125.0,
    10967750.0,
    11794292.0,
    13025000.0,
    13884750.0,
    14852500.0,
    15921167.0,
    16679750.0,
    17975958.0,
    18742833.0,
    19858042.0,
    20784084.0,
    21830417.0,
    22743625.0,
    23828084.0,
    24950208.0,
    26122792.0,
    27005791.0,
    28420167.0,
    28620916.0,
    29736458.0,
    31051875.0,
    32113208.0,
    33154625.0,
    33830750.0,
    34644167.0,
    35873250.0,
    36490667.0,
    38176375.0,
    38619958.0,
    40196959.0,
    40668875.0,
    41798583.0,
    42835958.0,
    43513458.0,
    45277709.0,
    45959500.0,
    46651583.0,
    48145875.0,
    48225083.0,
    48622750.0,
    49664750.0,
    51883625.0,
    53027875.0,
    52967958.0,
    54971042.0,
    55858083.0,
    57793459.0,
    58211000.0,
    58613125.0,
    60171792.0,
    59503167.0,
    61603958.0,
    62473333.0,
    61973292.0,
    66038750.0,
    66955875.0,
    67428958.0,
    67079708.0,
    67689500.0,
    71036333.0,
    70175792.0,
    72138958.0,
    73443000.0,
    73629292.0,
    73318792.0,
    75181125.0,
    75195167.0,
    77133959.0,
    78895917.0,
    80302125.0,
    80124291.0,
    79700792.0,
    82113417.0,
    83016917.0,
    85291208.0,
    86469500.0,
    88561583.0,
    89576084.0,
    89463708.0,
    90497750.0,
    90353958.0,
    90701125.0,
    90927208.0,
    92259958.0,
    94164458.0,
    94686125.0,
    95080542.0,
    96019500.0,
    98653584.0,
    98464125.0
  ],
  "mean": {
    "estimate": 322.69428542013566,
    "lower_bound": 321.8098958503226,
    "unit": "ns",
    "upper_bound": 323.52851958564355
  },
  "median_abs_dev": {
    "estimate": 3.490432303124899,
    "lower_bound": 2.6310453570795542,
    "unit": "ns",
    "upper_bound": 4.588867204585632
  },
  "change": {
    "change": "Improved",
    "mean": {
      "estimate": -0.07370523813412733,
      "lower_bound": -0.07715710418735541,
      "unit": "%",
      "upper_bound": -0.0699712515254931
    },
    "median": {
      "estimate": -0.07093723147575481,
      "lower_bound": -0.07654067192886427,
      "unit": "%",
      "upper_bound": -0.06534444716059562
    }
  },
  "throughput": []
}