{
  "throughput": [],
  "mean": {
    "estimate": 240.04256477844777,
    "lower_bound": 239.81714725514476,
    "unit": "ns",
    "upper_bound": 240.27504975588457
  },
  "median": {
    "estimate": 239.91121613252147,
    "lower_bound": 239.70016501884913,
    "unit": "ns",
    "upper_bound": 240.0869092776333
  },
  "change": {
    "change": "Regressed",
    "mean": {
      "estimate": 0.011953441597845282,
      "lower_bound": 0.010854555520056984,
      "unit": "%",
      "upper_bound": 0.013101759601815564
    },
    "median": {
      "estimate": 0.011375320667119436,
      "lower_bound": 0.010638682721500148,
      "unit": "%",
      "upper_bound": 0.01229175222480805
    }
  },
  "measured_values": [
    979166.0,
    1963792.0,
    2986389.0,
    3949626.0,
    4973496.0,
    5938655.0,
    6920937.0,
    7913528.0,
    8939682.0,
    9909460.0,
    10860864.0,
    11865838.0,
    12850615.0,
    13846331.0,
    14875922.0,
    15873834.0,
    16863028.0,
    17769798.0,
    18726231.0,
    19746534.0,
    20751358.0,
    21784777.0,
    22720791.0,
    23701770.0,
    24682479.0,
    25690009.0,
    26641322.0,
    27676463.0,
    28613710.0,
    29617823.0,
    30635131.0,
    31596473.0,
    32612448.0,
    33707321.0,
    34702207.0,
    35790487.0,
    36706424.0,
    37723602.0,
    38773310.0,
    39717069.0,
    40672010.0,
    41661946.0,
    42687148.0,
    43641297.0,
    44683371.0,
    45678787.0,
    46745187.0,
    47625608.0,
    48744886.0,
    50144901.0,
    51124798.0,
    52049913.0,
    52999474.0,
    54040545.0,
    55013490.0,
    56005650.0,
    57029410.0,
    58093846.0,
    59006306.0,
    60192080.0,
    61141541.0,
    62203081.0,
    63118387.0,
    64216035.0,
    65047013.0,
    65510623.0,
    66642364.0,
    67673227.0,
    68501150.0,
    69478993.0,
    70555191.0,
    71532454.0,
    72471434.0,
    73495334.0,
    74444384.0,
    75401719.0,
    76493426.0,
    77373566.0,
    78475202.0,
    79306450.0,
    80556214.0,
    81091858.0,
    82755237.0,
    83127234.0,
    84266821.0,
    85479044.0,
    86137569.0,
    87116715.0,
    88119956.0,
    89088813.0,
    90020539.0,
    91139437.0,
    92019347.0,
    93018371.0,
    93954946.0,
    94956584.0,
    96088837.0,
    97612013.0,
    98611198.0,
    99486239.0
  ],
  "iteration_count": [
    4135,
    8270,
    12405,
    16540,
    20675,
    24810,
    28945,
    33080,
    37215,
    41350,
    45485,
    49620,
    53755,
    57890,
    62025,
    66160,
    70295,
    74430,
    78565,
    82700,
    86835,
    90970,
    95105,
    99240,
    103375,
    107510,
    111645,
    115780,
    119915,
    124050,
    128185,
    132320,
    136455,
    140590,
    144725,
    148860,
    152995,
    157130,
    161265,
    165400,
    169535,
    173670,
    177805,
    181940,
    186075,
    190210,
    194345,
    198480,
    202615,
    206750,
    210885,
    215020,
    219155,
    223290,
    227425,
    231560,
    235695,
    239830,
    243965,
    248100,
    252235,
    256370,
    260505,
    264640,
    268775,
    272910,
    277045,
    281180,
    285315,
    289450,
    293585,
    297720,
    301855,
    305990,
    310125,
    314260,
    318395,
    322530,
    326665,
    330800,
    334935,
    339070,
    343205,
    347340,
    351475,
    355610,
    359745,
    363880,
    368015,
    372150,
    376285,
    380420,
    384555,
    388690,
    392825,
    396960,
    401095,
    405230,
    409365,
    413500
  ],
  "typical": {
    "estimate": 240.25307914055497,
    "lower_bound": 240.02876823491664,
    "unit": "ns",
    "upper_bound": 240.501102467599
  },
  "median_abs_dev": {
    "estimate": 0.996210289660545,
    "lower_bound": 0.7672482509741941,
    "unit": "ns",
    "upper_bound": 1.2405610346215288
  },
  "report_directory": "/home/user/workspaces/ranim-bench/ranim/target/criterion/reports/extract/polygon/10",
  "unit": "ns",
  "slope": {
    "estimate": 240.25307914055497,
    "lower_bound": 240.02876823491664,
    "unit": "ns",
    "upper_bound": 240.501102467599
  }
}