{
  "median": {
    "estimate": 203.0243589102966,
    "lower_bound": 202.8442768999691,
    "unit": "ns",
    "upper_bound": 203.2135225827573
  },
  "slope": {
    "estimate": 204.40276623779965,
    "lower_bound": 203.84799652245871,
    "unit": "ns",
    "upper_bound": 204.9206933797395
  },
  "change": {
    "change": "Improved",
    "mean": {
      "estimate": -0.04747274229311893,
      "lower_bound": -0.04927333746792273,
      "unit": "%",
      "upper_bound": -0.04577029176292709
    },
    "median": {
      "estimate": -0.05068829886988435,
      "lower_bound": -0.05213806057910286,
      "unit": "%",
      "upper_bound": -0.049786301771284826
    }
  },
  "throughput": [],
  "unit": "ns",
  "typical": {
    "estimate": 204.40276623779965,
    "lower_bound": 203.84799652245871,
    "unit": "ns",
    "upper_bound": 204.9206933797395
  },
  "measured_values": [
    931046.0,
    1871339.0,
    2798868.0,
    3732378.0,
    4661420.0,
    5596043.0,
    6527238.0,
    7469545.0,
    8425898.0,
    9336075.0,
    10275907.0,
    11193537.0,
    12185918.0,
    13142271.0,
    14022942.0,
    14965098.0,
    15862461.0,
    17125028.0,
    18035595.0,
    18958465.0,
    19956017.0,
    20872765.0,
    21879262.0,
    22785091.0,
    23742465.0,
    24679141.0,
    25628992.0,
    26500477.0,
    27465686.0,
    28479718.0,
    29426643.0,
    30374290.0,
    31236807.0,
    31583947.0,
    32514442.0,
    33391116.0,
    34333673.0,
    35299514.0,
    36186387.0,
    37176333.0,
    38098733.0,
    39006234.0,
    39957757.0,
    40853437.0,
    41800003.0,
    42704087.0,
    43630675.0,
    44735847.0,
    45646815.0,
    46595784.0,
    47432803.0,
    48584893.0,
    49414900.0,
    50484796.0,
    51451768.0,
    52273319.0,
    53302238.0,
    54104492.0,
    55099808.0,
    55953359.0,
    56953905.0,
    57858020.0,
    58859377.0,
    59604865.0,
    60735706.0,
    61642556.0,
    62713484.0,
    63575209.0,
    64556059.0,
    65452830.0,
    66576146.0,
    67106891.0,
    68217664.0,
    69075773.0,
    70333912.0,
    70995863.0,
    71975039.0,
    72821216.0,
    73900639.0,
    74975324.0,
    75676308.0,
    78177368.0,
    79149350.0,
    79895850.0,
    80879755.0,
    81920256.0,
    82917275.0,
    83694622.0,
    84547482.0,
    85615264.0,
    86518187.0,
    87425378.0,
    88458735.0,
    89688241.0,
    90584862.0,
    91498655.0,
    92406437.0,
    91601338.0,
    92343599.0,
    93308238.0
  ],
  "report_directory": "/home/user/workspaces/ranim-bench/ranim/target/criterion/reports/extract/polygon/5",
  "mean": {
    "estimate": 203.8590112468584,
    "lower_bound": 203.49765691419685,
    "unit": "ns",
    "upper_bound": 204.22867368311887
  },
  "iteration_count": [
    4604,
    9208,
    13812,
    18416,
    23020,
    27624,
    32228,
    36832,
    41436,
    46040,
    50644,
    55248,
    59852,
    64456,
    69060,
    73664,
    78268,
    82872,
    87476,
    92080,
    96684,
    101288,
    105892,
    110496,
    115100,
    119704,
    124308,
    128912,
    133516,
    138120,
    142724,
    147328,
    151932,
    156536,
    161140,
    165744,
    170348,
    174952,
    179556,
    184160,
    188764,
    193368,
    197972,
    202576,
    207180,
    211784,
    216388,
    220992,
    225596,
    230200,
    234804,
    239408,
    244012,
    248616,
    253220,
    257824,
    262428,
    267032,
    271636,
    276240,
    280844,
    285448,
    290052,
    294656,
    299260,
    303864,
    308468,
    313072,
    317676,
    322280,
    326884,
    331488,
    336092,
    340696,
    345300,
    349904,
    354508,
    359112,
    363716,
    368320,
    372924,
    377528,
    382132,
    386736,
    391340,
    395944,
    400548,
    405152,
    409756,
    414360,
    418964,
    423568,
    428172,
    432776,
    437380,
    441984,
    446588,
    451192,
    455796,
    460400
  ],
  "median_abs_dev": {
    "estimate": 1.0553748411351749,
    "lower_bound": 0.6412816181159011,
    "unit": "ns",
    "upper_bound": 2.096864243259024
  }
}