{
  "mean": {
    "estimate": 513.3284382891468,
    "lower_bound": 512.5298108598141,
    "unit": "ns",
    "upper_bound": 514.2236217710174
  },
  "slope": {
    "estimate": 512.0531780614791,
    "lower_bound": 511.6138650997216,
    "unit": "ns",
    "upper_bound": 512.531708423366
  },
  "change": {
    "change": "NoChange",
    "mean": {
      "estimate": 0.0006932922825642063,
      "lower_bound": -0.0015175112753683744,
      "unit": "%",
      "upper_bound": 0.0028914863478611765
    },
    "median": {
      "estimate": -0.0019827003886527805,
      "lower_bound": -0.00468791482065663,
      "unit": "%",
      "upper_bound": 0.001359345849793803
    }
  },
  "typical": {
    "estimate": 512.0531780614791,
    "lower_bound": 511.6138650997216,
    "unit": "ns",
    "upper_bound": 512.531708423366
  },
  "report_directory": "/Volumes/Files/_ranim/ranim-bench/ranim/target/criterion/reports/extract/circle",
  "measured_values": [
    1025167.0,
    1986667.0,
    3017458.0,
    3983000.0,
    4945875.0,
    5951917.0,
    7028375.0,
    7978583.0,
    8971458.0,
    9957458.0,
    11111792.0,
    12300917.0,
    13339167.0,
    14291458.0,
    14889875.0,
    15850292.0,
    16842083.0,
    17824750.0,
    18686916.0,
    19739833.0,
    20762500.0,
    21792166.0,
    22645458.0,
    23762041.0,
    24713666.0,
    25750333.0,
    26702584.0,
    27709792.0,
    28628458.0,
    29708166.0,
    31298416.0,
    31559041.0,
    32570125.0,
    33522083.0,
    34494792.0,
    35481708.0,
    36538209.0,
    37499125.0,
    38476584.0,
    39785792.0,
    40536209.0,
    41473875.0,
    42460792.0,
    43450375.0,
    44440584.0,
    45653042.0,
    46455250.0,
    47371292.0,
    48434500.0,
    48946166.0,
    50487875.0,
    51721208.0,
    52676375.0,
    53721041.0,
    54742833.0,
    55652791.0,
    56681500.0,
    57786250.0,
    58746125.0,
    59746667.0,
    60818917.0,
    61311834.0,
    62257750.0,
    63345042.0,
    63700959.0,
    65708125.0,
    66669833.0,
    67357166.0,
    68224458.0,
    69083000.0,
    69802542.0,
    71191250.0,
    72102625.0,
    73064750.0,
    74093416.0,
    75037166.0,
    75751875.0,
    77675792.0,
    78590625.0,
    79626000.0,
    80687792.0,
    81294000.0,
    81961958.0,
    82824250.0,
    83996834.0,
    85076666.0,
    86005833.0,
    86941375.0,
    88093000.0,
    88951583.0,
    89882667.0,
    90924833.0,
    91741333.0,
    92995875.0,
    93882416.0,
    94899625.0,
    95834542.0,
    96474000.0,
    97648542.0,
    98667166.0
  ],
  "unit": "ns",
  "throughput": [],
  "iteration_count": [
    1932,
    3864,
    5796,
    7728,
    9660,
    11592,
    13524,
    15456,
    17388,
    19320,
    21252,
    23184,
    25116,
    27048,
    28980,
    30912,
    32844,
    34776,
    36708,
    38640,
    40572,
    42504,
    44436,
    46368,
    48300,
    50232,
    52164,
    54096,
    56028,
    57960,
    59892,
    61824,
    63756,
    65688,
    67620,
    69552,
    71484,
    73416,
    75348,
    77280,
    79212,
    81144,
    83076,
    85008,
    86940,
    88872,
    90804,
    92736,
    94668,
    96600,
    98532,
    100464,
    102396,
    104328,
    106260,
    108192,
    110124,
    112056,
    113988,
    115920,
    117852,
    119784,
    121716,
    123648,
    125580,
    127512,
    129444,
    131376,
    133308,
    135240,
    137172,
    139104,
    141036,
    142968,
    144900,
    146832,
    148764,
    150696,
    152628,
    154560,
    156492,
    158424,
    160356,
    162288,
    164220,
    166152,
    168084,
    170016,
    171948,
    173880,
    175812,
    177744,
    179676,
    181608,
    183540,
    185472,
    187404,
    189336,
    191268,
    193200
  ],
  "median": {
    "estimate": 511.8750364854269,
    "lower_bound": 511.5968182959864,
    "unit": "ns",
    "upper_bound": 512.558948700253
  },
  "median_abs_dev": {
    "estimate": 1.6861129237712678,
    "lower_bound": 1.232014321136221,
    "unit": "ns",
    "upper_bound": 2.770575074737433
  }
}