{
  "report_directory": "/home/user/workspaces/ranim-bench/ranim/target/criterion/reports/extract/rectangle",
  "iteration_count": [
    3841,
    7682,
    11523,
    15364,
    19205,
    23046,
    26887,
    30728,
    34569,
    38410,
    42251,
    46092,
    49933,
    53774,
    57615,
    61456,
    65297,
    69138,
    72979,
    76820,
    80661,
    84502,
    88343,
    92184,
    96025,
    99866,
    103707,
    107548,
    111389,
    115230,
    119071,
    122912,
    126753,
    130594,
    134435,
    138276,
    142117,
    145958,
    149799,
    153640,
    157481,
    161322,
    165163,
    169004,
    172845,
    176686,
    180527,
    184368,
    188209,
    192050,
    195891,
    199732,
    203573,
    207414,
    211255,
    215096,
    218937,
    222778,
    226619,
    230460,
    234301,
    238142,
    241983,
    245824,
    249665,
    253506,
    257347,
    261188,
    265029,
    268870,
    272711,
    276552,
    280393,
    284234,
    288075,
    291916,
    295757,
    299598,
    303439,
    307280,
    311121,
    314962,
    318803,
    322644,
    326485,
    330326,
    334167,
    338008,
    341849,
    345690,
    349531,
    353372,
    357213,
    361054,
    364895,
    368736,
    372577,
    376418,
    380259,
    384100
  ],
  "unit": "ns",
  "mean": {
    "estimate": 259.8485582910996,
    "lower_bound": 259.3098070711409,
    "unit": "ns",
    "upper_bound": 260.4017650011794
  },
  "typical": {
    "estimate": 258.46487732112826,
    "lower_bound": 258.16271197230833,
    "unit": "ns",
    "upper_bound": 258.8397332968685
  },
  "throughput": [],
  "median": {
    "estimate": 258.062512625008,
    "lower_bound": 257.87675212463273,
    "unit": "ns",
    "upper_bound": 259.05193959906273
  },
  "median_abs_dev": {
    "estimate": 1.1963280252418336,
    "lower_bound": 0.6579715996717889,
    "unit": "ns",
    "upper_bound": 2.567032042883425
  },
  "measured_values": [
    984801.0,
    1997244.0,
    2972686.0,
    4010296.0,
    4937058.0,
    5925826.0,
    6981880.0,
    7919492.0,
    8963353.0,
    9869597.0,
    10923868.0,
    11927464.0,
    13021359.0,
    13887177.0,
    14964340.0,
    15920296.0,
    16898656.0,
    18243162.0,
    19249553.0,
    20305026.0,
    21205318.0,
    22283194.0,
    23328358.0,
    24294984.0,
    25378731.0,
    26287389.0,
    27362679.0,
    28432028.0,
    29353760.0,
    30385219.0,
    31411177.0,
    32415575.0,
    33476468.0,
    34398851.0,
    35474492.0,
    36393269.0,
    37594396.0,
    38425147.0,
    39464631.0,
    40469258.0,
    41552253.0,
    42600113.0,
    43532996.0,
    44583800.0,
    45607854.0,
    46615519.0,
    47716457.0,
    48721856.0,
    49688362.0,
    49536628.0,
    50506891.0,
    51494016.0,
    52501549.0,
    53487742.0,
    54474136.0,
    55471230.0,
    56418419.0,
    57379726.0,
    58450798.0,
    59424258.0,
    60382258.0,
    61374563.0,
    62449252.0,
    63388898.0,
    64490378.0,
    65351977.0,
    66408943.0,
    67297332.0,
    68297011.0,
    69271232.0,
    70248528.0,
    71305835.0,
    72331502.0,
    73239169.0,
    74253875.0,
    75359453.0,
    76370041.0,
    77077280.0,
    78228685.0,
    79247018.0,
    80186394.0,
    81131659.0,
    81972089.0,
    83056286.0,
    84009077.0,
    84937711.0,
    86035374.0,
    87068907.0,
    87843532.0,
    89069987.0,
    90151169.0,
    90914373.0,
    92067620.0,
    92878323.0,
    93964554.0,
    94819060.0,
    95912996.0,
    97570891.0,
    98525696.0,
    99413163.0
  ],
  "slope": {
    "estimate": 258.46487732112826,
    "lower_bound": 258.16271197230833,
    "unit": "ns",
    "upper_bound": 258.8397332968685
  },
  "change": {
    "change": "Regressed",
    "mean": {
      "estimate": 0.02729223603978226,
      "lower_bound": 0.024798492800100946,
      "unit": "%",
      "upper_bound": 0.02953753882605779
    },
    "median": {
      "estimate": 0.021237307577416376,
      "lower_bound": 0.020267669239170782,
      "unit": "%",
      "upper_bound": 0.02543054103996245
    }
  }
}