{
  "report_directory": "/home/user/workspaces/ranim-bench/ranim/target/criterion/reports/merged_gpu_render/submit/100",
  "iteration_count": [
    386,
    386,
    386,
    386,
    386,
    386,
    386,
    386,
    386,
    386,
    386,
    386,
    386,
    386,
    386,
    386,
    386,
    386,
    386,
    386,
    386,
    386,
    386,
    386,
    386,
    386,
    386,
    386,
    386,
    386,
    386,
    386,
    386,
    386,
    386,
    386,
    386,
    386,
    386,
    386,
    386,
    386,
    386,
    386,
    386,
    386,
    386,
    386,
    386,
    386
  ],
  "throughput": [],
  "measured_values": [
    96499024.0,
    95321695.0,
    96445925.0,
    96130265.0,
    96611826.0,
    94948338.0,
    97727820.0,
    97022253.0,
    96903131.0,
    97480520.0,
    95320865.0,
    96876501.0,
    96311917.0,
    96092957.0,
    95809699.0,
    96678541.0,
    97945628.0,
    97095490.0,
    95497745.0,
    97117663.0,
    96970098.0,
    97238740.0,
    96331966.0,
    96906950.0,
    97183597.0,
    97259919.0,
    95951885.0,
    96546496.0,
    96254942.0,
    96144246.0,
    95233686.0,
    96822614.0,
    97117064.0,
    95579752.0,
    94360264.0,
    95392532.0,
    95090458.0,
    96218104.0,
    94701361.0,
    100039284.0,
    97519567.0,
    96730062.0,
    95713363.0,
    96319416.0,
    95292547.0,
    95899120.0,
    93644207.0,
    95794344.0,
    95938924.0,
    95667097.0
  ],
  "mean": {
    "estimate": 249518.15585492225,
    "lower_bound": 248782.17534585492,
    "unit": "ns",
    "upper_bound": 250273.4761606217
  },
  "unit": "ns",
  "median": {
    "estimate": 249522.45207253884,
    "lower_bound": 248580.01295336787,
    "unit": "ns",
    "upper_bound": 250462.5414507772
  },
  "median_abs_dev": {
    "estimate": 2502.3694926206967,
    "lower_bound": 1741.384102186602,
    "unit": "ns",
    "upper_bound": 3237.2800881226476
  },
  "slope": null,
  "change": {
    "change": "Improved",
    "mean": {
      "estimate": -0.7804296101358923,
      "lower_bound": -0.7812080368341104,
      "unit": "%",
      "upper_bound": -0.7796520215188054
    },
    "median": {
      "estimate": -0.780334364457886,
      "lower_bound": -0.7813455794175331,
      "unit": "%",
      "upper_bound": -0.7793049419075626
    }
  },
  "typical": {
    "estimate": 249518.15585492225,
    "lower_bound": 248782.17534585492,
    "unit": "ns",
    "upper_bound": 250273.4761606217
  }
}