{
  "change": {
    "change": "Improved",
    "mean": {
      "estimate": -0.923373552133294,
      "lower_bound": -0.924507663094225,
      "unit": "%",
      "upper_bound": -0.9221450059865192
    },
    "median": {
      "estimate": -0.9231702309987536,
      "lower_bound": -0.924019137496117,
      "unit": "%",
      "upper_bound": -0.9221254448833958
    }
  },
  "throughput": [],
  "slope": null,
  "report_directory": "E:\\_ranim\\ranim-bench\\ranim\\target\\criterion\\reports\\merged_cpu_submit\\no_wait\\1600",
  "mean": {
    "estimate": 1698059.5862068967,
    "lower_bound": 1681034.19137931,
    "unit": "ns",
    "upper_bound": 1721870.0060344832
  },
  "typical": {
    "estimate": 1698059.5862068967,
    "lower_bound": 1681034.19137931,
    "unit": "ns",
    "upper_bound": 1721870.0060344832
  },
  "iteration_count": [
    58,
    58,
    58,
    58,
    58,
    58,
    58,
    58,
    58,
    58,
    58,
    58,
    58,
    58,
    58,
    58,
    58,
    58,
    58,
    58,
    58,
    58,
    58,
    58,
    58,
    58,
    58,
    58,
    58,
    58,
    58,
    58,
    58,
    58,
    58,
    58,
    58,
    58,
    58,
    58,
    58,
    58,
    58,
    58,
    58,
    58,
    58,
    58,
    58,
    58
  ],
  "median": {
    "estimate": 1682313.793103448,
    "lower_bound": 1674863.7931034483,
    "unit": "ns",
    "upper_bound": 1703251.7241379311
  },
  "measured_values": [
    97186600.0,
    100456800.0,
    96092600.0,
    99772000.0,
    100762500.0,
    96108100.0,
    95394800.0,
    99566600.0,
    94089300.0,
    97444100.0,
    96438600.0,
    97142100.0,
    97383100.0,
    98323700.0,
    94894100.0,
    101369300.0,
    97813200.0,
    95864000.0,
    97384900.0,
    99987100.0,
    96263000.0,
    100445900.0,
    99001700.0,
    98216800.0,
    101912100.0,
    100821100.0,
    93609300.0,
    97122600.0,
    97335600.0,
    95351600.0,
    96339700.0,
    96475500.0,
    100792600.0,
    98054400.0,
    100842800.0,
    94708400.0,
    97704300.0,
    125566100.0,
    98788600.0,
    97252000.0,
    100897000.0,
    98833600.0,
    98361800.0,
    99610900.0,
    96955900.0,
    96369200.0,
    100235300.0,
    96658400.0,
    100319300.0,
    96053800.0
  ],
  "unit": "ns",
  "median_abs_dev": {
    "estimate": 37674.65467596865,
    "lower_bound": 25467.48885820656,
    "unit": "ns",
    "upper_bound": 54544.34179026523
  }
}