{
  "unit": "ns",
  "slope": null,
  "median_abs_dev": {
    "estimate": 40558.86322730484,
    "lower_bound": 28606.376334240416,
    "unit": "ns",
    "upper_bound": 61403.04838356262
  },
  "throughput": [],
  "median": {
    "estimate": 2612294.736842105,
    "lower_bound": 2593594.736842105,
    "unit": "ns",
    "upper_bound": 2624257.8947368423
  },
  "mean": {
    "estimate": 2609703.5263157897,
    "lower_bound": 2594633.6407894734,
    "unit": "ns",
    "upper_bound": 2624824.6473684222
  },
  "typical": {
    "estimate": 2609703.5263157897,
    "lower_bound": 2594633.6407894734,
    "unit": "ns",
    "upper_bound": 2624824.6473684222
  },
  "iteration_count": [
    38,
    38,
    38,
    38,
    38,
    38,
    38,
    38,
    38,
    38,
    38,
    38,
    38,
    38,
    38,
    38,
    38,
    38,
    38,
    38,
    38,
    38,
    38,
    38,
    38,
    38,
    38,
    38,
    38,
    38,
    38,
    38,
    38,
    38,
    38,
    38,
    38,
    38,
    38,
    38,
    38,
    38,
    38,
    38,
    38,
    38,
    38,
    38,
    38,
    38
  ],
  "measured_values": [
    100999700.0,
    98268900.0,
    99346700.0,
    97610500.0,
    94335600.0,
    97650100.0,
    100493400.0,
    98635900.0,
    99204100.0,
    99846600.0,
    100247100.0,
    96598200.0,
    101009300.0,
    99015500.0,
    99663600.0,
    98424600.0,
    96211500.0,
    103268700.0,
    99593700.0,
    93966200.0,
    99857600.0,
    96864600.0,
    100087900.0,
    100284300.0,
    98676300.0,
    97553100.0,
    96677200.0,
    97457200.0,
    97522800.0,
    102677100.0,
    100114900.0,
    99608900.0,
    96177900.0,
    98080000.0,
    99111000.0,
    99445400.0,
    102441700.0,
    98524200.0,
    99834700.0,
    98967100.0,
    99330300.0,
    101145700.0,
    97974400.0,
    100687600.0,
    99372100.0,
    98543800.0,
    100329200.0,
    98556600.0,
    104256900.0,
    103886300.0
  ],
  "report_directory": "E:\\_ranim\\ranim-bench\\ranim\\target\\criterion\\reports\\merged_cpu_submit\\no_wait\\3600",
  "change": {
    "change": "Improved",
    "mean": {
      "estimate": -0.9481720757912055,
      "lower_bound": -0.948556425588244,
      "unit": "%",
      "upper_bound": -0.9477733026393218
    },
    "median": {
      "estimate": -0.9478166556985272,
      "lower_bound": -0.9483368362832534,
      "unit": "%",
      "upper_bound": -0.9475440049163482
    }
  }
}