{
  "throughput": [],
  "slope": null,
  "mean": {
    "estimate": 586462.8053691274,
    "lower_bound": 580841.1046979866,
    "unit": "ns",
    "upper_bound": 592862.8369127517
  },
  "measured_values": [
    91696000.0,
    85155000.0,
    84257800.0,
    85586100.0,
    86601100.0,
    87160600.0,
    87363500.0,
    83200000.0,
    86281500.0,
    88134100.0,
    86874900.0,
    87335900.0,
    86760400.0,
    89960800.0,
    92504700.0,
    84293600.0,
    86977900.0,
    91253100.0,
    85124900.0,
    84951800.0,
    85615800.0,
    84232300.0,
    86523000.0,
    88559700.0,
    90185500.0,
    84787500.0,
    85946700.0,
    89126800.0,
    92769900.0,
    88254700.0,
    85120000.0,
    86112200.0,
    83200400.0,
    85163200.0,
    87804300.0,
    85504200.0,
    84252900.0,
    91612100.0,
    101271100.0,
    94517900.0,
    88789900.0,
    88720200.0,
    87949800.0,
    86584500.0,
    84724500.0,
    85671300.0,
    85847200.0,
    87130700.0,
    84037700.0,
    87658200.0
  ],
  "report_directory": "E:\\_ranim\\ranim-bench\\ranim\\target\\criterion\\reports\\merged_cpu_submit\\no_wait\\400",
  "median": {
    "estimate": 581750.0,
    "lower_bound": 575899.3288590603,
    "unit": "ns",
    "upper_bound": 587228.5234899329
  },
  "change": {
    "change": "Improved",
    "mean": {
      "estimate": -0.8882591703085638,
      "lower_bound": -0.8895253239005988,
      "unit": "%",
      "upper_bound": -0.886956334386368
    },
    "median": {
      "estimate": -0.8888982256182454,
      "lower_bound": -0.8900793446682396,
      "unit": "%",
      "upper_bound": -0.887728573206895
    }
  },
  "iteration_count": [
    149,
    149,
    149,
    149,
    149,
    149,
    149,
    149,
    149,
    149,
    149,
    149,
    149,
    149,
    149,
    149,
    149,
    149,
    149,
    149,
    149,
    149,
    149,
    149,
    149,
    149,
    149,
    149,
    149,
    149,
    149,
    149,
    149,
    149,
    149,
    149,
    149,
    149,
    149,
    149,
    149,
    149,
    149,
    149,
    149,
    149,
    149,
    149,
    149,
    149
  ],
  "typical": {
    "estimate": 586462.8053691274,
    "lower_bound": 580841.1046979866,
    "unit": "ns",
    "upper_bound": 592862.8369127517
  },
  "unit": "ns",
  "median_abs_dev": {
    "estimate": 15505.607644183536,
    "lower_bound": 10612.032697504836,
    "unit": "ns",
    "upper_bound": 21810.14014970528
  }
}