{
  "unit": "ns",
  "typical": {
    "estimate": 222.9738002607752,
    "lower_bound": 222.81362872096088,
    "unit": "ns",
    "upper_bound": 223.14933798987528
  },
  "median_abs_dev": {
    "estimate": 0.7816838671362748,
    "lower_bound": 0.5395409330808263,
    "unit": "ns",
    "upper_bound": 0.999735467572194
  },
  "mean": {
    "estimate": 222.89382878392567,
    "lower_bound": 222.74130637601883,
    "unit": "ns",
    "upper_bound": 223.04834340026028
  },
  "iteration_count": [
    4415,
    8830,
    13245,
    17660,
    22075,
    26490,
    30905,
    35320,
    39735,
    44150,
    48565,
    52980,
    57395,
    61810,
    66225,
    70640,
    75055,
    79470,
    83885,
    88300,
    92715,
    97130,
    101545,
    105960,
    110375,
    114790,
    119205,
    123620,
    128035,
    132450,
    136865,
    141280,
    145695,
    150110,
    154525,
    158940,
    163355,
    167770,
    172185,
    176600,
    181015,
    185430,
    189845,
    194260,
    198675,
    203090,
    207505,
    211920,
    216335,
    220750,
    225165,
    229580,
    233995,
    238410,
    242825,
    247240,
    251655,
    256070,
    260485,
    264900,
    269315,
    273730,
    278145,
    282560,
    286975,
    291390,
    295805,
    300220,
    304635,
    309050,
    313465,
    317880,
    322295,
    326710,
    331125,
    335540,
    339955,
    344370,
    348785,
    353200,
    357615,
    362030,
    366445,
    370860,
    375275,
    379690,
    384105,
    388520,
    392935,
    397350,
    401765,
    406180,
    410595,
    415010,
    419425,
    423840,
    428255,
    432670,
    437085,
    441500
  ],
  "report_directory": "/home/user/workspaces/ranim-bench/ranim/target/criterion/reports/extract/polygon/5",
  "measured_values": [
    980364.0,
    1955678.0,
    2935870.0,
    3912427.0,
    4914000.0,
    5870189.0,
    6857645.0,
    7825475.0,
    8803474.0,
    9773247.0,
    10752670.0,
    11738172.0,
    12728184.0,
    13727654.0,
    14725249.0,
    15685995.0,
    16665868.0,
    17690886.0,
    18668705.0,
    19676138.0,
    20655951.0,
    21625765.0,
    22594617.0,
    23606059.0,
    24573388.0,
    25558389.0,
    26550525.0,
    27538854.0,
    28505472.0,
    29561597.0,
    30577518.0,
    31487479.0,
    32475116.0,
    33542924.0,
    34523107.0,
    35513830.0,
    36517047.0,
    37502379.0,
    38485328.0,
    39514092.0,
    40543317.0,
    41451646.0,
    42477294.0,
    43399818.0,
    44375313.0,
    45352300.0,
    46329217.0,
    47217307.0,
    48172823.0,
    49438814.0,
    50428094.0,
    51432623.0,
    52455907.0,
    53390254.0,
    54426673.0,
    55337667.0,
    56349549.0,
    57377903.0,
    58312560.0,
    59392611.0,
    60408621.0,
    61450321.0,
    62422579.0,
    63414453.0,
    64332069.0,
    64990948.0,
    65952857.0,
    66884629.0,
    67838903.0,
    68854974.0,
    69988205.0,
    70859443.0,
    71700034.0,
    72720522.0,
    73771468.0,
    74593845.0,
    75653578.0,
    76499148.0,
    77530367.0,
    78525407.0,
    79689236.0,
    80463652.0,
    81417696.0,
    82798312.0,
    83613875.0,
    84492558.0,
    85406928.0,
    86403912.0,
    87462553.0,
    88376391.0,
    89344191.0,
    90310568.0,
    91222062.0,
    92290441.0,
    93346717.0,
    94309778.0,
    95429323.0,
    96578965.0,
    97747081.0,
    98922100.0
  ],
  "median": {
    "estimate": 222.78756507132863,
    "lower_bound": 222.62449720779475,
    "unit": "ns",
    "upper_bound": 222.89794433576992
  },
  "throughput": [],
  "slope": {
    "estimate": 222.9738002607752,
    "lower_bound": 222.81362872096088,
    "unit": "ns",
    "upper_bound": 223.14933798987528
  },
  "change": {
    "change": "Improved",
    "mean": {
      "estimate": -0.033874419844060255,
      "lower_bound": -0.03651467259883718,
      "unit": "%",
      "upper_bound": -0.03136843280165363
    },
    "median": {
      "estimate": -0.027587374388614583,
      "lower_bound": -0.029871365826764085,
      "unit": "%",
      "upper_bound": -0.026793265375483655
    }
  }
}