{
  "mean": {
    "estimate": 1682927278.8174205,
    "lower_bound": 1666323102.985119,
    "unit": "ns",
    "upper_bound": 1705925106.2233334
  },
  "unit": "ns",
  "iteration_count": [
    1,
    2,
    3,
    4,
    5,
    6,
    7,
    8,
    9,
    10
  ],
  "change": {
    "change": "NoChange",
    "mean": {
      "estimate": 0.003996954302177835,
      "lower_bound": -0.010200217547305086,
      "unit": "%",
      "upper_bound": 0.01968134883234291
    },
    "median": {
      "estimate": 0.0031191624566719867,
      "lower_bound": -0.019760628291144333,
      "unit": "%",
      "upper_bound": 0.017475818670571464
    }
  },
  "median": {
    "estimate": 1673291114.1190476,
    "lower_bound": 1661993008.2,
    "unit": "ns",
    "upper_bound": 1691909458.3333333
  },
  "measured_values": [
    1771678500.0,
    3405138208.0,
    5075728375.0,
    6702280209.0,
    8309965041.0,
    10027651834.0,
    11727148458.0,
    13285697375.0,
    14994399625.0,
    16522138625.0
  ],
  "median_abs_dev": {
    "estimate": 17700055.4890637,
    "lower_bound": 3183695.5857030456,
    "unit": "ns",
    "upper_bound": 36945365.08366183
  },
  "typical": {
    "estimate": 1664624930.3038962,
    "lower_bound": 1658406673.5714953,
    "unit": "ns",
    "upper_bound": 1673686772.3437126
  },
  "report_directory": "/Volumes/Files/_ranim/ranim-bench/ranim/target/criterion/reports/render/static_squares/20",
  "throughput": [],
  "slope": {
    "estimate": 1664624930.3038962,
    "lower_bound": 1658406673.5714953,
    "unit": "ns",
    "upper_bound": 1673686772.3437126
  }
}