{
  "measured_values": [
    1020708.0,
    2097875.0,
    2768000.0,
    3920000.0,
    4872750.0,
    5848958.0,
    6885500.0,
    7913834.0,
    8841083.0,
    9734792.0,
    10867167.0,
    11927000.0,
    12948542.0,
    13955958.0,
    14802459.0,
    15861292.0,
    16835333.0,
    17888542.0,
    18721166.0,
    19796167.0,
    21023125.0,
    21827125.0,
    22941167.0,
    23947583.0,
    24410792.0,
    25326875.0,
    26600792.0,
    27809417.0,
    28631875.0,
    29770417.0,
    30731791.0,
    31380334.0,
    32603459.0,
    33493042.0,
    34844834.0,
    35606375.0,
    36760375.0,
    37754750.0,
    38650750.0,
    39704042.0,
    40481666.0,
    41097500.0,
    42484750.0,
    43472041.0,
    44375500.0,
    45350875.0,
    46573792.0,
    47829000.0,
    48736125.0,
    49713084.0,
    50882958.0,
    51621958.0,
    52409333.0,
    53163166.0,
    54872000.0,
    55370166.0,
    56275000.0,
    57228292.0,
    57997125.0,
    59301834.0,
    60975167.0,
    61633625.0,
    62816458.0,
    63098291.0,
    64420125.0,
    65559667.0,
    66414875.0,
    67305334.0,
    68815375.0,
    69146458.0,
    70326875.0,
    70896000.0,
    72483375.0,
    75030084.0,
    74198041.0,
    75011583.0,
    75847667.0,
    77813459.0,
    78309792.0,
    79329167.0,
    80429042.0,
    81554667.0,
    82612500.0,
    83415875.0,
    84026791.0,
    85802500.0,
    86446750.0,
    86678584.0,
    86902084.0,
    87440292.0,
    88501458.0,
    89777334.0,
    91204625.0,
    92910916.0,
    93054458.0,
    94603750.0,
    95577250.0,
    96197875.0,
    97752875.0,
    97520375.0
  ],
  "throughput": [],
  "mean": {
    "estimate": 521.6120979708169,
    "lower_bound": 520.3764509186362,
    "unit": "ns",
    "upper_bound": 522.8338310038777
  },
  "iteration_count": [
    1896,
    3792,
    5688,
    7584,
    9480,
    11376,
    13272,
    15168,
    17064,
    18960,
    20856,
    22752,
    24648,
    26544,
    28440,
    30336,
    32232,
    34128,
    36024,
    37920,
    39816,
    41712,
    43608,
    45504,
    47400,
    49296,
    51192,
    53088,
    54984,
    56880,
    58776,
    60672,
    62568,
    64464,
    66360,
    68256,
    70152,
    72048,
    73944,
    75840,
    77736,
    79632,
    81528,
    83424,
    85320,
    87216,
    89112,
    91008,
    92904,
    94800,
    96696,
    98592,
    100488,
    102384,
    104280,
    106176,
    108072,
    109968,
    111864,
    113760,
    115656,
    117552,
    119448,
    121344,
    123240,
    125136,
    127032,
    128928,
    130824,
    132720,
    134616,
    136512,
    138408,
    140304,
    142200,
    144096,
    145992,
    147888,
    149784,
    151680,
    153576,
    155472,
    157368,
    159264,
    161160,
    163056,
    164952,
    166848,
    168744,
    170640,
    172536,
    174432,
    176328,
    178224,
    180120,
    182016,
    183912,
    185808,
    187704,
    189600
  ],
  "report_directory": "/Volumes/Files/_ranim/ranim-bench/ranim/target/criterion/reports/extract/circle",
  "slope": {
    "estimate": 521.0661017727505,
    "lower_bound": 519.9639633333826,
    "unit": "ns",
    "upper_bound": 522.2176640190901
  },
  "change": {
    "change": "NoChange",
    "mean": {
      "estimate": -0.004552632239166465,
      "lower_bound": -0.007632847502724013,
      "unit": "%",
      "upper_bound": -0.001456709121597186
    },
    "median": {
      "estimate": -0.004162488418809063,
      "lower_bound": -0.007533599455402218,
      "unit": "%",
      "upper_bound": -0.0007642632144654327
    }
  },
  "median_abs_dev": {
    "estimate": 3.2624936105678546,
    "lower_bound": 2.604445615731171,
    "unit": "ns",
    "upper_bound": 4.305644535458755
  },
  "typical": {
    "estimate": 521.0661017727505,
    "lower_bound": 519.9639633333826,
    "unit": "ns",
    "upper_bound": 522.2176640190901
  },
  "median": {
    "estimate": 521.7023265353962,
    "lower_bound": 521.0417059382248,
    "unit": "ns",
    "upper_bound": 522.8181381188912
  },
  "unit": "ns"
}