{
  "median": {
    "estimate": 362.2809350364235,
    "lower_bound": 361.7634350841955,
    "unit": "ns",
    "upper_bound": 362.8005599094614
  },
  "change": {
    "change": "Improved",
    "mean": {
      "estimate": -0.026275127972737455,
      "lower_bound": -0.029038162871108567,
      "unit": "%",
      "upper_bound": -0.023344642800144807
    },
    "median": {
      "estimate": -0.025183741083627087,
      "lower_bound": -0.027544640211992988,
      "unit": "%",
      "upper_bound": -0.023131371029020624
    }
  },
  "slope": {
    "estimate": 362.278156273874,
    "lower_bound": 361.4175226082755,
    "unit": "ns",
    "upper_bound": 363.17435425208737
  },
  "measured_values": [
    1030417.0,
    1997625.0,
    3000500.0,
    3964041.0,
    4928416.0,
    6058625.0,
    6986583.0,
    7934291.0,
    8986791.0,
    9901291.0,
    10576791.0,
    11694583.0,
    12929291.0,
    13803083.0,
    14793583.0,
    15545083.0,
    16767167.0,
    17812125.0,
    18600416.0,
    19783334.0,
    20757000.0,
    21748000.0,
    22597250.0,
    23460375.0,
    24431583.0,
    26136750.0,
    27233458.0,
    28084625.0,
    28906709.0,
    29922917.0,
    30894000.0,
    31786292.0,
    32733833.0,
    33641667.0,
    34235917.0,
    35507625.0,
    36261625.0,
    37632625.0,
    38345917.0,
    39423917.0,
    40636125.0,
    42542375.0,
    42635959.0,
    44340209.0,
    45119875.0,
    45722125.0,
    46468875.0,
    47697667.0,
    48750458.0,
    49499208.0,
    50483000.0,
    50957708.0,
    53026542.0,
    53951125.0,
    54455417.0,
    55386458.0,
    55727250.0,
    57001708.0,
    58374792.0,
    59466708.0,
    60219167.0,
    61672917.0,
    62398625.0,
    62813292.0,
    65054625.0,
    65485334.0,
    66666000.0,
    67498667.0,
    68391667.0,
    69760750.0,
    69742500.0,
    71312959.0,
    70725417.0,
    73025542.0,
    74210042.0,
    75079166.0,
    77197667.0,
    77350916.0,
    78028708.0,
    78528208.0,
    80454583.0,
    80677958.0,
    83246750.0,
    83663542.0,
    84199042.0,
    84632583.0,
    87311208.0,
    85814500.0,
    89824750.0,
    90007667.0,
    89444709.0,
    90881958.0,
    91247375.0,
    92372083.0,
    93740084.0,
    94037292.0,
    94787208.0,
    96798625.0,
    98813750.0,
    100434791.0
  ],
  "median_abs_dev": {
    "estimate": 3.322763133919485,
    "lower_bound": 2.121946078665833,
    "unit": "ns",
    "upper_bound": 4.155903479034867
  },
  "iteration_count": [
    2733,
    5466,
    8199,
    10932,
    13665,
    16398,
    19131,
    21864,
    24597,
    27330,
    30063,
    32796,
    35529,
    38262,
    40995,
    43728,
    46461,
    49194,
    51927,
    54660,
    57393,
    60126,
    62859,
    65592,
    68325,
    71058,
    73791,
    76524,
    79257,
    81990,
    84723,
    87456,
    90189,
    92922,
    95655,
    98388,
    101121,
    103854,
    106587,
    109320,
    112053,
    114786,
    117519,
    120252,
    122985,
    125718,
    128451,
    131184,
    133917,
    136650,
    139383,
    142116,
    144849,
    147582,
    150315,
    153048,
    155781,
    158514,
    161247,
    163980,
    166713,
    169446,
    172179,
    174912,
    177645,
    180378,
    183111,
    185844,
    188577,
    191310,
    194043,
    196776,
    199509,
    202242,
    204975,
    207708,
    210441,
    213174,
    215907,
    218640,
    221373,
    224106,
    226839,
    229572,
    232305,
    235038,
    237771,
    240504,
    243237,
    245970,
    248703,
    251436,
    254169,
    256902,
    259635,
    262368,
    265101,
    267834,
    270567,
    273300
  ],
  "mean": {
    "estimate": 362.4905650524449,
    "lower_bound": 361.7834116860503,
    "unit": "ns",
    "upper_bound": 363.21787390129714
  },
  "throughput": [],
  "report_directory": "/Volumes/Files/_ranim/ranim-bench/ranim/target/criterion/reports/extract/square",
  "typical": {
    "estimate": 362.278156273874,
    "lower_bound": 361.4175226082755,
    "unit": "ns",
    "upper_bound": 363.17435425208737
  },
  "unit": "ns"
}