{
  "report_directory": "/home/user/workspaces/ranim-bench/ranim/target/criterion/reports/extract/arc",
  "iteration_count": [
    2439,
    4878,
    7317,
    9756,
    12195,
    14634,
    17073,
    19512,
    21951,
    24390,
    26829,
    29268,
    31707,
    34146,
    36585,
    39024,
    41463,
    43902,
    46341,
    48780,
    51219,
    53658,
    56097,
    58536,
    60975,
    63414,
    65853,
    68292,
    70731,
    73170,
    75609,
    78048,
    80487,
    82926,
    85365,
    87804,
    90243,
    92682,
    95121,
    97560,
    99999,
    102438,
    104877,
    107316,
    109755,
    112194,
    114633,
    117072,
    119511,
    121950,
    124389,
    126828,
    129267,
    131706,
    134145,
    136584,
    139023,
    141462,
    143901,
    146340,
    148779,
    151218,
    153657,
    156096,
    158535,
    160974,
    163413,
    165852,
    168291,
    170730,
    173169,
    175608,
    178047,
    180486,
    182925,
    185364,
    187803,
    190242,
    192681,
    195120,
    197559,
    199998,
    202437,
    204876,
    207315,
    209754,
    212193,
    214632,
    217071,
    219510,
    221949,
    224388,
    226827,
    229266,
    231705,
    234144,
    236583,
    239022,
    241461,
    243900
  ],
  "slope": {
    "estimate": 408.728351529651,
    "lower_bound": 407.4234941621491,
    "unit": "ns",
    "upper_bound": 410.14909104164184
  },
  "typical": {
    "estimate": 408.728351529651,
    "lower_bound": 407.4234941621491,
    "unit": "ns",
    "upper_bound": 410.14909104164184
  },
  "mean": {
    "estimate": 406.77017735680545,
    "lower_bound": 405.54802880553507,
    "unit": "ns",
    "upper_bound": 408.0689779871612
  },
  "measured_values": [
    975625.0,
    1957302.0,
    2960198.0,
    3918280.0,
    4897603.0,
    5869501.0,
    6905920.0,
    7834707.0,
    8824590.0,
    9797310.0,
    10795388.0,
    11790649.0,
    12736870.0,
    13698458.0,
    14700703.0,
    15678272.0,
    16662624.0,
    17659760.0,
    18588657.0,
    19580734.0,
    20568511.0,
    21557101.0,
    22520253.0,
    23557163.0,
    24467255.0,
    25474160.0,
    26497183.0,
    27445277.0,
    28387199.0,
    29320545.0,
    30334011.0,
    31375441.0,
    32327130.0,
    33420427.0,
    34413364.0,
    35378740.0,
    36433244.0,
    37398520.0,
    38357323.0,
    39405685.0,
    40457354.0,
    41394507.0,
    42270986.0,
    43248846.0,
    44291166.0,
    45287370.0,
    46176202.0,
    47159993.0,
    48258388.0,
    51089093.0,
    52195334.0,
    53108642.0,
    54175549.0,
    55174859.0,
    56189377.0,
    57216711.0,
    58205289.0,
    59249354.0,
    60274192.0,
    61777058.0,
    62798429.0,
    63778162.0,
    64776231.0,
    65807139.0,
    66858807.0,
    65338268.0,
    66422427.0,
    67533447.0,
    68422389.0,
    69392243.0,
    70330398.0,
    71356908.0,
    72314811.0,
    73342183.0,
    74509239.0,
    75399744.0,
    76286162.0,
    77331708.0,
    78247080.0,
    79405058.0,
    80353412.0,
    81170900.0,
    82056666.0,
    83056597.0,
    84019739.0,
    84987299.0,
    86070316.0,
    87177109.0,
    88054769.0,
    89036496.0,
    89945857.0,
    90994880.0,
    92087725.0,
    93040939.0,
    93974975.0,
    94937376.0,
    96091838.0,
    99482646.0,
    100483128.0,
    101428737.0
  ],
  "throughput": [],
  "median_abs_dev": {
    "estimate": 3.5463806021218653,
    "lower_bound": 2.6972811985105754,
    "unit": "ns",
    "upper_bound": 5.270687501386822
  },
  "median": {
    "estimate": 405.2153378363582,
    "lower_bound": 403.5457701243679,
    "unit": "ns",
    "upper_bound": 405.7218533037617
  },
  "change": {
    "change": "Regressed",
    "mean": {
      "estimate": 0.31234860023345346,
      "lower_bound": 0.3082715451632784,
      "unit": "%",
      "upper_bound": 0.31664242934045195
    },
    "median": {
      "estimate": 0.3068139390764206,
      "lower_bound": 0.3013557712464019,
      "unit": "%",
      "upper_bound": 0.3089158133159242
    }
  },
  "unit": "ns"
}