{
  "throughput": [],
  "change": {
    "change": "Regressed",
    "mean": {
      "estimate": 0.39618757902854607,
      "lower_bound": 0.393559485677085,
      "unit": "%",
      "upper_bound": 0.3989257963746311
    },
    "median": {
      "estimate": 0.3904283553622183,
      "lower_bound": 0.38751111526708226,
      "unit": "%",
      "upper_bound": 0.3944418997426809
    }
  },
  "slope": {
    "estimate": 468.40477885995034,
    "lower_bound": 467.99697889812273,
    "unit": "ns",
    "upper_bound": 468.8447352789922
  },
  "unit": "ns",
  "typical": {
    "estimate": 468.40477885995034,
    "lower_bound": 467.99697889812273,
    "unit": "ns",
    "upper_bound": 468.8447352789922
  },
  "report_directory": "/home/user/workspaces/ranim-bench/ranim/target/criterion/reports/extract/circle",
  "iteration_count": [
    2131,
    4262,
    6393,
    8524,
    10655,
    12786,
    14917,
    17048,
    19179,
    21310,
    23441,
    25572,
    27703,
    29834,
    31965,
    34096,
    36227,
    38358,
    40489,
    42620,
    44751,
    46882,
    49013,
    51144,
    53275,
    55406,
    57537,
    59668,
    61799,
    63930,
    66061,
    68192,
    70323,
    72454,
    74585,
    76716,
    78847,
    80978,
    83109,
    85240,
    87371,
    89502,
    91633,
    93764,
    95895,
    98026,
    100157,
    102288,
    104419,
    106550,
    108681,
    110812,
    112943,
    115074,
    117205,
    119336,
    121467,
    123598,
    125729,
    127860,
    129991,
    132122,
    134253,
    136384,
    138515,
    140646,
    142777,
    144908,
    147039,
    149170,
    151301,
    153432,
    155563,
    157694,
    159825,
    161956,
    164087,
    166218,
    168349,
    170480,
    172611,
    174742,
    176873,
    179004,
    181135,
    183266,
    185397,
    187528,
    189659,
    191790,
    193921,
    196052,
    198183,
    200314,
    202445,
    204576,
    206707,
    208838,
    210969,
    213100
  ],
  "median_abs_dev": {
    "estimate": 2.8227052953638734,
    "lower_bound": 2.2231060154784235,
    "unit": "ns",
    "upper_bound": 3.9783407921273586
  },
  "measured_values": [
    1029006.0,
    2032904.0,
    3053544.0,
    4083602.0,
    5091799.0,
    6101898.0,
    7120755.0,
    8135183.0,
    9151765.0,
    10177064.0,
    11213363.0,
    12225367.0,
    13221340.0,
    14242261.0,
    15244015.0,
    16261079.0,
    17273443.0,
    18007845.0,
    19007675.0,
    20012676.0,
    21011976.0,
    22114510.0,
    23108800.0,
    24125112.0,
    25053268.0,
    26052538.0,
    27030137.0,
    28025389.0,
    29072929.0,
    30053023.0,
    31041333.0,
    32044148.0,
    33022008.0,
    33734217.0,
    34778032.0,
    35746443.0,
    36724212.0,
    37709495.0,
    38788195.0,
    39794989.0,
    40723906.0,
    41702367.0,
    42679405.0,
    43725583.0,
    44673926.0,
    45679949.0,
    46658590.0,
    47689148.0,
    48658021.0,
    49869681.0,
    50808115.0,
    51821511.0,
    52722216.0,
    53737175.0,
    54806126.0,
    55703935.0,
    56693336.0,
    57719837.0,
    58721071.0,
    59792326.0,
    60723888.0,
    61676149.0,
    62665129.0,
    63726586.0,
    64653891.0,
    66194910.0,
    67317291.0,
    68432930.0,
    69260587.0,
    70260908.0,
    71190227.0,
    72255019.0,
    73250992.0,
    74316146.0,
    75335925.0,
    76227943.0,
    77281986.0,
    78239016.0,
    79280886.0,
    80236073.0,
    81405873.0,
    81746293.0,
    82711889.0,
    83814303.0,
    84661317.0,
    85669594.0,
    86730199.0,
    87724589.0,
    88629842.0,
    89640584.0,
    90619414.0,
    91779496.0,
    92934579.0,
    93682317.0,
    94647662.0,
    95666789.0,
    96566091.0,
    97644840.0,
    98505429.0,
    99456488.0
  ],
  "mean": {
    "estimate": 469.98242485212376,
    "lower_bound": 469.2192608217264,
    "unit": "ns",
    "upper_bound": 470.7889529164634
  },
  "median": {
    "estimate": 468.5795095766466,
    "lower_bound": 467.6344683638354,
    "unit": "ns",
    "upper_bound": 469.9907920961939
  }
}