{
  "slope": {
    "estimate": 278.7002578611604,
    "lower_bound": 278.34274161342955,
    "unit": "ns",
    "upper_bound": 279.06383631339196
  },
  "report_directory": "/home/user/workspaces/ranim-bench/ranim/target/criterion/reports/extract/square",
  "median": {
    "estimate": 279.6840336474546,
    "lower_bound": 278.3877437721103,
    "unit": "ns",
    "upper_bound": 279.9764568706472
  },
  "typical": {
    "estimate": 278.7002578611604,
    "lower_bound": 278.34274161342955,
    "unit": "ns",
    "upper_bound": 279.06383631339196
  },
  "unit": "ns",
  "mean": {
    "estimate": 278.8162772165844,
    "lower_bound": 278.35685535651413,
    "unit": "ns",
    "upper_bound": 279.2585499660853
  },
  "measured_values": [
    1029326.0,
    2021293.0,
    3031803.0,
    4046472.0,
    5065990.0,
    6102891.0,
    7092462.0,
    8201789.0,
    9210957.0,
    10164922.0,
    11167017.0,
    12144906.0,
    13214559.0,
    14171919.0,
    15199933.0,
    16222837.0,
    17206908.0,
    18429439.0,
    19430982.0,
    20518147.0,
    21537385.0,
    22513381.0,
    23531717.0,
    24594285.0,
    25554462.0,
    26626689.0,
    27714645.0,
    28683077.0,
    29739464.0,
    30728304.0,
    31781055.0,
    32785183.0,
    33882016.0,
    33976024.0,
    34995662.0,
    35964224.0,
    36943095.0,
    37979676.0,
    38927347.0,
    39915807.0,
    40940655.0,
    41933192.0,
    42960384.0,
    43952982.0,
    44984182.0,
    46030600.0,
    47119779.0,
    48209328.0,
    49243243.0,
    51097933.0,
    52144941.0,
    53154471.0,
    54229583.0,
    55213093.0,
    56185533.0,
    57320809.0,
    58269553.0,
    59233326.0,
    60403727.0,
    61442742.0,
    62273124.0,
    63330303.0,
    64333279.0,
    65500004.0,
    66416048.0,
    67302405.0,
    68331591.0,
    69277501.0,
    70311135.0,
    71410212.0,
    72416705.0,
    73442446.0,
    74509653.0,
    75418122.0,
    76530555.0,
    77476935.0,
    78480432.0,
    79481305.0,
    80587065.0,
    81576367.0,
    82586797.0,
    82980147.0,
    84141632.0,
    85244256.0,
    86157774.0,
    87244178.0,
    88209604.0,
    89305656.0,
    90260823.0,
    91337358.0,
    92177168.0,
    93301263.0,
    94214670.0,
    95248395.0,
    96270358.0,
    97275077.0,
    98260031.0,
    98740694.0,
    99717802.0,
    100789648.0
  ],
  "throughput": [],
  "median_abs_dev": {
    "estimate": 2.0940956651926608,
    "lower_bound": 1.694732930335916,
    "unit": "ns",
    "upper_bound": 2.9573437146620942
  },
  "iteration_count": [
    3643,
    7286,
    10929,
    14572,
    18215,
    21858,
    25501,
    29144,
    32787,
    36430,
    40073,
    43716,
    47359,
    51002,
    54645,
    58288,
    61931,
    65574,
    69217,
    72860,
    76503,
    80146,
    83789,
    87432,
    91075,
    94718,
    98361,
    102004,
    105647,
    109290,
    112933,
    116576,
    120219,
    123862,
    127505,
    131148,
    134791,
    138434,
    142077,
    145720,
    149363,
    153006,
    156649,
    160292,
    163935,
    167578,
    171221,
    174864,
    178507,
    182150,
    185793,
    189436,
    193079,
    196722,
    200365,
    204008,
    207651,
    211294,
    214937,
    218580,
    222223,
    225866,
    229509,
    233152,
    236795,
    240438,
    244081,
    247724,
    251367,
    255010,
    258653,
    262296,
    265939,
    269582,
    273225,
    276868,
    280511,
    284154,
    287797,
    291440,
    295083,
    298726,
    302369,
    306012,
    309655,
    313298,
    316941,
    320584,
    324227,
    327870,
    331513,
    335156,
    338799,
    342442,
    346085,
    349728,
    353371,
    357014,
    360657,
    364300
  ],
  "change": {
    "change": "Regressed",
    "mean": {
      "estimate": 0.3386765489559058,
      "lower_bound": 0.3359329137948982,
      "unit": "%",
      "upper_bound": 0.34171339312690596
    },
    "median": {
      "estimate": 0.34606282086024076,
      "lower_bound": 0.33998857078199807,
      "unit": "%",
      "upper_bound": 0.3478165666936561
    }
  }
}