{
  "measured_values": [
    101187900.0,
    99177400.0,
    100303500.0,
    98880500.0,
    100068500.0,
    101083000.0,
    101143900.0,
    103907700.0,
    101688500.0,
    104805300.0,
    100357600.0,
    99093200.0,
    100021900.0,
    98678300.0,
    101022600.0,
    95937400.0,
    98137500.0,
    106118900.0,
    96559300.0,
    97066600.0,
    98886900.0,
    99226400.0,
    99416300.0,
    98238700.0,
    98264800.0,
    99379400.0,
    95812800.0,
    97726100.0,
    95900300.0,
    96167100.0,
    99185900.0,
    101116300.0,
    98586400.0,
    99531800.0,
    98424700.0,
    97739800.0,
    98384500.0,
    96728000.0,
    96986100.0,
    98010600.0,
    100597000.0,
    97671400.0,
    96492900.0,
    97592500.0,
    96553800.0,
    99570100.0,
    97178600.0,
    98216100.0,
    96296200.0,
    95441600.0
  ],
  "throughput": [],
  "typical": {
    "estimate": 5817132.470588234,
    "lower_bound": 5781898.497058824,
    "unit": "ns",
    "upper_bound": 5854822.423529407
  },
  "slope": null,
  "report_directory": "E:\\_ranim\\ranim-bench\\ranim\\target\\criterion\\reports\\gpu_render\\submit\\400",
  "iteration_count": [
    17,
    17,
    17,
    17,
    17,
    17,
    17,
    17,
    17,
    17,
    17,
    17,
    17,
    17,
    17,
    17,
    17,
    17,
    17,
    17,
    17,
    17,
    17,
    17,
    17,
    17,
    17,
    17,
    17,
    17,
    17,
    17,
    17,
    17,
    17,
    17,
    17,
    17,
    17,
    17,
    17,
    17,
    17,
    17,
    17,
    17,
    17,
    17,
    17,
    17
  ],
  "unit": "ns",
  "median": {
    "estimate": 5801902.94117647,
    "lower_bound": 5771373.529411765,
    "unit": "ns",
    "upper_bound": 5840155.882352941
  },
  "change": null,
  "median_abs_dev": {
    "estimate": 126016.6371745225,
    "lower_bound": 74823.3322010322,
    "unit": "ns",
    "upper_bound": 168724.23759278096
  },
  "mean": {
    "estimate": 5817132.470588234,
    "lower_bound": 5781898.497058824,
    "unit": "ns",
    "upper_bound": 5854822.423529407
  }
}