{
  "change": {
    "change": "Regressed",
    "mean": {
      "estimate": 0.021299222417861863,
      "lower_bound": 0.012720078146980285,
      "unit": "%",
      "upper_bound": 0.029845431451063765
    },
    "median": {
      "estimate": 0.01804883608450147,
      "lower_bound": 0.011268038158938731,
      "unit": "%",
      "upper_bound": 0.03099538496234966
    }
  },
  "unit": "ns",
  "report_directory": "E:\\_ranim\\ranim-bench\\ranim\\target\\criterion\\reports\\extract\\polygon\\5",
  "typical": {
    "estimate": 802.9063350605643,
    "lower_bound": 797.6098438125251,
    "unit": "ns",
    "upper_bound": 808.0663174180783
  },
  "iteration_count": [
    1240,
    2480,
    3720,
    4960,
    6200,
    7440,
    8680,
    9920,
    11160,
    12400,
    13640,
    14880,
    16120,
    17360,
    18600,
    19840,
    21080,
    22320,
    23560,
    24800,
    26040,
    27280,
    28520,
    29760,
    31000,
    32240,
    33480,
    34720,
    35960,
    37200,
    38440,
    39680,
    40920,
    42160,
    43400,
    44640,
    45880,
    47120,
    48360,
    49600,
    50840,
    52080,
    53320,
    54560,
    55800,
    57040,
    58280,
    59520,
    60760,
    62000,
    63240,
    64480,
    65720,
    66960,
    68200,
    69440,
    70680,
    71920,
    73160,
    74400,
    75640,
    76880,
    78120,
    79360,
    80600,
    81840,
    83080,
    84320,
    85560,
    86800,
    88040,
    89280,
    90520,
    91760,
    93000,
    94240,
    95480,
    96720,
    97960,
    99200,
    100440,
    101680,
    102920,
    104160,
    105400,
    106640,
    107880,
    109120,
    110360,
    111600,
    112840,
    114080,
    115320,
    116560,
    117800,
    119040,
    120280,
    121520,
    122760,
    124000
  ],
  "slope": {
    "estimate": 802.9063350605643,
    "lower_bound": 797.6098438125251,
    "unit": "ns",
    "upper_bound": 808.0663174180783
  },
  "throughput": [],
  "mean": {
    "estimate": 798.3871775825588,
    "lower_bound": 793.6238266147603,
    "unit": "ns",
    "upper_bound": 803.4946486171153
  },
  "measured_values": [
    1043600.0,
    1933500.0,
    2873200.0,
    4047500.0,
    4939400.0,
    5916700.0,
    6714800.0,
    7751700.0,
    8608500.0,
    9693700.0,
    10575800.0,
    11423000.0,
    12540200.0,
    13491500.0,
    14556600.0,
    16162800.0,
    16769700.0,
    19157200.0,
    18150200.0,
    19165000.0,
    20284800.0,
    21128500.0,
    22814500.0,
    23119000.0,
    24345600.0,
    26798900.0,
    28483000.0,
    28752700.0,
    30192200.0,
    29929100.0,
    29911400.0,
    30769300.0,
    33128700.0,
    38506900.0,
    34037500.0,
    35274200.0,
    35439200.0,
    36998300.0,
    38118500.0,
    38352300.0,
    39776400.0,
    42959500.0,
    41238000.0,
    43037700.0,
    46459500.0,
    45866800.0,
    46897400.0,
    47192800.0,
    47041200.0,
    50533900.0,
    50618000.0,
    50517100.0,
    51118600.0,
    52943100.0,
    53238700.0,
    54617200.0,
    62408600.0,
    56810000.0,
    57119400.0,
    58112400.0,
    58694700.0,
    60610600.0,
    63160000.0,
    62876400.0,
    64486800.0,
    64001700.0,
    65124500.0,
    65979500.0,
    69429200.0,
    68051400.0,
    68707900.0,
    72062200.0,
    73429800.0,
    74084500.0,
    72482600.0,
    74271200.0,
    74559800.0,
    76434200.0,
    76010500.0,
    77895400.0,
    79175800.0,
    79874600.0,
    80385900.0,
    85145100.0,
    84076000.0,
    90911700.0,
    88729900.0,
    87933500.0,
    86731400.0,
    90189700.0,
    91679500.0,
    92187000.0,
    96356600.0,
    95878000.0,
    96218900.0,
    99006300.0,
    96716600.0,
    100133900.0,
    100379100.0,
    101239000.0
  ],
  "median": {
    "estimate": 789.3598000303368,
    "lower_bound": 785.2358870967741,
    "unit": "ns",
    "upper_bound": 797.7369853972444
  },
  "median_abs_dev": {
    "estimate": 20.274226571249628,
    "lower_bound": 13.413999761853884,
    "unit": "ns",
    "upper_bound": 25.654061036484823
  }
}