{
  "report_directory": "E:\\_ranim\\ranim-bench\\ranim\\target\\criterion\\reports\\extract\\polygon\\10",
  "change": {
    "change": "NoChange",
    "mean": {
      "estimate": -0.015727591508130745,
      "lower_bound": -0.0260549325045263,
      "unit": "%",
      "upper_bound": -0.003992098029760334
    },
    "median": {
      "estimate": -0.0183448940234735,
      "lower_bound": -0.02636886730945731,
      "unit": "%",
      "upper_bound": -0.011301974619866706
    }
  },
  "throughput": [],
  "typical": {
    "estimate": 957.1305456413849,
    "lower_bound": 949.2874058340474,
    "unit": "ns",
    "upper_bound": 968.3413814301272
  },
  "median": {
    "estimate": 947.2673994968484,
    "lower_bound": 941.3768036927996,
    "unit": "ns",
    "upper_bound": 952.5118636320864
  },
  "unit": "ns",
  "median_abs_dev": {
    "estimate": 16.57049856233218,
    "lower_bound": 10.966524326249468,
    "unit": "ns",
    "upper_bound": 22.975267869830542
  },
  "mean": {
    "estimate": 959.528194980589,
    "lower_bound": 952.0589633947908,
    "unit": "ns",
    "upper_bound": 968.5636330820556
  },
  "measured_values": [
    949500.0,
    1902100.0,
    3429700.0,
    4974700.0,
    4862200.0,
    5713900.0,
    6672900.0,
    7755500.0,
    9486100.0,
    9688800.0,
    10554900.0,
    11449300.0,
    12358100.0,
    14171300.0,
    14280500.0,
    15388400.0,
    16368800.0,
    19313700.0,
    18083900.0,
    19038600.0,
    21191400.0,
    21079100.0,
    22163800.0,
    23977100.0,
    24727400.0,
    25047100.0,
    25900100.0,
    28374300.0,
    27817700.0,
    28758500.0,
    29622800.0,
    30847400.0,
    32215200.0,
    32938400.0,
    33551700.0,
    34188600.0,
    35409400.0,
    36171100.0,
    37221700.0,
    38161200.0,
    41109300.0,
    41813200.0,
    42402500.0,
    41992000.0,
    42808500.0,
    44028800.0,
    45075600.0,
    46116400.0,
    49328800.0,
    50155000.0,
    51921500.0,
    49456600.0,
    50661400.0,
    52459300.0,
    52238900.0,
    54144100.0,
    54655000.0,
    57287200.0,
    57611100.0,
    58256800.0,
    58177100.0,
    60315400.0,
    62635900.0,
    62280800.0,
    61951300.0,
    65820100.0,
    63862500.0,
    67288200.0,
    67334900.0,
    68546500.0,
    70496000.0,
    70469700.0,
    70854500.0,
    72706400.0,
    71565000.0,
    74826100.0,
    75102800.0,
    75240800.0,
    77456100.0,
    76110500.0,
    77948100.0,
    80624300.0,
    79089800.0,
    81290000.0,
    80928600.0,
    81919500.0,
    89675300.0,
    88259200.0,
    85210600.0,
    86257000.0,
    89337200.0,
    106365500.0,
    90134200.0,
    90795100.0,
    90743000.0,
    91622500.0,
    92569000.0,
    94677400.0,
    96315700.0,
    96764300.0
  ],
  "slope": {
    "estimate": 957.1305456413849,
    "lower_bound": 949.2874058340474,
    "unit": "ns",
    "upper_bound": 968.3413814301272
  },
  "iteration_count": [
    1019,
    2038,
    3057,
    4076,
    5095,
    6114,
    7133,
    8152,
    9171,
    10190,
    11209,
    12228,
    13247,
    14266,
    15285,
    16304,
    17323,
    18342,
    19361,
    20380,
    21399,
    22418,
    23437,
    24456,
    25475,
    26494,
    27513,
    28532,
    29551,
    30570,
    31589,
    32608,
    33627,
    34646,
    35665,
    36684,
    37703,
    38722,
    39741,
    40760,
    41779,
    42798,
    43817,
    44836,
    45855,
    46874,
    47893,
    48912,
    49931,
    50950,
    51969,
    52988,
    54007,
    55026,
    56045,
    57064,
    58083,
    59102,
    60121,
    61140,
    62159,
    63178,
    64197,
    65216,
    66235,
    67254,
    68273,
    69292,
    70311,
    71330,
    72349,
    73368,
    74387,
    75406,
    76425,
    77444,
    78463,
    79482,
    80501,
    81520,
    82539,
    83558,
    84577,
    85596,
    86615,
    87634,
    88653,
    89672,
    90691,
    91710,
    92729,
    93748,
    94767,
    95786,
    96805,
    97824,
    98843,
    99862,
    100881,
    101900
  ]
}