{
  "iteration_count": [
    841,
    1682,
    2523,
    3364,
    4205,
    5046,
    5887,
    6728,
    7569,
    8410,
    9251,
    10092,
    10933,
    11774,
    12615,
    13456,
    14297,
    15138,
    15979,
    16820,
    17661,
    18502,
    19343,
    20184,
    21025,
    21866,
    22707,
    23548,
    24389,
    25230,
    26071,
    26912,
    27753,
    28594,
    29435,
    30276,
    31117,
    31958,
    32799,
    33640,
    34481,
    35322,
    36163,
    37004,
    37845,
    38686,
    39527,
    40368,
    41209,
    42050,
    42891,
    43732,
    44573,
    45414,
    46255,
    47096,
    47937,
    48778,
    49619,
    50460,
    51301,
    52142,
    52983,
    53824,
    54665,
    55506,
    56347,
    57188,
    58029,
    58870,
    59711,
    60552,
    61393,
    62234,
    63075,
    63916,
    64757,
    65598,
    66439,
    67280,
    68121,
    68962,
    69803,
    70644,
    71485,
    72326,
    73167,
    74008,
    74849,
    75690,
    76531,
    77372,
    78213,
    79054,
    79895,
    80736,
    81577,
    82418,
    83259,
    84100
  ],
  "report_directory": "E:\\_ranim\\ranim-bench\\ranim\\target\\criterion\\reports\\extract\\polygon\\20",
  "unit": "ns",
  "typical": {
    "estimate": 1191.7818963716168,
    "lower_bound": 1182.5567694115575,
    "unit": "ns",
    "upper_bound": 1203.019358170307
  },
  "slope": {
    "estimate": 1191.7818963716168,
    "lower_bound": 1182.5567694115575,
    "unit": "ns",
    "upper_bound": 1203.019358170307
  },
  "change": {
    "change": "NoChange",
    "mean": {
      "estimate": -0.014610462602589358,
      "lower_bound": -0.02800723012341566,
      "unit": "%",
      "upper_bound": -0.0014467199162300783
    },
    "median": {
      "estimate": -0.011723583654169034,
      "lower_bound": -0.02033060778950699,
      "unit": "%",
      "upper_bound": -0.004470784520669846
    }
  },
  "throughput": [],
  "measured_values": [
    969400.0,
    2069200.0,
    2985600.0,
    3898400.0,
    4841200.0,
    5886700.0,
    6838200.0,
    8221300.0,
    8700900.0,
    9916900.0,
    10685800.0,
    11632200.0,
    13163300.0,
    13775600.0,
    14643200.0,
    15506800.0,
    16436400.0,
    17579300.0,
    18563300.0,
    19657500.0,
    20380300.0,
    21742000.0,
    22423200.0,
    23268300.0,
    24337000.0,
    25610400.0,
    26428400.0,
    27360700.0,
    29360200.0,
    30527900.0,
    30537700.0,
    31316200.0,
    32240100.0,
    33785600.0,
    34919800.0,
    34990500.0,
    35872900.0,
    38012700.0,
    38344200.0,
    40125100.0,
    40471200.0,
    42031700.0,
    43033500.0,
    42984000.0,
    43777800.0,
    45257500.0,
    49555100.0,
    47748100.0,
    49052100.0,
    49037700.0,
    53785500.0,
    54577200.0,
    58436100.0,
    69119400.0,
    54843700.0,
    57641300.0,
    58182400.0,
    56667600.0,
    58538900.0,
    58349300.0,
    60389200.0,
    62699100.0,
    64344600.0,
    71745400.0,
    69833200.0,
    64875700.0,
    67245700.0,
    78187500.0,
    69591100.0,
    70883000.0,
    70586600.0,
    70399000.0,
    74513400.0,
    73198600.0,
    76320600.0,
    73925100.0,
    75469200.0,
    76794000.0,
    78403500.0,
    80402100.0,
    79754300.0,
    82866500.0,
    80819500.0,
    81995600.0,
    83547900.0,
    84730000.0,
    85261200.0,
    86034400.0,
    89452300.0,
    92133600.0,
    90114900.0,
    89404800.0,
    91767700.0,
    94242300.0,
    93055000.0,
    95260100.0,
    96907800.0,
    97965300.0,
    97140600.0,
    101566800.0
  ],
  "mean": {
    "estimate": 1188.3158583157074,
    "lower_bound": 1179.5462911360746,
    "unit": "ns",
    "upper_bound": 1198.9444171696075
  },
  "median": {
    "estimate": 1173.5148046313802,
    "lower_bound": 1168.8051742154,
    "unit": "ns",
    "upper_bound": 1181.5625655731972
  },
  "median_abs_dev": {
    "estimate": 22.844558577770982,
    "lower_bound": 15.900813805560572,
    "unit": "ns",
    "upper_bound": 29.6884552891712
  }
}