{
  "typical": {
    "estimate": 1623.9455407933265,
    "lower_bound": 1611.0289878981916,
    "unit": "ns",
    "upper_bound": 1640.250277945047
  },
  "iteration_count": [
    609,
    1218,
    1827,
    2436,
    3045,
    3654,
    4263,
    4872,
    5481,
    6090,
    6699,
    7308,
    7917,
    8526,
    9135,
    9744,
    10353,
    10962,
    11571,
    12180,
    12789,
    13398,
    14007,
    14616,
    15225,
    15834,
    16443,
    17052,
    17661,
    18270,
    18879,
    19488,
    20097,
    20706,
    21315,
    21924,
    22533,
    23142,
    23751,
    24360,
    24969,
    25578,
    26187,
    26796,
    27405,
    28014,
    28623,
    29232,
    29841,
    30450,
    31059,
    31668,
    32277,
    32886,
    33495,
    34104,
    34713,
    35322,
    35931,
    36540,
    37149,
    37758,
    38367,
    38976,
    39585,
    40194,
    40803,
    41412,
    42021,
    42630,
    43239,
    43848,
    44457,
    45066,
    45675,
    46284,
    46893,
    47502,
    48111,
    48720,
    49329,
    49938,
    50547,
    51156,
    51765,
    52374,
    52983,
    53592,
    54201,
    54810,
    55419,
    56028,
    56637,
    57246,
    57855,
    58464,
    59073,
    59682,
    60291,
    60900
  ],
  "measured_values": [
    993500.0,
    1924700.0,
    2989200.0,
    3858800.0,
    4779400.0,
    5828400.0,
    6853600.0,
    7705200.0,
    8816500.0,
    9699200.0,
    10532900.0,
    11936100.0,
    12745500.0,
    13982900.0,
    14865200.0,
    15564600.0,
    16357500.0,
    17514800.0,
    19281600.0,
    21502800.0,
    20384800.0,
    21255200.0,
    23139800.0,
    23830600.0,
    24197300.0,
    25096300.0,
    26183200.0,
    27335800.0,
    28088900.0,
    30445100.0,
    29833800.0,
    31007000.0,
    31786900.0,
    33228200.0,
    33833800.0,
    35512000.0,
    35756100.0,
    36709300.0,
    37443900.0,
    39725800.0,
    39730900.0,
    42463300.0,
    42457600.0,
    66218600.0,
    44622800.0,
    44836400.0,
    45618400.0,
    47172500.0,
    50975900.0,
    48456300.0,
    49036500.0,
    51846200.0,
    51332400.0,
    52069400.0,
    53921300.0,
    54085700.0,
    55099200.0,
    57372400.0,
    58320500.0,
    58256100.0,
    59899000.0,
    60610800.0,
    60966400.0,
    61933300.0,
    62940300.0,
    66239900.0,
    65270200.0,
    65404300.0,
    77207900.0,
    68360400.0,
    70965800.0,
    69779900.0,
    71761600.0,
    71955700.0,
    74307800.0,
    73395400.0,
    74472100.0,
    77383700.0,
    77545100.0,
    80354800.0,
    87281900.0,
    83755100.0,
    82794500.0,
    81528800.0,
    82818500.0,
    85367300.0,
    84990500.0,
    86600100.0,
    86846500.0,
    89151600.0,
    88279000.0,
    90553500.0,
    90383500.0,
    97709300.0,
    94254800.0,
    92762300.0,
    94296500.0,
    96809900.0,
    96742400.0,
    97560300.0
  ],
  "mean": {
    "estimate": 1623.0306366193513,
    "lower_bound": 1608.541821803006,
    "unit": "ns",
    "upper_bound": 1644.5745845120289
  },
  "throughput": [],
  "median_abs_dev": {
    "estimate": 24.225874851254087,
    "lower_bound": 15.835828336884822,
    "unit": "ns",
    "upper_bound": 31.109867568477476
  },
  "unit": "ns",
  "report_directory": "E:\\_ranim\\ranim-bench\\ranim\\target\\criterion\\reports\\extract\\polygon\\40",
  "median": {
    "estimate": 1602.694533838332,
    "lower_bound": 1595.6723037597549,
    "unit": "ns",
    "upper_bound": 1610.8134786790397
  },
  "slope": {
    "estimate": 1623.9455407933265,
    "lower_bound": 1611.0289878981916,
    "unit": "ns",
    "upper_bound": 1640.250277945047
  },
  "change": {
    "change": "NoChange",
    "mean": {
      "estimate": -0.007005599170819776,
      "lower_bound": -0.018038333624408556,
      "unit": "%",
      "upper_bound": 0.007470375486061756
    },
    "median": {
      "estimate": -0.01143806205901432,
      "lower_bound": -0.022166894170197127,
      "unit": "%",
      "upper_bound": -0.004894540033748366
    }
  }
}