{
  "mean": {
    "estimate": 336.61839706318904,
    "lower_bound": 336.4171889870808,
    "unit": "ns",
    "upper_bound": 336.81515386677825
  },
  "unit": "ns",
  "throughput": [],
  "median": {
    "estimate": 337.00370664159664,
    "lower_bound": 336.8577580686475,
    "unit": "ns",
    "upper_bound": 337.07517318419855
  },
  "change": {
    "change": "NoChange",
    "mean": {
      "estimate": -0.0005616536052327481,
      "lower_bound": -0.0017082058718763365,
      "unit": "%",
      "upper_bound": 0.0005808684868112978
    },
    "median": {
      "estimate": -0.0005216691871703372,
      "lower_bound": -0.0016724058339980675,
      "unit": "%",
      "upper_bound": 0.0013481534371557746
    }
  },
  "slope": {
    "estimate": 336.40743343116424,
    "lower_bound": 336.1581214229323,
    "unit": "ns",
    "upper_bound": 336.6682967809638
  },
  "median_abs_dev": {
    "estimate": 0.6335424232190403,
    "lower_bound": 0.3392541683574764,
    "unit": "ns",
    "upper_bound": 1.1214193530887282
  },
  "measured_values": [
    988451.0,
    1973437.0,
    2967449.0,
    3957594.0,
    4938732.0,
    5928806.0,
    6917318.0,
    7902894.0,
    8894002.0,
    9865711.0,
    10860024.0,
    11863935.0,
    12886170.0,
    13880122.0,
    14859246.0,
    15811149.0,
    16799140.0,
    17664981.0,
    18636140.0,
    19621876.0,
    20606261.0,
    21589933.0,
    22567223.0,
    23549323.0,
    24555118.0,
    25510787.0,
    26497556.0,
    27480527.0,
    28455484.0,
    29444446.0,
    30449349.0,
    31384029.0,
    32382460.0,
    33529670.0,
    34555462.0,
    35507356.0,
    36599903.0,
    37592472.0,
    38459576.0,
    39454540.0,
    40471334.0,
    41423328.0,
    42422870.0,
    43382978.0,
    44365759.0,
    45423812.0,
    46383188.0,
    47377031.0,
    48370221.0,
    49382056.0,
    50318620.0,
    51286644.0,
    52290845.0,
    53278316.0,
    54305249.0,
    55241433.0,
    56279928.0,
    57258742.0,
    58355247.0,
    59267886.0,
    60230429.0,
    61178344.0,
    62165012.0,
    63124449.0,
    64231063.0,
    65184860.0,
    66122997.0,
    67121176.0,
    68149293.0,
    69080597.0,
    70088265.0,
    71055227.0,
    72045962.0,
    73334549.0,
    74023907.0,
    75035252.0,
    75987325.0,
    77006044.0,
    77988123.0,
    78954143.0,
    79932195.0,
    80448216.0,
    81490800.0,
    82405482.0,
    83430624.0,
    84409908.0,
    85670663.0,
    86389396.0,
    87365464.0,
    88363524.0,
    89382352.0,
    90274613.0,
    91330131.0,
    92291111.0,
    93321461.0,
    94208382.0,
    95249783.0,
    96860507.0,
    97690209.0,
    98627685.0
  ],
  "report_directory": "/home/user/workspaces/ranim-bench/ranim/target/criterion/reports/extract/circle",
  "typical": {
    "estimate": 336.40743343116424,
    "lower_bound": 336.1581214229323,
    "unit": "ns",
    "upper_bound": 336.6682967809638
  },
  "iteration_count": [
    2928,
    5856,
    8784,
    11712,
    14640,
    17568,
    20496,
    23424,
    26352,
    29280,
    32208,
    35136,
    38064,
    40992,
    43920,
    46848,
    49776,
    52704,
    55632,
    58560,
    61488,
    64416,
    67344,
    70272,
    73200,
    76128,
    79056,
    81984,
    84912,
    87840,
    90768,
    93696,
    96624,
    99552,
    102480,
    105408,
    108336,
    111264,
    114192,
    117120,
    120048,
    122976,
    125904,
    128832,
    131760,
    134688,
    137616,
    140544,
    143472,
    146400,
    149328,
    152256,
    155184,
    158112,
    161040,
    163968,
    166896,
    169824,
    172752,
    175680,
    178608,
    181536,
    184464,
    187392,
    190320,
    193248,
    196176,
    199104,
    202032,
    204960,
    207888,
    210816,
    213744,
    216672,
    219600,
    222528,
    225456,
    228384,
    231312,
    234240,
    237168,
    240096,
    243024,
    245952,
    248880,
    251808,
    254736,
    257664,
    260592,
    263520,
    266448,
    269376,
    272304,
    275232,
    278160,
    281088,
    284016,
    286944,
    289872,
    292800
  ]
}