{
  "median_abs_dev": {
    "estimate": 1.625050779032438,
    "lower_bound": 1.1509721726758442,
    "unit": "ns",
    "upper_bound": 1.9098085682941568
  },
  "slope": {
    "estimate": 206.80372156108143,
    "lower_bound": 206.39552876737417,
    "unit": "ns",
    "upper_bound": 207.18973048728583
  },
  "mean": {
    "estimate": 206.75952835241472,
    "lower_bound": 206.43329159361184,
    "unit": "ns",
    "upper_bound": 207.1442559760613
  },
  "change": {
    "change": "NoChange",
    "mean": {
      "estimate": 0.0002357076707644179,
      "lower_bound": -0.0018561263106260904,
      "unit": "%",
      "upper_bound": 0.0026535478542511755
    },
    "median": {
      "estimate": -0.0013552019893411371,
      "lower_bound": -0.004044242541285101,
      "unit": "%",
      "upper_bound": 0.002752903577402543
    }
  },
  "iteration_count": [
    4690,
    9380,
    14070,
    18760,
    23450,
    28140,
    32830,
    37520,
    42210,
    46900,
    51590,
    56280,
    60970,
    65660,
    70350,
    75040,
    79730,
    84420,
    89110,
    93800,
    98490,
    103180,
    107870,
    112560,
    117250,
    121940,
    126630,
    131320,
    136010,
    140700,
    145390,
    150080,
    154770,
    159460,
    164150,
    168840,
    173530,
    178220,
    182910,
    187600,
    192290,
    196980,
    201670,
    206360,
    211050,
    215740,
    220430,
    225120,
    229810,
    234500,
    239190,
    243880,
    248570,
    253260,
    257950,
    262640,
    267330,
    272020,
    276710,
    281400,
    286090,
    290780,
    295470,
    300160,
    304850,
    309540,
    314230,
    318920,
    323610,
    328300,
    332990,
    337680,
    342370,
    347060,
    351750,
    356440,
    361130,
    365820,
    370510,
    375200,
    379890,
    384580,
    389270,
    393960,
    398650,
    403340,
    408030,
    412720,
    417410,
    422100,
    426790,
    431480,
    436170,
    440860,
    445550,
    450240,
    454930,
    459620,
    464310,
    469000
  ],
  "throughput": [],
  "typical": {
    "estimate": 206.80372156108143,
    "lower_bound": 206.39552876737417,
    "unit": "ns",
    "upper_bound": 207.18973048728583
  },
  "median": {
    "estimate": 206.63569928137093,
    "lower_bound": 206.27699556405167,
    "unit": "ns",
    "upper_bound": 207.4360650663732
  },
  "report_directory": "/home/user/workspaces/ranim-bench/ranim/target/criterion/reports/extract/rectangle",
  "measured_values": [
    1030521.0,
    1931688.0,
    2891847.0,
    3852827.0,
    4826270.0,
    5793833.0,
    6760343.0,
    7730500.0,
    8681111.0,
    9646700.0,
    10613310.0,
    11568189.0,
    12520933.0,
    13495398.0,
    14449115.0,
    15456913.0,
    16403436.0,
    17447042.0,
    18416057.0,
    19380012.0,
    20339269.0,
    21291543.0,
    22276899.0,
    23273085.0,
    24312643.0,
    25220864.0,
    26169541.0,
    27193840.0,
    28073466.0,
    29041701.0,
    30017808.0,
    30991012.0,
    31948415.0,
    32774852.0,
    33809540.0,
    34762295.0,
    35826119.0,
    37110859.0,
    38009752.0,
    38984387.0,
    39957961.0,
    40948567.0,
    41963348.0,
    42889412.0,
    43912439.0,
    44800762.0,
    45760079.0,
    46797433.0,
    47820640.0,
    48661264.0,
    49658392.0,
    50761489.0,
    51599358.0,
    52557362.0,
    53544010.0,
    54557859.0,
    55504152.0,
    56403245.0,
    57731257.0,
    58404935.0,
    59392436.0,
    60318259.0,
    61219186.0,
    61730179.0,
    62802628.0,
    63502867.0,
    64282185.0,
    65344656.0,
    66453224.0,
    67120401.0,
    68163245.0,
    69083047.0,
    69987310.0,
    70992574.0,
    71980655.0,
    72826217.0,
    73778360.0,
    74819772.0,
    75789318.0,
    76778862.0,
    77674599.0,
    79912234.0,
    81063573.0,
    81824686.0,
    82889821.0,
    83904572.0,
    84971662.0,
    85816333.0,
    86797142.0,
    87751769.0,
    88774325.0,
    89764720.0,
    90633657.0,
    91840219.0,
    92927487.0,
    93909156.0,
    94840741.0,
    94703001.0,
    95715939.0,
    96518270.0
  ],
  "unit": "ns"
}