{
  "measured_values": [
    978303.0,
    1961034.0,
    2942463.0,
    3959618.0,
    4921631.0,
    5903449.0,
    6898994.0,
    7856508.0,
    8863415.0,
    9823564.0,
    10843545.0,
    11819894.0,
    12769482.0,
    13776990.0,
    14838740.0,
    15771216.0,
    16787150.0,
    17757056.0,
    18740489.0,
    19748237.0,
    20740887.0,
    21672261.0,
    22691451.0,
    23681956.0,
    24652345.0,
    25648702.0,
    26628577.0,
    27611017.0,
    28624887.0,
    29621294.0,
    30559802.0,
    31592497.0,
    32577853.0,
    33628372.0,
    34440942.0,
    35400489.0,
    36396326.0,
    37364308.0,
    38349434.0,
    39365508.0,
    40341116.0,
    41352270.0,
    42343778.0,
    43301863.0,
    44416742.0,
    45285780.0,
    46296032.0,
    47334989.0,
    48292913.0,
    49295812.0,
    50302088.0,
    51306008.0,
    52205282.0,
    53203413.0,
    54147501.0,
    55194092.0,
    56316236.0,
    57195141.0,
    58134791.0,
    59219394.0,
    60163983.0,
    61216726.0,
    62203295.0,
    63121283.0,
    64126977.0,
    64750041.0,
    65604530.0,
    66719841.0,
    67689758.0,
    68714618.0,
    69702298.0,
    70682114.0,
    72153216.0,
    73205958.0,
    74044778.0,
    75219942.0,
    76200949.0,
    77126152.0,
    78167313.0,
    79297372.0,
    80173351.0,
    82264620.0,
    83198580.0,
    84300916.0,
    85215899.0,
    86192218.0,
    87261432.0,
    88384547.0,
    89366357.0,
    90508818.0,
    91526144.0,
    92413636.0,
    93279437.0,
    94476271.0,
    95213079.0,
    96400636.0,
    97422420.0,
    97386693.0,
    98512694.0,
    99508589.0
  ],
  "median_abs_dev": {
    "estimate": 0.6953904541930909,
    "lower_bound": 0.4626256112495441,
    "unit": "ns",
    "upper_bound": 0.9249128313809648
  },
  "report_directory": "/home/user/workspaces/ranim-bench/ranim/target/criterion/reports/extract/square",
  "median": {
    "estimate": 207.7793319250244,
    "lower_bound": 207.66801443356417,
    "unit": "ns",
    "upper_bound": 207.9416017133628
  },
  "unit": "ns",
  "throughput": [],
  "typical": {
    "estimate": 209.29527945581833,
    "lower_bound": 208.78486204207985,
    "unit": "ns",
    "upper_bound": 209.75184381955305
  },
  "change": {
    "change": "Regressed",
    "mean": {
      "estimate": 0.02576182414103867,
      "lower_bound": 0.02331799238917332,
      "unit": "%",
      "upper_bound": 0.02828720566816667
    },
    "median": {
      "estimate": 0.02592972906654456,
      "lower_bound": 0.024893264743709453,
      "unit": "%",
      "upper_bound": 0.027233879162290146
    }
  },
  "slope": {
    "estimate": 209.29527945581833,
    "lower_bound": 208.78486204207985,
    "unit": "ns",
    "upper_bound": 209.75184381955305
  },
  "iteration_count": [
    4747,
    9494,
    14241,
    18988,
    23735,
    28482,
    33229,
    37976,
    42723,
    47470,
    52217,
    56964,
    61711,
    66458,
    71205,
    75952,
    80699,
    85446,
    90193,
    94940,
    99687,
    104434,
    109181,
    113928,
    118675,
    123422,
    128169,
    132916,
    137663,
    142410,
    147157,
    151904,
    156651,
    161398,
    166145,
    170892,
    175639,
    180386,
    185133,
    189880,
    194627,
    199374,
    204121,
    208868,
    213615,
    218362,
    223109,
    227856,
    232603,
    237350,
    242097,
    246844,
    251591,
    256338,
    261085,
    265832,
    270579,
    275326,
    280073,
    284820,
    289567,
    294314,
    299061,
    303808,
    308555,
    313302,
    318049,
    322796,
    327543,
    332290,
    337037,
    341784,
    346531,
    351278,
    356025,
    360772,
    365519,
    370266,
    375013,
    379760,
    384507,
    389254,
    394001,
    398748,
    403495,
    408242,
    412989,
    417736,
    422483,
    427230,
    431977,
    436724,
    441471,
    446218,
    450965,
    455712,
    460459,
    465206,
    469953,
    474700
  ],
  "mean": {
    "estimate": 208.27755400215668,
    "lower_bound": 207.989398556942,
    "unit": "ns",
    "upper_bound": 208.58046598229507
  }
}