{
  "median_abs_dev": {
    "estimate": 1.6137371171509156,
    "lower_bound": 1.1583344797978492,
    "unit": "ns",
    "upper_bound": 1.8621324900655711
  },
  "report_directory": "/Volumes/Files/_ranim/ranim-bench/ranim/target/criterion/reports/extract/circle",
  "typical": {
    "estimate": 591.827274595546,
    "lower_bound": 591.2672525752566,
    "unit": "ns",
    "upper_bound": 592.4489879987774
  },
  "slope": {
    "estimate": 591.827274595546,
    "lower_bound": 591.2672525752566,
    "unit": "ns",
    "upper_bound": 592.4489879987774
  },
  "mean": {
    "estimate": 591.9599920583855,
    "lower_bound": 591.521786811726,
    "unit": "ns",
    "upper_bound": 592.4390893842526
  },
  "change": {
    "change": "NoChange",
    "mean": {
      "estimate": 0.0016374398797867062,
      "lower_bound": -0.0003778953291066005,
      "unit": "%",
      "upper_bound": 0.0035031953850712815
    },
    "median": {
      "estimate": 0.002350840654390618,
      "lower_bound": 0.0015339125118158936,
      "unit": "%",
      "upper_bound": 0.003153723714274026
    }
  },
  "throughput": [],
  "iteration_count": [
    1675,
    3350,
    5025,
    6700,
    8375,
    10050,
    11725,
    13400,
    15075,
    16750,
    18425,
    20100,
    21775,
    23450,
    25125,
    26800,
    28475,
    30150,
    31825,
    33500,
    35175,
    36850,
    38525,
    40200,
    41875,
    43550,
    45225,
    46900,
    48575,
    50250,
    51925,
    53600,
    55275,
    56950,
    58625,
    60300,
    61975,
    63650,
    65325,
    67000,
    68675,
    70350,
    72025,
    73700,
    75375,
    77050,
    78725,
    80400,
    82075,
    83750,
    85425,
    87100,
    88775,
    90450,
    92125,
    93800,
    95475,
    97150,
    98825,
    100500,
    102175,
    103850,
    105525,
    107200,
    108875,
    110550,
    112225,
    113900,
    115575,
    117250,
    118925,
    120600,
    122275,
    123950,
    125625,
    127300,
    128975,
    130650,
    132325,
    134000,
    135675,
    137350,
    139025,
    140700,
    142375,
    144050,
    145725,
    147400,
    149075,
    150750,
    152425,
    154100,
    155775,
    157450,
    159125,
    160800,
    162475,
    164150,
    165825,
    167500
  ],
  "measured_values": [
    1010500.0,
    1980083.0,
    3019958.0,
    3946667.0,
    4984334.0,
    5913625.0,
    6961875.0,
    7883500.0,
    8880542.0,
    9944417.0,
    10868750.0,
    11911334.0,
    12870625.0,
    13891500.0,
    14863791.0,
    15913792.0,
    16819917.0,
    17896084.0,
    18916417.0,
    19853334.0,
    20878792.0,
    21921333.0,
    22877041.0,
    23913250.0,
    24878167.0,
    25826167.0,
    26801750.0,
    27772750.0,
    28793084.0,
    29951709.0,
    30781542.0,
    31731417.0,
    32670958.0,
    33691291.0,
    34756000.0,
    35736333.0,
    36713958.0,
    37624709.0,
    38694250.0,
    39599041.0,
    40607708.0,
    41498000.0,
    42736875.0,
    43624583.0,
    44610083.0,
    45535209.0,
    46411917.0,
    47491833.0,
    48449709.0,
    49570667.0,
    50471125.0,
    51413708.0,
    52369541.0,
    53399667.0,
    54456000.0,
    55237209.0,
    56509167.0,
    57306000.0,
    58266208.0,
    59297625.0,
    60310667.0,
    61418375.0,
    62320417.0,
    63272958.0,
    64322500.0,
    65368208.0,
    66345416.0,
    67199916.0,
    68233541.0,
    69204292.0,
    69908333.0,
    71447916.0,
    72286584.0,
    73179333.0,
    74374209.0,
    75311375.0,
    76374583.0,
    77260208.0,
    78278667.0,
    79266333.0,
    80179417.0,
    81187584.0,
    82150000.0,
    83084209.0,
    84371375.0,
    85376084.0,
    86110292.0,
    87050000.0,
    88187416.0,
    89149667.0,
    90176333.0,
    91295125.0,
    92051125.0,
    94083750.0,
    95117125.0,
    95806833.0,
    96010375.0,
    97909916.0,
    98197833.0,
    98998750.0
  ],
  "median": {
    "estimate": 591.4770489889263,
    "lower_bound": 591.0916918901994,
    "unit": "ns",
    "upper_bound": 591.8975194601157
  },
  "unit": "ns"
}