{
  "throughput": [],
  "mean": {
    "estimate": 350.3337104213165,
    "lower_bound": 350.18499997756925,
    "unit": "ns",
    "upper_bound": 350.4866063782938
  },
  "slope": {
    "estimate": 350.47308183787374,
    "lower_bound": 350.27797807215285,
    "unit": "ns",
    "upper_bound": 350.672923533631
  },
  "unit": "ns",
  "typical": {
    "estimate": 350.47308183787374,
    "lower_bound": 350.27797807215285,
    "unit": "ns",
    "upper_bound": 350.672923533631
  },
  "median": {
    "estimate": 350.25683170805706,
    "lower_bound": 350.10831104607155,
    "unit": "ns",
    "upper_bound": 350.40152649911244
  },
  "measured_values": [
    988647.0,
    1983187.0,
    2977817.0,
    3967376.0,
    4971062.0,
    5990277.0,
    6952646.0,
    7931386.0,
    8916837.0,
    9923148.0,
    10916926.0,
    11910433.0,
    12900023.0,
    13868643.0,
    14894471.0,
    15888820.0,
    16859403.0,
    17795512.0,
    18788078.0,
    19758751.0,
    20791272.0,
    21763399.0,
    22809815.0,
    23765091.0,
    24732699.0,
    25719142.0,
    26709634.0,
    27712378.0,
    28746351.0,
    29739368.0,
    30616687.0,
    31699011.0,
    32689502.0,
    33668501.0,
    34690482.0,
    35597176.0,
    36607104.0,
    37596714.0,
    38629675.0,
    39722839.0,
    40619574.0,
    41567686.0,
    42565662.0,
    43540153.0,
    44522499.0,
    45544870.0,
    46528839.0,
    47503050.0,
    48509772.0,
    49716039.0,
    50668098.0,
    51711499.0,
    52748919.0,
    53857993.0,
    54652345.0,
    55681380.0,
    56665098.0,
    57640521.0,
    58857008.0,
    59656069.0,
    60681706.0,
    61646370.0,
    62725538.0,
    63556890.0,
    64576265.0,
    65475425.0,
    66437714.0,
    67441210.0,
    68409479.0,
    69518173.0,
    70388588.0,
    71362899.0,
    72381484.0,
    73402212.0,
    74544999.0,
    75360211.0,
    76470327.0,
    77327748.0,
    78366951.0,
    79512344.0,
    80422875.0,
    81212168.0,
    82302378.0,
    83276889.0,
    84147114.0,
    85105555.0,
    86442928.0,
    87315058.0,
    88046502.0,
    89186755.0,
    90012747.0,
    90957732.0,
    92138401.0,
    93207811.0,
    94356019.0,
    95124082.0,
    96285445.0,
    97553608.0,
    98502461.0,
    99671699.0
  ],
  "iteration_count": [
    2831,
    5662,
    8493,
    11324,
    14155,
    16986,
    19817,
    22648,
    25479,
    28310,
    31141,
    33972,
    36803,
    39634,
    42465,
    45296,
    48127,
    50958,
    53789,
    56620,
    59451,
    62282,
    65113,
    67944,
    70775,
    73606,
    76437,
    79268,
    82099,
    84930,
    87761,
    90592,
    93423,
    96254,
    99085,
    101916,
    104747,
    107578,
    110409,
    113240,
    116071,
    118902,
    121733,
    124564,
    127395,
    130226,
    133057,
    135888,
    138719,
    141550,
    144381,
    147212,
    150043,
    152874,
    155705,
    158536,
    161367,
    164198,
    167029,
    169860,
    172691,
    175522,
    178353,
    181184,
    184015,
    186846,
    189677,
    192508,
    195339,
    198170,
    201001,
    203832,
    206663,
    209494,
    212325,
    215156,
    217987,
    220818,
    223649,
    226480,
    229311,
    232142,
    234973,
    237804,
    240635,
    243466,
    246297,
    249128,
    251959,
    254790,
    257621,
    260452,
    263283,
    266114,
    268945,
    271776,
    274607,
    277438,
    280269,
    283100
  ],
  "report_directory": "/home/user/workspaces/ranim-bench/ranim/target/criterion/reports/extract/polygon/20",
  "median_abs_dev": {
    "estimate": 0.8184891719800522,
    "lower_bound": 0.6500992234094668,
    "unit": "ns",
    "upper_bound": 0.9970225452457118
  },
  "change": {
    "change": "Improved",
    "mean": {
      "estimate": -0.027543102600155245,
      "lower_bound": -0.02931393891847294,
      "unit": "%",
      "upper_bound": -0.025777832880001503
    },
    "median": {
      "estimate": -0.026206452451006612,
      "lower_bound": -0.029264312302456297,
      "unit": "%",
      "upper_bound": -0.02445925856106088
    }
  }
}