{
  "measured_values": [
    1004498.0,
    1971295.0,
    2956976.0,
    3930958.0,
    4927650.0,
    5945433.0,
    6888565.0,
    7873326.0,
    8860390.0,
    9833259.0,
    10810456.0,
    11857623.0,
    12800775.0,
    13812567.0,
    14845409.0,
    15768654.0,
    16753654.0,
    17721974.0,
    18733946.0,
    19695773.0,
    20686494.0,
    21726029.0,
    22662478.0,
    23660945.0,
    24672515.0,
    25586053.0,
    26677103.0,
    27707028.0,
    28608443.0,
    29619653.0,
    30595847.0,
    31483796.0,
    32522939.0,
    33620551.0,
    34656077.0,
    35569384.0,
    36568782.0,
    37516784.0,
    38554303.0,
    39518225.0,
    40429226.0,
    41464242.0,
    42448672.0,
    43470241.0,
    44471473.0,
    45376032.0,
    46461703.0,
    47411668.0,
    48460900.0,
    49394094.0,
    50435732.0,
    51368485.0,
    52413048.0,
    53436360.0,
    54339597.0,
    55191979.0,
    56271979.0,
    57249677.0,
    58233765.0,
    59259824.0,
    60252029.0,
    61253350.0,
    62231298.0,
    63089621.0,
    64078360.0,
    64926974.0,
    65983760.0,
    66919237.0,
    67882839.0,
    69107410.0,
    69962006.0,
    70956355.0,
    71938951.0,
    72944470.0,
    73875641.0,
    74970809.0,
    75889575.0,
    76852876.0,
    77897569.0,
    78807979.0,
    80111379.0,
    81051857.0,
    82752953.0,
    83580479.0,
    84818745.0,
    85827562.0,
    86823212.0,
    87823111.0,
    88693677.0,
    89944749.0,
    90776331.0,
    91886488.0,
    92710495.0,
    93947601.0,
    94736032.0,
    95743035.0,
    96714150.0,
    97728115.0,
    98780843.0,
    99700081.0
  ],
  "median": {
    "estimate": 599.4330612505764,
    "lower_bound": 598.9666268869208,
    "unit": "ns",
    "upper_bound": 599.8516241651488
  },
  "throughput": [],
  "report_directory": "/home/user/workspaces/ranim-bench/ranim/target/criterion/reports/extract/polygon/40",
  "mean": {
    "estimate": 600.322585490727,
    "lower_bound": 599.7696718871512,
    "unit": "ns",
    "upper_bound": 600.9144842019382
  },
  "unit": "ns",
  "median_abs_dev": {
    "estimate": 1.5608974482188094,
    "lower_bound": 1.2665574448104444,
    "unit": "ns",
    "upper_bound": 2.135971228767129
  },
  "slope": {
    "estimate": 602.0111233297704,
    "lower_bound": 601.0298512127338,
    "unit": "ns",
    "upper_bound": 602.891081688943
  },
  "change": {
    "change": "Improved",
    "mean": {
      "estimate": -0.01866089416834893,
      "lower_bound": -0.01968119295164808,
      "unit": "%",
      "upper_bound": -0.017668790707461038
    },
    "median": {
      "estimate": -0.02013651710083686,
      "lower_bound": -0.02097882231090724,
      "unit": "%",
      "upper_bound": -0.019331761973532476
    }
  },
  "typical": {
    "estimate": 602.0111233297704,
    "lower_bound": 601.0298512127338,
    "unit": "ns",
    "upper_bound": 602.891081688943
  },
  "iteration_count": [
    1647,
    3294,
    4941,
    6588,
    8235,
    9882,
    11529,
    13176,
    14823,
    16470,
    18117,
    19764,
    21411,
    23058,
    24705,
    26352,
    27999,
    29646,
    31293,
    32940,
    34587,
    36234,
    37881,
    39528,
    41175,
    42822,
    44469,
    46116,
    47763,
    49410,
    51057,
    52704,
    54351,
    55998,
    57645,
    59292,
    60939,
    62586,
    64233,
    65880,
    67527,
    69174,
    70821,
    72468,
    74115,
    75762,
    77409,
    79056,
    80703,
    82350,
    83997,
    85644,
    87291,
    88938,
    90585,
    92232,
    93879,
    95526,
    97173,
    98820,
    100467,
    102114,
    103761,
    105408,
    107055,
    108702,
    110349,
    111996,
    113643,
    115290,
    116937,
    118584,
    120231,
    121878,
    123525,
    125172,
    126819,
    128466,
    130113,
    131760,
    133407,
    135054,
    136701,
    138348,
    139995,
    141642,
    143289,
    144936,
    146583,
    148230,
    149877,
    151524,
    153171,
    154818,
    156465,
    158112,
    159759,
    161406,
    163053,
    164700
  ]
}