{
  "report_directory": "E:\\ranim-bench\\ranim\\target\\criterion\\reports\\extract\\arc",
  "typical": {
    "estimate": 962.1849194981384,
    "lower_bound": 956.957916260785,
    "unit": "ns",
    "upper_bound": 968.020716635928
  },
  "measured_values": [
    970200.0,
    1927500.0,
    2889700.0,
    3913500.0,
    4823600.0,
    5783100.0,
    6847700.0,
    7718200.0,
    8926700.0,
    9772400.0,
    10763300.0,
    11870900.0,
    12662700.0,
    13624300.0,
    14785400.0,
    15520100.0,
    16565700.0,
    17441600.0,
    18411500.0,
    19361300.0,
    20922200.0,
    21364600.0,
    22305100.0,
    23483800.0,
    24299800.0,
    26176600.0,
    26340700.0,
    27255400.0,
    28514000.0,
    29490300.0,
    30095600.0,
    31106900.0,
    32313600.0,
    33002800.0,
    34066400.0,
    34931100.0,
    35895500.0,
    37122600.0,
    38094200.0,
    38921300.0,
    45022000.0,
    40853900.0,
    41786100.0,
    42947200.0,
    43822900.0,
    44967100.0,
    45920200.0,
    48355900.0,
    47730000.0,
    48873300.0,
    49788300.0,
    51746500.0,
    54367900.0,
    53497300.0,
    54302900.0,
    54675200.0,
    55740300.0,
    57231400.0,
    58914600.0,
    58836200.0,
    59806300.0,
    60274200.0,
    61734800.0,
    62676900.0,
    63466300.0,
    65031200.0,
    66108900.0,
    65996500.0,
    66953600.0,
    68389300.0,
    68984000.0,
    69992300.0,
    71407800.0,
    72116800.0,
    73684800.0,
    74102700.0,
    74831600.0,
    76351700.0,
    76690700.0,
    78278500.0,
    78668900.0,
    79695200.0,
    81486500.0,
    81544900.0,
    82937400.0,
    83707700.0,
    84562700.0,
    85469900.0,
    86511700.0,
    87582500.0,
    96969300.0,
    92090600.0,
    93172800.0,
    95111800.0,
    97378000.0,
    94655400.0,
    98026700.0,
    96685900.0,
    98561800.0,
    100683400.0
  ],
  "change": {
    "change": "Regressed",
    "mean": {
      "estimate": 0.026993688324210563,
      "lower_bound": 0.02054764047748395,
      "unit": "%",
      "upper_bound": 0.03392945850509118
    },
    "median": {
      "estimate": 0.031557220827393984,
      "lower_bound": 0.026369105981239205,
      "unit": "%",
      "upper_bound": 0.03565751933978789
    }
  },
  "median_abs_dev": {
    "estimate": 7.432976085434458,
    "lower_bound": 5.06896408566752,
    "unit": "ns",
    "upper_bound": 9.878522277132056
  },
  "mean": {
    "estimate": 957.7350957465264,
    "lower_bound": 954.4223233365526,
    "unit": "ns",
    "upper_bound": 961.6724252006408
  },
  "median": {
    "estimate": 952.5597426963282,
    "lower_bound": 950.206758475748,
    "unit": "ns",
    "upper_bound": 954.3307718008688
  },
  "unit": "ns",
  "iteration_count": [
    1025,
    2050,
    3075,
    4100,
    5125,
    6150,
    7175,
    8200,
    9225,
    10250,
    11275,
    12300,
    13325,
    14350,
    15375,
    16400,
    17425,
    18450,
    19475,
    20500,
    21525,
    22550,
    23575,
    24600,
    25625,
    26650,
    27675,
    28700,
    29725,
    30750,
    31775,
    32800,
    33825,
    34850,
    35875,
    36900,
    37925,
    38950,
    39975,
    41000,
    42025,
    43050,
    44075,
    45100,
    46125,
    47150,
    48175,
    49200,
    50225,
    51250,
    52275,
    53300,
    54325,
    55350,
    56375,
    57400,
    58425,
    59450,
    60475,
    61500,
    62525,
    63550,
    64575,
    65600,
    66625,
    67650,
    68675,
    69700,
    70725,
    71750,
    72775,
    73800,
    74825,
    75850,
    76875,
    77900,
    78925,
    79950,
    80975,
    82000,
    83025,
    84050,
    85075,
    86100,
    87125,
    88150,
    89175,
    90200,
    91225,
    92250,
    93275,
    94300,
    95325,
    96350,
    97375,
    98400,
    99425,
    100450,
    101475,
    102500
  ],
  "slope": {
    "estimate": 962.1849194981384,
    "lower_bound": 956.957916260785,
    "unit": "ns",
    "upper_bound": 968.020716635928
  },
  "throughput": []
}