{
  "report_directory": "E:\\ranim-bench\\ranim\\target\\criterion\\reports\\extract\\circle",
  "slope": {
    "estimate": 987.565786020393,
    "lower_bound": 985.5802280175552,
    "unit": "ns",
    "upper_bound": 989.8292969928924
  },
  "median_abs_dev": {
    "estimate": 5.9250256914116255,
    "lower_bound": 4.1988375908968925,
    "unit": "ns",
    "upper_bound": 8.058780517583523
  },
  "measured_values": [
    978200.0,
    1956300.0,
    2914600.0,
    3893000.0,
    4954400.0,
    5832300.0,
    6863800.0,
    7797900.0,
    9548600.0,
    9715600.0,
    10833400.0,
    12361000.0,
    12989900.0,
    13745000.0,
    14747000.0,
    15682200.0,
    16693700.0,
    17624300.0,
    18536700.0,
    19621000.0,
    20605300.0,
    21580300.0,
    22465200.0,
    23568200.0,
    24526200.0,
    25508000.0,
    27643200.0,
    27477600.0,
    28524100.0,
    29530300.0,
    30295000.0,
    31450100.0,
    32354600.0,
    33333000.0,
    34324800.0,
    35241500.0,
    36409900.0,
    37613300.0,
    38858300.0,
    40114900.0,
    42641700.0,
    42116700.0,
    43102600.0,
    43903700.0,
    44763100.0,
    47195000.0,
    46439600.0,
    47370600.0,
    48465200.0,
    50946200.0,
    50139300.0,
    51670100.0,
    54349200.0,
    53070900.0,
    54232300.0,
    55003200.0,
    56727100.0,
    57196200.0,
    57745000.0,
    58868000.0,
    60230900.0,
    61595900.0,
    62027700.0,
    62596800.0,
    63792800.0,
    64908600.0,
    66059900.0,
    66852900.0,
    68751700.0,
    68520200.0,
    70010300.0,
    72303700.0,
    71528800.0,
    72623400.0,
    74507500.0,
    74742100.0,
    75873200.0,
    76868500.0,
    78266700.0,
    78367400.0,
    79776600.0,
    81895000.0,
    81949100.0,
    82263300.0,
    83648100.0,
    84472600.0,
    85039600.0,
    86523600.0,
    87901100.0,
    89663200.0,
    89547000.0,
    90471700.0,
    91072500.0,
    94718100.0,
    93486800.0,
    94901900.0,
    95008400.0,
    96941900.0,
    97279000.0,
    98619600.0
  ],
  "throughput": [],
  "mean": {
    "estimate": 988.2781178711612,
    "lower_bound": 985.6381784883438,
    "unit": "ns",
    "upper_bound": 991.2767384935602
  },
  "unit": "ns",
  "change": {
    "change": "NoChange",
    "mean": {
      "estimate": 0.013084700449224496,
      "lower_bound": -0.004552555932556389,
      "unit": "%",
      "upper_bound": 0.025277682186860505
    },
    "median": {
      "estimate": 0.025715065599883017,
      "lower_bound": 0.018325255433839786,
      "unit": "%",
      "upper_bound": 0.02988233787752971
    }
  },
  "iteration_count": [
    1000,
    2000,
    3000,
    4000,
    5000,
    6000,
    7000,
    8000,
    9000,
    10000,
    11000,
    12000,
    13000,
    14000,
    15000,
    16000,
    17000,
    18000,
    19000,
    20000,
    21000,
    22000,
    23000,
    24000,
    25000,
    26000,
    27000,
    28000,
    29000,
    30000,
    31000,
    32000,
    33000,
    34000,
    35000,
    36000,
    37000,
    38000,
    39000,
    40000,
    41000,
    42000,
    43000,
    44000,
    45000,
    46000,
    47000,
    48000,
    49000,
    50000,
    51000,
    52000,
    53000,
    54000,
    55000,
    56000,
    57000,
    58000,
    59000,
    60000,
    61000,
    62000,
    63000,
    64000,
    65000,
    66000,
    67000,
    68000,
    69000,
    70000,
    71000,
    72000,
    73000,
    74000,
    75000,
    76000,
    77000,
    78000,
    79000,
    80000,
    81000,
    82000,
    83000,
    84000,
    85000,
    86000,
    87000,
    88000,
    89000,
    90000,
    91000,
    92000,
    93000,
    94000,
    95000,
    96000,
    97000,
    98000,
    99000,
    100000
  ],
  "median": {
    "estimate": 983.5266457680252,
    "lower_bound": 982.6161616161615,
    "unit": "ns",
    "upper_bound": 985.3662337662338
  },
  "typical": {
    "estimate": 987.565786020393,
    "lower_bound": 985.5802280175552,
    "unit": "ns",
    "upper_bound": 989.8292969928924
  }
}