{
  "mean": {
    "estimate": 955.2563812393646,
    "lower_bound": 950.7682230320958,
    "unit": "ns",
    "upper_bound": 960.5420521666518
  },
  "typical": {
    "estimate": 955.1408830307004,
    "lower_bound": 949.7406015492256,
    "unit": "ns",
    "upper_bound": 960.8076145450888
  },
  "median": {
    "estimate": 947.0902447539252,
    "lower_bound": 944.8346819196428,
    "unit": "ns",
    "upper_bound": 950.7069463315216
  },
  "unit": "ns",
  "iteration_count": [
    1024,
    2048,
    3072,
    4096,
    5120,
    6144,
    7168,
    8192,
    9216,
    10240,
    11264,
    12288,
    13312,
    14336,
    15360,
    16384,
    17408,
    18432,
    19456,
    20480,
    21504,
    22528,
    23552,
    24576,
    25600,
    26624,
    27648,
    28672,
    29696,
    30720,
    31744,
    32768,
    33792,
    34816,
    35840,
    36864,
    37888,
    38912,
    39936,
    40960,
    41984,
    43008,
    44032,
    45056,
    46080,
    47104,
    48128,
    49152,
    50176,
    51200,
    52224,
    53248,
    54272,
    55296,
    56320,
    57344,
    58368,
    59392,
    60416,
    61440,
    62464,
    63488,
    64512,
    65536,
    66560,
    67584,
    68608,
    69632,
    70656,
    71680,
    72704,
    73728,
    74752,
    75776,
    76800,
    77824,
    78848,
    79872,
    80896,
    81920,
    82944,
    83968,
    84992,
    86016,
    87040,
    88064,
    89088,
    90112,
    91136,
    92160,
    93184,
    94208,
    95232,
    96256,
    97280,
    98304,
    99328,
    100352,
    101376,
    102400
  ],
  "slope": {
    "estimate": 955.1408830307004,
    "lower_bound": 949.7406015492256,
    "unit": "ns",
    "upper_bound": 960.8076145450888
  },
  "change": {
    "change": "NoChange",
    "mean": {
      "estimate": 0.01468387037716412,
      "lower_bound": 0.004363779767465229,
      "unit": "%",
      "upper_bound": 0.023733669479256495
    },
    "median": {
      "estimate": 0.019273652487035383,
      "lower_bound": 0.012744493742281817,
      "unit": "%",
      "upper_bound": 0.02391901998262735
    }
  },
  "throughput": [],
  "median_abs_dev": {
    "estimate": 11.240958459287242,
    "lower_bound": 7.758213097558325,
    "unit": "ns",
    "upper_bound": 15.039737326455487
  },
  "report_directory": "E:\\_ranim\\ranim-bench\\ranim\\target\\criterion\\reports\\extract\\arc",
  "measured_values": [
    1115900.0,
    1937900.0,
    3002200.0,
    3840200.0,
    4846700.0,
    5993900.0,
    7012900.0,
    7891100.0,
    8715100.0,
    9695700.0,
    10627200.0,
    11521000.0,
    12841400.0,
    15609100.0,
    14583400.0,
    15496200.0,
    16391000.0,
    17853900.0,
    18950600.0,
    19839400.0,
    20239500.0,
    23174600.0,
    22303400.0,
    23292500.0,
    24116800.0,
    25114100.0,
    26581100.0,
    26975500.0,
    28072600.0,
    29613500.0,
    29972600.0,
    31062900.0,
    31916600.0,
    32662500.0,
    34392100.0,
    34548900.0,
    35427400.0,
    37054300.0,
    37601400.0,
    39196700.0,
    39291000.0,
    40928200.0,
    41573900.0,
    42616900.0,
    44267400.0,
    44782100.0,
    45157600.0,
    46630300.0,
    47350200.0,
    47937100.0,
    50739000.0,
    50400900.0,
    51141900.0,
    51995600.0,
    53484300.0,
    53951300.0,
    54913900.0,
    57687100.0,
    56719700.0,
    57843400.0,
    59750800.0,
    60142800.0,
    60647700.0,
    62407600.0,
    62671700.0,
    63312100.0,
    65036800.0,
    66284600.0,
    66581000.0,
    68781800.0,
    68288100.0,
    69834800.0,
    71843300.0,
    72891100.0,
    73288600.0,
    73144500.0,
    76082200.0,
    74904100.0,
    77271500.0,
    77124600.0,
    79200000.0,
    78476400.0,
    81662400.0,
    81270900.0,
    81705600.0,
    82753500.0,
    85403100.0,
    85427500.0,
    85975900.0,
    86783400.0,
    89367300.0,
    90908300.0,
    89305500.0,
    90735500.0,
    93228500.0,
    98128000.0,
    98736600.0,
    100057100.0,
    101476000.0,
    100317300.0
  ]
}