{
  "median_abs_dev": {
    "estimate": 113.561266103973,
    "lower_bound": 75.03916245042528,
    "unit": "ns",
    "upper_bound": 143.49415387141298
  },
  "unit": "ns",
  "median": {
    "estimate": 2174.953537071241,
    "lower_bound": 2146.1402176664137,
    "unit": "ns",
    "upper_bound": 2195.956719817768
  },
  "slope": {
    "estimate": 2219.703387032002,
    "lower_bound": 2194.62954404807,
    "unit": "ns",
    "upper_bound": 2246.3949561558725
  },
  "measured_values": [
    894400.0,
    1782100.0,
    2933400.0,
    3856100.0,
    4545700.0,
    5486200.0,
    8588500.0,
    7178600.0,
    8417800.0,
    9061800.0,
    9896400.0,
    11692000.0,
    12022300.0,
    12868000.0,
    17134300.0,
    15023500.0,
    15466000.0,
    16558700.0,
    17246400.0,
    20216100.0,
    20263700.0,
    20679800.0,
    21289300.0,
    21664700.0,
    25939100.0,
    24323100.0,
    25423500.0,
    25453300.0,
    27090200.0,
    28140600.0,
    29500000.0,
    31775900.0,
    34051700.0,
    35975000.0,
    35083300.0,
    37861500.0,
    36446900.0,
    35015400.0,
    36878400.0,
    38224700.0,
    46148400.0,
    43931200.0,
    39937900.0,
    40236100.0,
    46106000.0,
    43618000.0,
    46097900.0,
    47535300.0,
    44708200.0,
    52068700.0,
    46219600.0,
    54983700.0,
    48567000.0,
    57403500.0,
    53554600.0,
    59704500.0,
    55129900.0,
    58975200.0,
    61202400.0,
    57419600.0,
    58250400.0,
    59210700.0,
    64003700.0,
    60343400.0,
    62054500.0,
    62624600.0,
    66608300.0,
    63196500.0,
    63874500.0,
    70865800.0,
    67834200.0,
    69063300.0,
    74641300.0,
    76494800.0,
    69067500.0,
    73827800.0,
    72890900.0,
    71957300.0,
    75089400.0,
    74058600.0,
    76314600.0,
    76871700.0,
    77502100.0,
    79062500.0,
    79141300.0,
    86517100.0,
    83620500.0,
    82141000.0,
    88900700.0,
    86003400.0,
    92785600.0,
    88193700.0,
    94102100.0,
    88399400.0,
    103251000.0,
    91527000.0,
    91102200.0,
    99310700.0,
    98387000.0,
    103083800.0
  ],
  "throughput": [],
  "change": {
    "change": "Regressed",
    "mean": {
      "estimate": 0.05744115263556693,
      "lower_bound": 0.04491487095355475,
      "unit": "%",
      "upper_bound": 0.07034440576604922
    },
    "median": {
      "estimate": 0.047978671628656766,
      "lower_bound": 0.03432859168604829,
      "unit": "%",
      "upper_bound": 0.05803411592149832
    }
  },
  "mean": {
    "estimate": 2209.4378613515405,
    "lower_bound": 2184.3530285544907,
    "unit": "ns",
    "upper_bound": 2236.1879320309395
  },
  "typical": {
    "estimate": 2219.703387032002,
    "lower_bound": 2194.62954404807,
    "unit": "ns",
    "upper_bound": 2246.3949561558725
  },
  "report_directory": "E:\\_ranim\\ranim-bench\\ranim\\target\\criterion\\reports\\extract\\polygon\\20",
  "iteration_count": [
    439,
    878,
    1317,
    1756,
    2195,
    2634,
    3073,
    3512,
    3951,
    4390,
    4829,
    5268,
    5707,
    6146,
    6585,
    7024,
    7463,
    7902,
    8341,
    8780,
    9219,
    9658,
    10097,
    10536,
    10975,
    11414,
    11853,
    12292,
    12731,
    13170,
    13609,
    14048,
    14487,
    14926,
    15365,
    15804,
    16243,
    16682,
    17121,
    17560,
    17999,
    18438,
    18877,
    19316,
    19755,
    20194,
    20633,
    21072,
    21511,
    21950,
    22389,
    22828,
    23267,
    23706,
    24145,
    24584,
    25023,
    25462,
    25901,
    26340,
    26779,
    27218,
    27657,
    28096,
    28535,
    28974,
    29413,
    29852,
    30291,
    30730,
    31169,
    31608,
    32047,
    32486,
    32925,
    33364,
    33803,
    34242,
    34681,
    35120,
    35559,
    35998,
    36437,
    36876,
    37315,
    37754,
    38193,
    38632,
    39071,
    39510,
    39949,
    40388,
    40827,
    41266,
    41705,
    42144,
    42583,
    43022,
    43461,
    43900
  ]
}