{
  "mean": {
    "estimate": 3722.286284534675,
    "lower_bound": 3678.34664857351,
    "unit": "ns",
    "upper_bound": 3771.63571157096
  },
  "throughput": [],
  "iteration_count": [
    267,
    534,
    801,
    1068,
    1335,
    1602,
    1869,
    2136,
    2403,
    2670,
    2937,
    3204,
    3471,
    3738,
    4005,
    4272,
    4539,
    4806,
    5073,
    5340,
    5607,
    5874,
    6141,
    6408,
    6675,
    6942,
    7209,
    7476,
    7743,
    8010,
    8277,
    8544,
    8811,
    9078,
    9345,
    9612,
    9879,
    10146,
    10413,
    10680,
    10947,
    11214,
    11481,
    11748,
    12015,
    12282,
    12549,
    12816,
    13083,
    13350,
    13617,
    13884,
    14151,
    14418,
    14685,
    14952,
    15219,
    15486,
    15753,
    16020,
    16287,
    16554,
    16821,
    17088,
    17355,
    17622,
    17889,
    18156,
    18423,
    18690,
    18957,
    19224,
    19491,
    19758,
    20025,
    20292,
    20559,
    20826,
    21093,
    21360,
    21627,
    21894,
    22161,
    22428,
    22695,
    22962,
    23229,
    23496,
    23763,
    24030,
    24297,
    24564,
    24831,
    25098,
    25365,
    25632,
    25899,
    26166,
    26433,
    26700
  ],
  "typical": {
    "estimate": 3729.842148695835,
    "lower_bound": 3693.697064265859,
    "unit": "ns",
    "upper_bound": 3766.588313578652
  },
  "report_directory": "E:\\_ranim\\ranim-bench\\ranim\\target\\criterion\\reports\\extract\\polygon\\40",
  "median": {
    "estimate": 3659.6881946347553,
    "lower_bound": 3615.081148564295,
    "unit": "ns",
    "upper_bound": 3713.87265917603
  },
  "slope": {
    "estimate": 3729.842148695835,
    "lower_bound": 3693.697064265859,
    "unit": "ns",
    "upper_bound": 3766.588313578652
  },
  "measured_values": [
    944900.0,
    2699000.0,
    3219900.0,
    3780900.0,
    4827500.0,
    6112400.0,
    6500400.0,
    7594500.0,
    8255600.0,
    9245300.0,
    10044000.0,
    12860000.0,
    13093300.0,
    13526000.0,
    14478400.0,
    15371200.0,
    17857100.0,
    16489300.0,
    18474200.0,
    18809500.0,
    21727900.0,
    22818000.0,
    22050400.0,
    26832500.0,
    24790100.0,
    24528600.0,
    25687000.0,
    26663700.0,
    28583800.0,
    29483900.0,
    29222200.0,
    34386900.0,
    30790500.0,
    31639800.0,
    35397100.0,
    37536100.0,
    34762800.0,
    35773000.0,
    37917000.0,
    37252100.0,
    40099100.0,
    51005700.0,
    49343100.0,
    42204000.0,
    42768000.0,
    51811400.0,
    44728500.0,
    48113000.0,
    46786400.0,
    48731000.0,
    56450400.0,
    50509000.0,
    54757700.0,
    52107400.0,
    52942400.0,
    52450700.0,
    56747800.0,
    55647000.0,
    58381000.0,
    57433900.0,
    60997000.0,
    62145500.0,
    60632200.0,
    66884900.0,
    62206000.0,
    63536100.0,
    64448200.0,
    69666500.0,
    69137000.0,
    68706200.0,
    72800600.0,
    71710000.0,
    68733200.0,
    74868200.0,
    71213300.0,
    72785700.0,
    75841100.0,
    79922600.0,
    79318200.0,
    80736100.0,
    80364800.0,
    84630400.0,
    82746300.0,
    80477400.0,
    83225100.0,
    91028000.0,
    84114600.0,
    84894500.0,
    83664500.0,
    87862200.0,
    91334600.0,
    91171100.0,
    90593000.0,
    96239200.0,
    93747800.0,
    99265200.0,
    102740100.0,
    103055400.0,
    95551800.0,
    103508900.0
  ],
  "unit": "ns",
  "change": {
    "change": "Regressed",
    "mean": {
      "estimate": 0.05749365201331935,
      "lower_bound": 0.04353135382264724,
      "unit": "%",
      "upper_bound": 0.0731392820234834
    },
    "median": {
      "estimate": 0.05028886000702504,
      "lower_bound": 0.03645435833007911,
      "unit": "%",
      "upper_bound": 0.06559144031147013
    }
  },
  "median_abs_dev": {
    "estimate": 151.36174486885284,
    "lower_bound": 119.3761261630115,
    "unit": "ns",
    "upper_bound": 212.44197512995495
  }
}