{
  "unit": "ns",
  "measured_values": [
    981300.0,
    1919100.0,
    2876000.0,
    3885100.0,
    4941800.0,
    5748300.0,
    7657600.0,
    9361500.0,
    8789000.0,
    9593000.0,
    12784900.0,
    11690500.0,
    12626200.0,
    13508000.0,
    14892300.0,
    15558500.0,
    17070500.0,
    18325000.0,
    18382100.0,
    19461300.0,
    20801600.0,
    21652400.0,
    22052900.0,
    23385200.0,
    24390500.0,
    27314600.0,
    26114300.0,
    27115800.0,
    27952200.0,
    28991900.0,
    30505600.0,
    31064700.0,
    32100600.0,
    33112900.0,
    34768200.0,
    34902300.0,
    36273200.0,
    37025700.0,
    37942300.0,
    40943600.0,
    44510700.0,
    43432000.0,
    41979000.0,
    44214100.0,
    47699600.0,
    44674600.0,
    50503600.0,
    46819200.0,
    47715800.0,
    49648500.0,
    49482900.0,
    50592300.0,
    51721700.0,
    54090600.0,
    55555600.0,
    56369200.0,
    55332800.0,
    56479500.0,
    57354400.0,
    58760500.0,
    59771900.0,
    60114300.0,
    61479800.0,
    62138300.0,
    63525900.0,
    64874700.0,
    65165000.0,
    67536000.0,
    66942700.0,
    70278100.0,
    69341500.0,
    72033500.0,
    73037600.0,
    74347800.0,
    74255900.0,
    73705400.0,
    76989300.0,
    76561600.0,
    77244200.0,
    78029200.0,
    79892400.0,
    80670200.0,
    82791300.0,
    82174700.0,
    83237200.0,
    83609300.0,
    86512900.0,
    86262700.0,
    86836800.0,
    90582800.0,
    90247600.0,
    89319600.0,
    90336400.0,
    93832100.0,
    93756100.0,
    97381900.0,
    94882900.0,
    96283800.0,
    97207500.0,
    98665200.0
  ],
  "throughput": [],
  "change": {
    "change": "Improved",
    "mean": {
      "estimate": -0.02849716138935887,
      "lower_bound": -0.03905798115370707,
      "unit": "%",
      "upper_bound": -0.018341401011721676
    },
    "median": {
      "estimate": -0.03005434549545427,
      "lower_bound": -0.03682188939721742,
      "unit": "%",
      "upper_bound": -0.024789580224598155
    }
  },
  "typical": {
    "estimate": 1128.8785991649474,
    "lower_bound": 1124.8665839591472,
    "unit": "ns",
    "upper_bound": 1133.262066926323
  },
  "median": {
    "estimate": 1119.2474055488342,
    "lower_bound": 1116.1867174041602,
    "unit": "ns",
    "upper_bound": 1124.127866249475
  },
  "report_directory": "E:\\_ranim\\ranim-bench\\ranim\\target\\criterion\\reports\\extract\\polygon\\20",
  "iteration_count": [
    874,
    1748,
    2622,
    3496,
    4370,
    5244,
    6118,
    6992,
    7866,
    8740,
    9614,
    10488,
    11362,
    12236,
    13110,
    13984,
    14858,
    15732,
    16606,
    17480,
    18354,
    19228,
    20102,
    20976,
    21850,
    22724,
    23598,
    24472,
    25346,
    26220,
    27094,
    27968,
    28842,
    29716,
    30590,
    31464,
    32338,
    33212,
    34086,
    34960,
    35834,
    36708,
    37582,
    38456,
    39330,
    40204,
    41078,
    41952,
    42826,
    43700,
    44574,
    45448,
    46322,
    47196,
    48070,
    48944,
    49818,
    50692,
    51566,
    52440,
    53314,
    54188,
    55062,
    55936,
    56810,
    57684,
    58558,
    59432,
    60306,
    61180,
    62054,
    62928,
    63802,
    64676,
    65550,
    66424,
    67298,
    68172,
    69046,
    69920,
    70794,
    71668,
    72542,
    73416,
    74290,
    75164,
    76038,
    76912,
    77786,
    78660,
    79534,
    80408,
    81282,
    82156,
    83030,
    83904,
    84778,
    85652,
    86526,
    87400
  ],
  "slope": {
    "estimate": 1128.8785991649474,
    "lower_bound": 1124.8665839591472,
    "unit": "ns",
    "upper_bound": 1133.262066926323
  },
  "mean": {
    "estimate": 1132.7861573878693,
    "lower_bound": 1125.4574856560444,
    "unit": "ns",
    "upper_bound": 1141.2745563664464
  },
  "median_abs_dev": {
    "estimate": 13.691037188257887,
    "lower_bound": 9.347014859155188,
    "unit": "ns",
    "upper_bound": 19.77119970179855
  }
}