{
  "median_abs_dev": {
    "estimate": 20.84059819037912,
    "lower_bound": 15.850305113050604,
    "unit": "ns",
    "upper_bound": 26.02279118832443
  },
  "change": {
    "change": "Regressed",
    "mean": {
      "estimate": 0.027097612408783833,
      "lower_bound": 0.01822124854028852,
      "unit": "%",
      "upper_bound": 0.035471228588040124
    },
    "median": {
      "estimate": 0.02660952340075262,
      "lower_bound": 0.018499805883469778,
      "unit": "%",
      "upper_bound": 0.03645275773314882
    }
  },
  "report_directory": "E:\\_ranim\\ranim-bench\\ranim\\target\\criterion\\reports\\extract\\polygon\\10",
  "iteration_count": [
    1069,
    2138,
    3207,
    4276,
    5345,
    6414,
    7483,
    8552,
    9621,
    10690,
    11759,
    12828,
    13897,
    14966,
    16035,
    17104,
    18173,
    19242,
    20311,
    21380,
    22449,
    23518,
    24587,
    25656,
    26725,
    27794,
    28863,
    29932,
    31001,
    32070,
    33139,
    34208,
    35277,
    36346,
    37415,
    38484,
    39553,
    40622,
    41691,
    42760,
    43829,
    44898,
    45967,
    47036,
    48105,
    49174,
    50243,
    51312,
    52381,
    53450,
    54519,
    55588,
    56657,
    57726,
    58795,
    59864,
    60933,
    62002,
    63071,
    64140,
    65209,
    66278,
    67347,
    68416,
    69485,
    70554,
    71623,
    72692,
    73761,
    74830,
    75899,
    76968,
    78037,
    79106,
    80175,
    81244,
    82313,
    83382,
    84451,
    85520,
    86589,
    87658,
    88727,
    89796,
    90865,
    91934,
    93003,
    94072,
    95141,
    96210,
    97279,
    98348,
    99417,
    100486,
    101555,
    102624,
    103693,
    104762,
    105831,
    106900
  ],
  "median": {
    "estimate": 916.7380009126678,
    "lower_bound": 913.1368172304224,
    "unit": "ns",
    "upper_bound": 924.6911389955164
  },
  "unit": "ns",
  "typical": {
    "estimate": 926.3737366294886,
    "lower_bound": 920.6894210754988,
    "unit": "ns",
    "upper_bound": 932.6994591162672
  },
  "measured_values": [
    965100.0,
    1903400.0,
    2849600.0,
    4660400.0,
    5105100.0,
    5704300.0,
    7009000.0,
    7934600.0,
    8743100.0,
    9518800.0,
    10657500.0,
    12039500.0,
    13447000.0,
    13681600.0,
    14443400.0,
    15247700.0,
    16360400.0,
    17336100.0,
    18318500.0,
    19864200.0,
    22608700.0,
    21367800.0,
    22061400.0,
    22969500.0,
    23891700.0,
    25011200.0,
    26636800.0,
    29508000.0,
    27859900.0,
    29624500.0,
    30286300.0,
    31656400.0,
    31756500.0,
    33041700.0,
    34041800.0,
    35061100.0,
    36744500.0,
    37159400.0,
    40969700.0,
    39349200.0,
    40887000.0,
    41208500.0,
    42997800.0,
    43346200.0,
    44010200.0,
    48384400.0,
    45849200.0,
    49215300.0,
    48042700.0,
    48617000.0,
    49048400.0,
    51303900.0,
    53739000.0,
    55130500.0,
    54772500.0,
    54184600.0,
    55188600.0,
    57332700.0,
    59294900.0,
    58579500.0,
    59230300.0,
    60730400.0,
    62818000.0,
    69133300.0,
    64963500.0,
    66528300.0,
    66675000.0,
    65306600.0,
    67014500.0,
    69355000.0,
    69234700.0,
    79349200.0,
    70518600.0,
    72281100.0,
    75795600.0,
    75014400.0,
    79846700.0,
    76204300.0,
    77030100.0,
    77200900.0,
    82919400.0,
    78574200.0,
    82279900.0,
    84315500.0,
    82018300.0,
    88955500.0,
    86749700.0,
    86064400.0,
    87094600.0,
    87303000.0,
    90100600.0,
    89584900.0,
    93475100.0,
    92935300.0,
    92100600.0,
    96711500.0,
    96129700.0,
    96579900.0,
    95120600.0,
    98943300.0
  ],
  "mean": {
    "estimate": 925.5605778137271,
    "lower_bound": 919.7487351350992,
    "unit": "ns",
    "upper_bound": 932.0276235378428
  },
  "slope": {
    "estimate": 926.3737366294886,
    "lower_bound": 920.6894210754988,
    "unit": "ns",
    "upper_bound": 932.6994591162672
  },
  "throughput": []
}