{
  "mean": {
    "estimate": 1511.579154816872,
    "lower_bound": 1503.0875439559488,
    "unit": "ns",
    "upper_bound": 1520.9582483569577
  },
  "iteration_count": [
    652,
    1304,
    1956,
    2608,
    3260,
    3912,
    4564,
    5216,
    5868,
    6520,
    7172,
    7824,
    8476,
    9128,
    9780,
    10432,
    11084,
    11736,
    12388,
    13040,
    13692,
    14344,
    14996,
    15648,
    16300,
    16952,
    17604,
    18256,
    18908,
    19560,
    20212,
    20864,
    21516,
    22168,
    22820,
    23472,
    24124,
    24776,
    25428,
    26080,
    26732,
    27384,
    28036,
    28688,
    29340,
    29992,
    30644,
    31296,
    31948,
    32600,
    33252,
    33904,
    34556,
    35208,
    35860,
    36512,
    37164,
    37816,
    38468,
    39120,
    39772,
    40424,
    41076,
    41728,
    42380,
    43032,
    43684,
    44336,
    44988,
    45640,
    46292,
    46944,
    47596,
    48248,
    48900,
    49552,
    50204,
    50856,
    51508,
    52160,
    52812,
    53464,
    54116,
    54768,
    55420,
    56072,
    56724,
    57376,
    58028,
    58680,
    59332,
    59984,
    60636,
    61288,
    61940,
    62592,
    63244,
    63896,
    64548,
    65200
  ],
  "unit": "ns",
  "typical": {
    "estimate": 1511.528574251986,
    "lower_bound": 1504.352271608596,
    "unit": "ns",
    "upper_bound": 1518.9302566136832
  },
  "throughput": [],
  "median": {
    "estimate": 1502.683699442445,
    "lower_bound": 1489.9145145743175,
    "unit": "ns",
    "upper_bound": 1514.375972896255
  },
  "report_directory": "E:\\_ranim\\ranim-bench\\ranim\\target\\criterion\\reports\\extract\\polygon\\40",
  "median_abs_dev": {
    "estimate": 37.636363726574096,
    "lower_bound": 28.321958185671765,
    "unit": "ns",
    "upper_bound": 49.22332593496597
  },
  "slope": {
    "estimate": 1511.528574251986,
    "lower_bound": 1504.352271608596,
    "unit": "ns",
    "upper_bound": 1518.9302566136832
  },
  "measured_values": [
    961800.0,
    1913400.0,
    2877600.0,
    3878900.0,
    4764500.0,
    5704800.0,
    6856400.0,
    7636000.0,
    9226200.0,
    9882900.0,
    10569800.0,
    11480800.0,
    14712300.0,
    15005000.0,
    14481100.0,
    15366500.0,
    17235900.0,
    17988400.0,
    19415600.0,
    19535700.0,
    21471200.0,
    21165800.0,
    22891500.0,
    22947100.0,
    23965700.0,
    26734300.0,
    25853500.0,
    27053700.0,
    27994800.0,
    28898800.0,
    30391600.0,
    30721800.0,
    35978200.0,
    34307800.0,
    34335100.0,
    34675000.0,
    36680100.0,
    37093300.0,
    37564900.0,
    38572900.0,
    42192600.0,
    40122300.0,
    43550500.0,
    44066700.0,
    45364200.0,
    44019400.0,
    45719000.0,
    46957000.0,
    47193600.0,
    48158400.0,
    50193300.0,
    50445400.0,
    54674500.0,
    56505600.0,
    54353500.0,
    54822200.0,
    56089100.0,
    56089400.0,
    56506400.0,
    57680000.0,
    59658400.0,
    61275100.0,
    60520600.0,
    63196100.0,
    64382300.0,
    64394600.0,
    66154000.0,
    67955200.0,
    69458900.0,
    69392700.0,
    70197500.0,
    69414500.0,
    73394400.0,
    74745200.0,
    72947100.0,
    73299600.0,
    76498500.0,
    79769700.0,
    76294200.0,
    77499700.0,
    78024200.0,
    78961300.0,
    81826800.0,
    86571500.0,
    81934200.0,
    82379000.0,
    87961900.0,
    88610200.0,
    87439900.0,
    90278100.0,
    90105200.0,
    91411800.0,
    91364300.0,
    92121300.0,
    94048900.0,
    93670500.0,
    95506800.0,
    94286400.0,
    98458700.0,
    99026600.0
  ],
  "change": {
    "change": "NoChange",
    "mean": {
      "estimate": 0.0037941702774966224,
      "lower_bound": -0.0050313655258107095,
      "unit": "%",
      "upper_bound": 0.012657434490379196
    },
    "median": {
      "estimate": 0.004613834940971007,
      "lower_bound": -0.005134391887799961,
      "unit": "%",
      "upper_bound": 0.013339829517827084
    }
  }
}