{
  "iteration_count": [
    1223,
    2446,
    3669,
    4892,
    6115,
    7338,
    8561,
    9784,
    11007,
    12230,
    13453,
    14676,
    15899,
    17122,
    18345,
    19568,
    20791,
    22014,
    23237,
    24460,
    25683,
    26906,
    28129,
    29352,
    30575,
    31798,
    33021,
    34244,
    35467,
    36690,
    37913,
    39136,
    40359,
    41582,
    42805,
    44028,
    45251,
    46474,
    47697,
    48920,
    50143,
    51366,
    52589,
    53812,
    55035,
    56258,
    57481,
    58704,
    59927,
    61150,
    62373,
    63596,
    64819,
    66042,
    67265,
    68488,
    69711,
    70934,
    72157,
    73380,
    74603,
    75826,
    77049,
    78272,
    79495,
    80718,
    81941,
    83164,
    84387,
    85610,
    86833,
    88056,
    89279,
    90502,
    91725,
    92948,
    94171,
    95394,
    96617,
    97840,
    99063,
    100286,
    101509,
    102732,
    103955,
    105178,
    106401,
    107624,
    108847,
    110070,
    111293,
    112516,
    113739,
    114962,
    116185,
    117408,
    118631,
    119854,
    121077,
    122300
  ],
  "report_directory": "E:\\_ranim\\ranim-bench\\ranim\\target\\criterion\\reports\\extract\\polygon\\5",
  "median_abs_dev": {
    "estimate": 22.967313663459528,
    "lower_bound": 17.449341282778516,
    "unit": "ns",
    "upper_bound": 29.27147424432069
  },
  "slope": {
    "estimate": 817.8452245463743,
    "lower_bound": 812.1462874280666,
    "unit": "ns",
    "upper_bound": 823.9122867555997
  },
  "median": {
    "estimate": 812.036290385742,
    "lower_bound": 804.9273838726006,
    "unit": "ns",
    "upper_bound": 818.0794040156264
  },
  "unit": "ns",
  "measured_values": [
    981300.0,
    2002000.0,
    2891500.0,
    3824000.0,
    4776000.0,
    5892600.0,
    6829000.0,
    7731100.0,
    9310100.0,
    12597000.0,
    11667900.0,
    11573100.0,
    13450400.0,
    13596700.0,
    14489800.0,
    15775100.0,
    17367400.0,
    18458200.0,
    18653300.0,
    19725100.0,
    20881200.0,
    21180100.0,
    22078900.0,
    23582600.0,
    25304600.0,
    26119100.0,
    27329300.0,
    32370800.0,
    28811200.0,
    29016300.0,
    32009600.0,
    33776600.0,
    32849500.0,
    35220700.0,
    33534300.0,
    35352300.0,
    36894700.0,
    36744200.0,
    39056600.0,
    41333600.0,
    40840900.0,
    41345900.0,
    41986600.0,
    44249600.0,
    44212800.0,
    44903200.0,
    47524300.0,
    47716600.0,
    47696600.0,
    50798500.0,
    49618600.0,
    50948400.0,
    51779200.0,
    54077700.0,
    56312500.0,
    55217600.0,
    55119700.0,
    56168200.0,
    58563100.0,
    59712500.0,
    63053200.0,
    61686800.0,
    63032200.0,
    62132400.0,
    62526600.0,
    64303300.0,
    64679400.0,
    66111600.0,
    66821800.0,
    71817400.0,
    71653400.0,
    70850400.0,
    73455000.0,
    72479200.0,
    74085400.0,
    78002200.0,
    77629100.0,
    79673000.0,
    77941000.0,
    79071500.0,
    81253800.0,
    82049200.0,
    90033700.0,
    89174500.0,
    82925800.0,
    87083200.0,
    84089700.0,
    93095000.0,
    91288400.0,
    89347600.0,
    88451200.0,
    90088800.0,
    95134000.0,
    96886300.0,
    91363900.0,
    96641400.0,
    98075300.0,
    98737900.0,
    98191500.0,
    99574500.0
  ],
  "change": {
    "change": "Regressed",
    "mean": {
      "estimate": 0.023978057820414733,
      "lower_bound": 0.01444878846772026,
      "unit": "%",
      "upper_bound": 0.03558616315438643
    },
    "median": {
      "estimate": 0.028727698515345738,
      "lower_bound": 0.01417672788677747,
      "unit": "%",
      "upper_bound": 0.03766870811226823
    }
  },
  "mean": {
    "estimate": 817.5309514897111,
    "lower_bound": 811.5755947223373,
    "unit": "ns",
    "upper_bound": 824.5280332730791
  },
  "typical": {
    "estimate": 817.8452245463743,
    "lower_bound": 812.1462874280666,
    "unit": "ns",
    "upper_bound": 823.9122867555997
  },
  "throughput": []
}