{
  "unit": "ns",
  "median_abs_dev": {
    "estimate": 39.05976224981291,
    "lower_bound": 24.92437929848472,
    "unit": "ns",
    "upper_bound": 50.24673128959963
  },
  "report_directory": "E:\\_ranim\\ranim-bench\\ranim\\target\\criterion\\reports\\extract\\polygon\\40",
  "mean": {
    "estimate": 3493.85431027845,
    "lower_bound": 3480.4598963106687,
    "unit": "ns",
    "upper_bound": 3508.600598471704
  },
  "median": {
    "estimate": 3466.8452115260625,
    "lower_bound": 3458.007320979181,
    "unit": "ns",
    "upper_bound": 3474.9778490236085
  },
  "change": {
    "change": "NoChange",
    "mean": {
      "estimate": -0.0063165764281925,
      "lower_bound": -0.014182244651529893,
      "unit": "%",
      "upper_bound": 0.00043242972196379177
    },
    "median": {
      "estimate": -0.003743464598674362,
      "lower_bound": -0.007783793046122789,
      "unit": "%",
      "upper_bound": -0.0007653666796845204
    }
  },
  "throughput": [],
  "typical": {
    "estimate": 3502.3758886209357,
    "lower_bound": 3487.2903230925112,
    "unit": "ns",
    "upper_bound": 3519.225184429509
  },
  "measured_values": [
    967600.0,
    1930400.0,
    2941400.0,
    3865800.0,
    4923000.0,
    5783500.0,
    6828100.0,
    7743400.0,
    8736300.0,
    9682600.0,
    10750900.0,
    11919200.0,
    12713300.0,
    13564300.0,
    14524500.0,
    15766700.0,
    16544400.0,
    19233500.0,
    18607600.0,
    19560800.0,
    20301500.0,
    21417700.0,
    22492800.0,
    23644300.0,
    24255300.0,
    25139700.0,
    26335600.0,
    27249000.0,
    28878100.0,
    29270900.0,
    30157800.0,
    31176800.0,
    32623600.0,
    32955200.0,
    35872600.0,
    36792800.0,
    37451600.0,
    37045900.0,
    38162800.0,
    39647800.0,
    41647400.0,
    40785200.0,
    42464700.0,
    42811300.0,
    43782400.0,
    44907900.0,
    45595800.0,
    47472900.0,
    47861600.0,
    50137400.0,
    49600100.0,
    50386400.0,
    53282400.0,
    55891100.0,
    53542900.0,
    54300500.0,
    55578400.0,
    56815500.0,
    57283000.0,
    58293300.0,
    62594600.0,
    60459800.0,
    61563000.0,
    65369600.0,
    63308300.0,
    65315800.0,
    67410800.0,
    71602400.0,
    72666800.0,
    68349600.0,
    69022500.0,
    72706900.0,
    71564200.0,
    72485800.0,
    74214300.0,
    73767700.0,
    75185600.0,
    77160900.0,
    76568700.0,
    78268800.0,
    81128600.0,
    83267900.0,
    80817200.0,
    85605700.0,
    83543700.0,
    83557600.0,
    84733900.0,
    87832000.0,
    86590800.0,
    89414500.0,
    88577200.0,
    90887500.0,
    92987800.0,
    94375000.0,
    93644100.0,
    94566800.0,
    95431600.0,
    95099300.0,
    96939500.0,
    97955600.0
  ],
  "slope": {
    "estimate": 3502.3758886209357,
    "lower_bound": 3487.2903230925112,
    "unit": "ns",
    "upper_bound": 3519.225184429509
  },
  "iteration_count": [
    282,
    564,
    846,
    1128,
    1410,
    1692,
    1974,
    2256,
    2538,
    2820,
    3102,
    3384,
    3666,
    3948,
    4230,
    4512,
    4794,
    5076,
    5358,
    5640,
    5922,
    6204,
    6486,
    6768,
    7050,
    7332,
    7614,
    7896,
    8178,
    8460,
    8742,
    9024,
    9306,
    9588,
    9870,
    10152,
    10434,
    10716,
    10998,
    11280,
    11562,
    11844,
    12126,
    12408,
    12690,
    12972,
    13254,
    13536,
    13818,
    14100,
    14382,
    14664,
    14946,
    15228,
    15510,
    15792,
    16074,
    16356,
    16638,
    16920,
    17202,
    17484,
    17766,
    18048,
    18330,
    18612,
    18894,
    19176,
    19458,
    19740,
    20022,
    20304,
    20586,
    20868,
    21150,
    21432,
    21714,
    21996,
    22278,
    22560,
    22842,
    23124,
    23406,
    23688,
    23970,
    24252,
    24534,
    24816,
    25098,
    25380,
    25662,
    25944,
    26226,
    26508,
    26790,
    27072,
    27354,
    27636,
    27918,
    28200
  ]
}