{
  "report_directory": "E:\\_ranim\\ranim-bench\\ranim\\target\\criterion\\reports\\extract\\polygon\\20",
  "mean": {
    "estimate": 2149.7433646792274,
    "lower_bound": 2133.5581721403505,
    "unit": "ns",
    "upper_bound": 2166.001781692916
  },
  "throughput": [],
  "median": {
    "estimate": 2164.1228255477645,
    "lower_bound": 2106.220047419664,
    "unit": "ns",
    "upper_bound": 2194.2779443664667
  },
  "median_abs_dev": {
    "estimate": 99.2081961001745,
    "lower_bound": 73.45908106825797,
    "unit": "ns",
    "upper_bound": 124.93106980315753
  },
  "slope": {
    "estimate": 2126.7797371895704,
    "lower_bound": 2111.2364171338268,
    "unit": "ns",
    "upper_bound": 2143.89542304358
  },
  "change": {
    "change": "NoChange",
    "mean": {
      "estimate": 0.0019133814605536423,
      "lower_bound": -0.00816782382198317,
      "unit": "%",
      "upper_bound": 0.01237932952585137
    },
    "median": {
      "estimate": 0.020631518882782585,
      "lower_bound": -0.00872562578919045,
      "unit": "%",
      "upper_bound": 0.03541303338690205
    }
  },
  "typical": {
    "estimate": 2126.7797371895704,
    "lower_bound": 2111.2364171338268,
    "unit": "ns",
    "upper_bound": 2143.89542304358
  },
  "iteration_count": [
    461,
    922,
    1383,
    1844,
    2305,
    2766,
    3227,
    3688,
    4149,
    4610,
    5071,
    5532,
    5993,
    6454,
    6915,
    7376,
    7837,
    8298,
    8759,
    9220,
    9681,
    10142,
    10603,
    11064,
    11525,
    11986,
    12447,
    12908,
    13369,
    13830,
    14291,
    14752,
    15213,
    15674,
    16135,
    16596,
    17057,
    17518,
    17979,
    18440,
    18901,
    19362,
    19823,
    20284,
    20745,
    21206,
    21667,
    22128,
    22589,
    23050,
    23511,
    23972,
    24433,
    24894,
    25355,
    25816,
    26277,
    26738,
    27199,
    27660,
    28121,
    28582,
    29043,
    29504,
    29965,
    30426,
    30887,
    31348,
    31809,
    32270,
    32731,
    33192,
    33653,
    34114,
    34575,
    35036,
    35497,
    35958,
    36419,
    36880,
    37341,
    37802,
    38263,
    38724,
    39185,
    39646,
    40107,
    40568,
    41029,
    41490,
    41951,
    42412,
    42873,
    43334,
    43795,
    44256,
    44717,
    45178,
    45639,
    46100
  ],
  "unit": "ns",
  "measured_values": [
    1057800.0,
    2109300.0,
    2893900.0,
    3954000.0,
    5076200.0,
    6105400.0,
    7026400.0,
    8208100.0,
    9074400.0,
    10212300.0,
    11242800.0,
    12142900.0,
    13173300.0,
    14349100.0,
    15706300.0,
    16162900.0,
    17192300.0,
    16892100.0,
    18089500.0,
    18926100.0,
    21756400.0,
    20898000.0,
    21729800.0,
    22556600.0,
    23867600.0,
    24397500.0,
    25437300.0,
    27539500.0,
    27644800.0,
    28447700.0,
    29174700.0,
    30334300.0,
    31183900.0,
    37386900.0,
    35914600.0,
    36254100.0,
    37796200.0,
    38217800.0,
    39394300.0,
    40472500.0,
    41505400.0,
    42558700.0,
    43009200.0,
    44379800.0,
    46070300.0,
    47883600.0,
    48459500.0,
    50682700.0,
    49955500.0,
    50623100.0,
    53273800.0,
    52629700.0,
    55598400.0,
    54866000.0,
    57420200.0,
    57671900.0,
    58501300.0,
    58656100.0,
    59921600.0,
    63663200.0,
    62240800.0,
    63772600.0,
    64333000.0,
    65235700.0,
    68215500.0,
    62462500.0,
    63390900.0,
    63848800.0,
    65345600.0,
    66823000.0,
    68753500.0,
    68432700.0,
    68714100.0,
    70601600.0,
    71336800.0,
    73574700.0,
    73426100.0,
    73743100.0,
    74210400.0,
    75336200.0,
    75844800.0,
    80256300.0,
    80604900.0,
    79907800.0,
    82761600.0,
    83503200.0,
    84840500.0,
    84141500.0,
    86410500.0,
    86493300.0,
    86571300.0,
    89219800.0,
    89817500.0,
    90888100.0,
    96206500.0,
    95530300.0,
    92800600.0,
    95240700.0,
    101034200.0,
    99131100.0
  ]
}