{
  "measured_values": [
    1081500.0,
    2208700.0,
    3210400.0,
    3947700.0,
    4923400.0,
    6063300.0,
    6888800.0,
    8211900.0,
    8891400.0,
    9974000.0,
    12605100.0,
    11820800.0,
    12874900.0,
    14165200.0,
    14893100.0,
    15833100.0,
    16810500.0,
    17230200.0,
    18800900.0,
    19955400.0,
    19944700.0,
    20830400.0,
    24682600.0,
    22697200.0,
    24576000.0,
    24646600.0,
    25369700.0,
    27191200.0,
    28680500.0,
    28509700.0,
    29513000.0,
    30721400.0,
    31662900.0,
    33872100.0,
    34626600.0,
    35655800.0,
    36564400.0,
    37505000.0,
    38845300.0,
    39521000.0,
    40515400.0,
    41993000.0,
    42811600.0,
    43984300.0,
    46176600.0,
    47383500.0,
    47262600.0,
    49041500.0,
    48816200.0,
    51392800.0,
    51499300.0,
    52711200.0,
    53075800.0,
    56403500.0,
    55381800.0,
    56848800.0,
    59042200.0,
    60863200.0,
    63823900.0,
    61275900.0,
    62170400.0,
    66996800.0,
    63258600.0,
    64388800.0,
    69109200.0,
    66479700.0,
    63580200.0,
    66853100.0,
    65924400.0,
    68154000.0,
    70622400.0,
    71254100.0,
    69316700.0,
    70532700.0,
    71809200.0,
    72988400.0,
    75547100.0,
    74808100.0,
    75528500.0,
    76175600.0,
    76501000.0,
    79943000.0,
    79706000.0,
    84108100.0,
    83962700.0,
    84066900.0,
    83667900.0,
    84986800.0,
    85774700.0,
    86996000.0,
    89159200.0,
    90210700.0,
    90700400.0,
    92618200.0,
    93266400.0,
    93329900.0,
    95847600.0,
    96429000.0,
    98759100.0,
    101874600.0
  ],
  "typical": {
    "estimate": 3560.7700056389604,
    "lower_bound": 3538.482545394729,
    "unit": "ns",
    "upper_bound": 3585.5064961339904
  },
  "mean": {
    "estimate": 3589.1421767983447,
    "lower_bound": 3563.8604554414896,
    "unit": "ns",
    "upper_bound": 3616.376364713076
  },
  "slope": {
    "estimate": 3560.7700056389604,
    "lower_bound": 3538.482545394729,
    "unit": "ns",
    "upper_bound": 3585.5064961339904
  },
  "change": {
    "change": "NoChange",
    "mean": {
      "estimate": 0.00005932643510386803,
      "lower_bound": -0.009486687910043689,
      "unit": "%",
      "upper_bound": 0.010263579329819014
    },
    "median": {
      "estimate": -0.0008400355577964369,
      "lower_bound": -0.006702892533211657,
      "unit": "%",
      "upper_bound": 0.006048486403410491
    }
  },
  "report_directory": "E:\\_ranim\\ranim-bench\\ranim\\target\\criterion\\reports\\extract\\polygon\\40",
  "throughput": [],
  "median": {
    "estimate": 3568.7364046994544,
    "lower_bound": 3556.1973525872445,
    "unit": "ns",
    "upper_bound": 3590.908628667311
  },
  "iteration_count": [
    277,
    554,
    831,
    1108,
    1385,
    1662,
    1939,
    2216,
    2493,
    2770,
    3047,
    3324,
    3601,
    3878,
    4155,
    4432,
    4709,
    4986,
    5263,
    5540,
    5817,
    6094,
    6371,
    6648,
    6925,
    7202,
    7479,
    7756,
    8033,
    8310,
    8587,
    8864,
    9141,
    9418,
    9695,
    9972,
    10249,
    10526,
    10803,
    11080,
    11357,
    11634,
    11911,
    12188,
    12465,
    12742,
    13019,
    13296,
    13573,
    13850,
    14127,
    14404,
    14681,
    14958,
    15235,
    15512,
    15789,
    16066,
    16343,
    16620,
    16897,
    17174,
    17451,
    17728,
    18005,
    18282,
    18559,
    18836,
    19113,
    19390,
    19667,
    19944,
    20221,
    20498,
    20775,
    21052,
    21329,
    21606,
    21883,
    22160,
    22437,
    22714,
    22991,
    23268,
    23545,
    23822,
    24099,
    24376,
    24653,
    24930,
    25207,
    25484,
    25761,
    26038,
    26315,
    26592,
    26869,
    27146,
    27423,
    27700
  ],
  "unit": "ns",
  "median_abs_dev": {
    "estimate": 99.36639740826624,
    "lower_bound": 67.9882703470831,
    "unit": "ns",
    "upper_bound": 144.26629492072098
  }
}