{
  "median_abs_dev": {
    "estimate": 17.404736785195123,
    "lower_bound": 14.105030812606982,
    "unit": "ns",
    "upper_bound": 21.48810214102207
  },
  "mean": {
    "estimate": 1052.359528157403,
    "lower_bound": 1047.8255775877783,
    "unit": "ns",
    "upper_bound": 1057.2802858188224
  },
  "iteration_count": [
    941,
    1882,
    2823,
    3764,
    4705,
    5646,
    6587,
    7528,
    8469,
    9410,
    10351,
    11292,
    12233,
    13174,
    14115,
    15056,
    15997,
    16938,
    17879,
    18820,
    19761,
    20702,
    21643,
    22584,
    23525,
    24466,
    25407,
    26348,
    27289,
    28230,
    29171,
    30112,
    31053,
    31994,
    32935,
    33876,
    34817,
    35758,
    36699,
    37640,
    38581,
    39522,
    40463,
    41404,
    42345,
    43286,
    44227,
    45168,
    46109,
    47050,
    47991,
    48932,
    49873,
    50814,
    51755,
    52696,
    53637,
    54578,
    55519,
    56460,
    57401,
    58342,
    59283,
    60224,
    61165,
    62106,
    63047,
    63988,
    64929,
    65870,
    66811,
    67752,
    68693,
    69634,
    70575,
    71516,
    72457,
    73398,
    74339,
    75280,
    76221,
    77162,
    78103,
    79044,
    79985,
    80926,
    81867,
    82808,
    83749,
    84690,
    85631,
    86572,
    87513,
    88454,
    89395,
    90336,
    91277,
    92218,
    93159,
    94100
  ],
  "median": {
    "estimate": 1049.1255815686477,
    "lower_bound": 1043.93916391791,
    "unit": "ns",
    "upper_bound": 1052.1789762663834
  },
  "slope": {
    "estimate": 1051.3573799335934,
    "lower_bound": 1046.166980633089,
    "unit": "ns",
    "upper_bound": 1057.6299593928563
  },
  "typical": {
    "estimate": 1051.3573799335934,
    "lower_bound": 1046.166980633089,
    "unit": "ns",
    "upper_bound": 1057.6299593928563
  },
  "report_directory": "E:\\_ranim\\ranim-bench\\ranim\\target\\criterion\\reports\\extract\\polygon\\5",
  "throughput": [],
  "change": {
    "change": "NoChange",
    "mean": {
      "estimate": -0.007471710412269905,
      "lower_bound": -0.015114198281017772,
      "unit": "%",
      "upper_bound": 0.00022032257531926292
    },
    "median": {
      "estimate": -0.005291196257469655,
      "lower_bound": -0.011384172133823813,
      "unit": "%",
      "upper_bound": 0.0008240251719073832
    }
  },
  "measured_values": [
    1012400.0,
    1996100.0,
    2924900.0,
    3909600.0,
    4886100.0,
    5927200.0,
    6960600.0,
    8004100.0,
    9579600.0,
    10245400.0,
    10765800.0,
    11896800.0,
    12716800.0,
    13833800.0,
    14997100.0,
    15712000.0,
    16759300.0,
    17653000.0,
    18229000.0,
    19665600.0,
    20137000.0,
    21103500.0,
    22565300.0,
    23388000.0,
    24036100.0,
    25284600.0,
    25806200.0,
    27383700.0,
    29809000.0,
    29053900.0,
    29678200.0,
    31590500.0,
    31831300.0,
    33929000.0,
    34060600.0,
    35937600.0,
    36896100.0,
    37585100.0,
    40361700.0,
    39615100.0,
    41337100.0,
    44321300.0,
    42696100.0,
    43391400.0,
    45975200.0,
    46952300.0,
    45815700.0,
    47209200.0,
    48935700.0,
    49741200.0,
    51313700.0,
    51991000.0,
    52227800.0,
    54272400.0,
    54185600.0,
    55616100.0,
    56181800.0,
    57287400.0,
    58302100.0,
    60279600.0,
    62639500.0,
    61358400.0,
    61876600.0,
    63213300.0,
    64830400.0,
    66046300.0,
    64773900.0,
    66249100.0,
    65951500.0,
    69804400.0,
    69308300.0,
    68906200.0,
    74490800.0,
    75947600.0,
    82140500.0,
    76491300.0,
    75640700.0,
    79972400.0,
    76866400.0,
    79760800.0,
    80571000.0,
    80954600.0,
    80275500.0,
    82589300.0,
    82704100.0,
    85147900.0,
    84293500.0,
    85869600.0,
    87382500.0,
    89084100.0,
    88882800.0,
    92083100.0,
    92790900.0,
    94346700.0,
    92112800.0,
    93361900.0,
    94898900.0,
    95857000.0,
    96715000.0,
    97798000.0
  ],
  "unit": "ns"
}