{
  "slope": {
    "estimate": 461.21204642082154,
    "lower_bound": 460.3993957706344,
    "unit": "ns",
    "upper_bound": 462.00886119673294
  },
  "change": {
    "change": "Regressed",
    "mean": {
      "estimate": 0.017163550054860588,
      "lower_bound": 0.01343848362232916,
      "unit": "%",
      "upper_bound": 0.020794735167823312
    },
    "median": {
      "estimate": 0.01467803602441653,
      "lower_bound": 0.012330561241130413,
      "unit": "%",
      "upper_bound": 0.018106391702974012
    }
  },
  "throughput": [],
  "iteration_count": [
    2128,
    4256,
    6384,
    8512,
    10640,
    12768,
    14896,
    17024,
    19152,
    21280,
    23408,
    25536,
    27664,
    29792,
    31920,
    34048,
    36176,
    38304,
    40432,
    42560,
    44688,
    46816,
    48944,
    51072,
    53200,
    55328,
    57456,
    59584,
    61712,
    63840,
    65968,
    68096,
    70224,
    72352,
    74480,
    76608,
    78736,
    80864,
    82992,
    85120,
    87248,
    89376,
    91504,
    93632,
    95760,
    97888,
    100016,
    102144,
    104272,
    106400,
    108528,
    110656,
    112784,
    114912,
    117040,
    119168,
    121296,
    123424,
    125552,
    127680,
    129808,
    131936,
    134064,
    136192,
    138320,
    140448,
    142576,
    144704,
    146832,
    148960,
    151088,
    153216,
    155344,
    157472,
    159600,
    161728,
    163856,
    165984,
    168112,
    170240,
    172368,
    174496,
    176624,
    178752,
    180880,
    183008,
    185136,
    187264,
    189392,
    191520,
    193648,
    195776,
    197904,
    200032,
    202160,
    204288,
    206416,
    208544,
    210672,
    212800
  ],
  "report_directory": "/Volumes/Files/_ranim/ranim-bench/ranim/target/criterion/reports/extract/arc",
  "mean": {
    "estimate": 461.49430974665165,
    "lower_bound": 460.50835025942985,
    "unit": "ns",
    "upper_bound": 462.59979964304415
  },
  "median": {
    "estimate": 461.04483243758114,
    "lower_bound": 460.1546685222672,
    "unit": "ns",
    "upper_bound": 461.9476314550726
  },
  "unit": "ns",
  "measured_values": [
    1051875.0,
    2023500.0,
    3051500.0,
    4002375.0,
    4848916.0,
    5813958.0,
    6921834.0,
    7836958.0,
    8767791.0,
    9866791.0,
    10601959.0,
    11720417.0,
    12642125.0,
    13539625.0,
    14483833.0,
    15591167.0,
    16371750.0,
    17616334.0,
    18820709.0,
    19700541.0,
    20489250.0,
    21204667.0,
    22462459.0,
    23522500.0,
    24469542.0,
    25621500.0,
    26722125.0,
    27313334.0,
    28678542.0,
    29369500.0,
    30541958.0,
    31626334.0,
    32352667.0,
    33777208.0,
    34347750.0,
    35444333.0,
    36913750.0,
    37493083.0,
    38359875.0,
    39489166.0,
    40350833.0,
    41099791.0,
    42188875.0,
    42963875.0,
    44507542.0,
    45112333.0,
    45705625.0,
    46474125.0,
    48702833.0,
    49192292.0,
    49725667.0,
    50918875.0,
    52267042.0,
    53081959.0,
    54121208.0,
    54929291.0,
    56440291.0,
    56731292.0,
    58400292.0,
    58859958.0,
    59633625.0,
    60645000.0,
    61778500.0,
    62530416.0,
    62524416.0,
    63909416.0,
    66171375.0,
    66751625.0,
    67497042.0,
    68254042.0,
    69432917.0,
    71044750.0,
    71680000.0,
    72415541.0,
    73979875.0,
    74183750.0,
    75288709.0,
    76553292.0,
    76743000.0,
    78113083.0,
    79561834.0,
    81975208.0,
    81481792.0,
    82723542.0,
    83886625.0,
    84695834.0,
    85276542.0,
    86159541.0,
    87586291.0,
    87840208.0,
    88485667.0,
    89086292.0,
    91546208.0,
    92512541.0,
    93201667.0,
    94351042.0,
    95900417.0,
    96356125.0,
    97177583.0,
    99392292.0
  ],
  "typical": {
    "estimate": 461.21204642082154,
    "lower_bound": 460.3993957706344,
    "unit": "ns",
    "upper_bound": 462.00886119673294
  },
  "median_abs_dev": {
    "estimate": 3.2541832095343852,
    "lower_bound": 2.459780492405968,
    "unit": "ns",
    "upper_bound": 4.048417876317002
  }
}