{
  "report_directory": "/Volumes/Files/_ranim/ranim-bench/ranim/target/criterion/reports/extract/circle",
  "mean": {
    "estimate": 482.06376150101624,
    "lower_bound": 481.44593113204814,
    "unit": "ns",
    "upper_bound": 482.7034184548842
  },
  "measured_values": [
    1004084.0,
    1971125.0,
    2959875.0,
    3922083.0,
    4912416.0,
    6073375.0,
    7004250.0,
    7894167.0,
    9026125.0,
    9947583.0,
    11099750.0,
    11975250.0,
    12938208.0,
    13870667.0,
    14743250.0,
    15795333.0,
    16988292.0,
    18060416.0,
    18478667.0,
    19632959.0,
    20773791.0,
    21786583.0,
    22553167.0,
    23742875.0,
    24886417.0,
    25679625.0,
    26832333.0,
    27641833.0,
    28507000.0,
    29646458.0,
    30933042.0,
    31727583.0,
    32440708.0,
    33703958.0,
    34655917.0,
    35385834.0,
    36170500.0,
    37334417.0,
    38896500.0,
    39397917.0,
    40578417.0,
    41227542.0,
    42324167.0,
    43066750.0,
    44511167.0,
    45695167.0,
    46776417.0,
    47314709.0,
    48582000.0,
    49262667.0,
    50728750.0,
    51558583.0,
    52921125.0,
    53545042.0,
    54313250.0,
    54904292.0,
    56499750.0,
    57274750.0,
    58207042.0,
    59575709.0,
    60312667.0,
    61577750.0,
    62699000.0,
    63122792.0,
    63558625.0,
    65480792.0,
    66187708.0,
    66983042.0,
    68034417.0,
    68895750.0,
    70406958.0,
    70615708.0,
    71967167.0,
    72800833.0,
    74387667.0,
    75023375.0,
    75951375.0,
    77044625.0,
    77891459.0,
    79385375.0,
    80016250.0,
    80973084.0,
    82322250.0,
    83327958.0,
    84174750.0,
    85006542.0,
    86041667.0,
    87674792.0,
    87814209.0,
    88955000.0,
    89697458.0,
    90622125.0,
    91412667.0,
    91789208.0,
    94175583.0,
    95154334.0,
    95858250.0,
    96662584.0,
    98179042.0,
    99484708.0
  ],
  "slope": {
    "estimate": 481.6251687051397,
    "lower_bound": 481.0528989435776,
    "unit": "ns",
    "upper_bound": 482.16980234684536
  },
  "median": {
    "estimate": 481.6321321472193,
    "lower_bound": 481.0956732108048,
    "unit": "ns",
    "upper_bound": 482.5980392156863
  },
  "unit": "ns",
  "iteration_count": [
    2052,
    4104,
    6156,
    8208,
    10260,
    12312,
    14364,
    16416,
    18468,
    20520,
    22572,
    24624,
    26676,
    28728,
    30780,
    32832,
    34884,
    36936,
    38988,
    41040,
    43092,
    45144,
    47196,
    49248,
    51300,
    53352,
    55404,
    57456,
    59508,
    61560,
    63612,
    65664,
    67716,
    69768,
    71820,
    73872,
    75924,
    77976,
    80028,
    82080,
    84132,
    86184,
    88236,
    90288,
    92340,
    94392,
    96444,
    98496,
    100548,
    102600,
    104652,
    106704,
    108756,
    110808,
    112860,
    114912,
    116964,
    119016,
    121068,
    123120,
    125172,
    127224,
    129276,
    131328,
    133380,
    135432,
    137484,
    139536,
    141588,
    143640,
    145692,
    147744,
    149796,
    151848,
    153900,
    155952,
    158004,
    160056,
    162108,
    164160,
    166212,
    168264,
    170316,
    172368,
    174420,
    176472,
    178524,
    180576,
    182628,
    184680,
    186732,
    188784,
    190836,
    192888,
    194940,
    196992,
    199044,
    201096,
    203148,
    205200
  ],
  "median_abs_dev": {
    "estimate": 2.4419440129629333,
    "lower_bound": 2.0422414319085944,
    "unit": "ns",
    "upper_bound": 3.347135231576931
  },
  "change": {
    "change": "Regressed",
    "mean": {
      "estimate": 0.03367199208369387,
      "lower_bound": 0.03200642383573061,
      "unit": "%",
      "upper_bound": 0.03526222965562561
    },
    "median": {
      "estimate": 0.03246794010513465,
      "lower_bound": 0.031197512746885904,
      "unit": "%",
      "upper_bound": 0.035083698135111696
    }
  },
  "typical": {
    "estimate": 481.6251687051397,
    "lower_bound": 481.0528989435776,
    "unit": "ns",
    "upper_bound": 482.16980234684536
  },
  "throughput": []
}