{
  "report_directory": "/Volumes/Files/_ranim/ranim-bench/ranim/target/criterion/reports/extract/rectangle",
  "unit": "ns",
  "mean": {
    "estimate": 320.67426042801156,
    "lower_bound": 320.2001500132607,
    "unit": "ns",
    "upper_bound": 321.1527656249274
  },
  "median_abs_dev": {
    "estimate": 2.400126189683645,
    "lower_bound": 1.795101218464521,
    "unit": "ns",
    "upper_bound": 2.8670145766212443
  },
  "iteration_count": [
    3109,
    6218,
    9327,
    12436,
    15545,
    18654,
    21763,
    24872,
    27981,
    31090,
    34199,
    37308,
    40417,
    43526,
    46635,
    49744,
    52853,
    55962,
    59071,
    62180,
    65289,
    68398,
    71507,
    74616,
    77725,
    80834,
    83943,
    87052,
    90161,
    93270,
    96379,
    99488,
    102597,
    105706,
    108815,
    111924,
    115033,
    118142,
    121251,
    124360,
    127469,
    130578,
    133687,
    136796,
    139905,
    143014,
    146123,
    149232,
    152341,
    155450,
    158559,
    161668,
    164777,
    167886,
    170995,
    174104,
    177213,
    180322,
    183431,
    186540,
    189649,
    192758,
    195867,
    198976,
    202085,
    205194,
    208303,
    211412,
    214521,
    217630,
    220739,
    223848,
    226957,
    230066,
    233175,
    236284,
    239393,
    242502,
    245611,
    248720,
    251829,
    254938,
    258047,
    261156,
    264265,
    267374,
    270483,
    273592,
    276701,
    279810,
    282919,
    286028,
    289137,
    292246,
    295355,
    298464,
    301573,
    304682,
    307791,
    310900
  ],
  "slope": {
    "estimate": 320.500035977674,
    "lower_bound": 320.0349198148338,
    "unit": "ns",
    "upper_bound": 320.9613721128198
  },
  "throughput": [],
  "median": {
    "estimate": 320.9262943578816,
    "lower_bound": 320.16467335959135,
    "unit": "ns",
    "upper_bound": 321.27608673481393
  },
  "change": {
    "change": "NoChange",
    "mean": {
      "estimate": 0.009829651534082997,
      "lower_bound": 0.007087518573886515,
      "unit": "%",
      "upper_bound": 0.012661122438219569
    },
    "median": {
      "estimate": 0.005589712762104737,
      "lower_bound": 0.002698502185020324,
      "unit": "%",
      "upper_bound": 0.007311437774454754
    }
  },
  "typical": {
    "estimate": 320.500035977674,
    "lower_bound": 320.0349198148338,
    "unit": "ns",
    "upper_bound": 320.9613721128198
  },
  "measured_values": [
    1016750.0,
    1984334.0,
    3016958.0,
    4028958.0,
    5099667.0,
    6043084.0,
    7085292.0,
    7969125.0,
    8903166.0,
    9919291.0,
    10736250.0,
    11990208.0,
    13089417.0,
    13866791.0,
    15062416.0,
    15967000.0,
    17047625.0,
    17811958.0,
    18936750.0,
    20005584.0,
    21026000.0,
    21989750.0,
    22532500.0,
    23827208.0,
    24778625.0,
    25583042.0,
    27377958.0,
    27904625.0,
    28943750.0,
    29575750.0,
    30949625.0,
    32249000.0,
    32735167.0,
    34037208.0,
    35221333.0,
    36092333.0,
    36975625.0,
    37556625.0,
    38470375.0,
    39323708.0,
    40988792.0,
    41765959.0,
    42725125.0,
    44014750.0,
    44476291.0,
    45993250.0,
    46568041.0,
    48421125.0,
    48853333.0,
    49951250.0,
    50698125.0,
    51878167.0,
    52444167.0,
    53459375.0,
    54459208.0,
    56114750.0,
    57287958.0,
    57904042.0,
    59115417.0,
    59456709.0,
    60549000.0,
    62026792.0,
    62720542.0,
    63863209.0,
    64623792.0,
    65429375.0,
    66483542.0,
    68199792.0,
    69475208.0,
    69586541.0,
    70702750.0,
    72267500.0,
    72333333.0,
    72960458.0,
    74172583.0,
    75849625.0,
    76652000.0,
    77665375.0,
    78343792.0,
    79870291.0,
    80933417.0,
    81890916.0,
    82435292.0,
    83966334.0,
    85236667.0,
    85027958.0,
    85923792.0,
    88056084.0,
    89125958.0,
    90044709.0,
    90565000.0,
    92585333.0,
    92810250.0,
    93879250.0,
    94614875.0,
    95343458.0,
    97153458.0,
    97095541.0,
    99338542.0,
    98710625.0
  ]
}