{
  "measured_values": [
    118323473.0,
    115201071.0,
    115599296.0,
    117140119.0,
    115375588.0,
    115616228.0,
    115139286.0,
    114901131.0,
    115529075.0,
    116896575.0,
    114883148.0,
    117403814.0,
    115349010.0,
    116573160.0,
    114567438.0,
    115893359.0,
    115076630.0,
    116033681.0,
    114655894.0,
    113474234.0,
    115816876.0,
    113415565.0,
    113903507.0,
    110571954.0,
    112091006.0,
    109215025.0,
    113444259.0,
    110842091.0,
    112107408.0,
    109167278.0,
    110275902.0,
    105468668.0,
    109043436.0,
    109413689.0,
    110500392.0,
    111822486.0,
    109647467.0,
    109184030.0,
    110570354.0,
    110125151.0,
    109943000.0,
    111500915.0,
    109868391.0,
    112495566.0,
    112192359.0,
    112067185.0,
    110487069.0,
    113182142.0,
    109358829.0,
    111236031.0
  ],
  "throughput": [],
  "unit": "ns",
  "typical": {
    "estimate": 14106475.6025,
    "lower_bound": 14007770.903625,
    "unit": "ns",
    "upper_bound": 14204437.1581875
  },
  "median": {
    "estimate": 14104856.75,
    "lower_bound": 13937614.375,
    "unit": "ns",
    "upper_bound": 14340661.625
  },
  "median_abs_dev": {
    "estimate": 451486.2550970167,
    "lower_bound": 283734.79386270046,
    "unit": "ns",
    "upper_bound": 529760.8620073646
  },
  "report_directory": "/home/user/workspaces/ranim-bench/ranim/target/criterion/reports/merged_cpu_submit/no_wait/1600",
  "mean": {
    "estimate": 14106475.6025,
    "lower_bound": 14007770.903625,
    "unit": "ns",
    "upper_bound": 14204437.1581875
  },
  "slope": null,
  "iteration_count": [
    8,
    8,
    8,
    8,
    8,
    8,
    8,
    8,
    8,
    8,
    8,
    8,
    8,
    8,
    8,
    8,
    8,
    8,
    8,
    8,
    8,
    8,
    8,
    8,
    8,
    8,
    8,
    8,
    8,
    8,
    8,
    8,
    8,
    8,
    8,
    8,
    8,
    8,
    8,
    8,
    8,
    8,
    8,
    8,
    8,
    8,
    8,
    8,
    8,
    8
  ],
  "change": null
}