{
  "report_directory": "/home/user/workspaces/ranim-bench/ranim/target/criterion/reports/merged_cpu_submit/no_wait/25",
  "typical": {
    "estimate": 196493.50607843135,
    "lower_bound": 196276.79236568627,
    "unit": "ns",
    "upper_bound": 196707.3202941177
  },
  "iteration_count": [
    510,
    510,
    510,
    510,
    510,
    510,
    510,
    510,
    510,
    510,
    510,
    510,
    510,
    510,
    510,
    510,
    510,
    510,
    510,
    510,
    510,
    510,
    510,
    510,
    510,
    510,
    510,
    510,
    510,
    510,
    510,
    510,
    510,
    510,
    510,
    510,
    510,
    510,
    510,
    510,
    510,
    510,
    510,
    510,
    510,
    510,
    510,
    510,
    510,
    510
  ],
  "unit": "ns",
  "throughput": [],
  "measured_values": [
    100478357.0,
    100745377.0,
    99016403.0,
    100401664.0,
    100441157.0,
    100642324.0,
    100694611.0,
    100758662.0,
    100721031.0,
    100911539.0,
    100710633.0,
    100951493.0,
    100733256.0,
    100889898.0,
    100219034.0,
    100577594.0,
    100519656.0,
    100329671.0,
    100191352.0,
    99861496.0,
    100169712.0,
    100389013.0,
    100013711.0,
    100158171.0,
    100210278.0,
    100251536.0,
    100011857.0,
    100281061.0,
    100160786.0,
    100056211.0,
    100065088.0,
    100205161.0,
    99280481.0,
    99606841.0,
    99639563.0,
    100028149.0,
    99936458.0,
    100009695.0,
    99957307.0,
    100091890.0,
    99940006.0,
    100058938.0,
    99817897.0,
    99985120.0,
    99821694.0,
    100029764.0,
    100031727.0,
    100161740.0,
    100128408.0,
    100290934.0
  ],
  "median": {
    "estimate": 196403.38431372552,
    "lower_bound": 196193.99607843137,
    "unit": "ns",
    "upper_bound": 196639.2107843137
  },
  "median_abs_dev": {
    "estimate": 627.4973570949921,
    "lower_bound": 370.49591930472826,
    "unit": "ns",
    "upper_bound": 930.4245093639944
  },
  "change": null,
  "mean": {
    "estimate": 196493.50607843135,
    "lower_bound": 196276.79236568627,
    "unit": "ns",
    "upper_bound": 196707.3202941177
  },
  "slope": null
}