{
  "throughput": [],
  "median": {
    "estimate": 39192562.33333333,
    "lower_bound": 39052471.666666664,
    "unit": "ns",
    "upper_bound": 39532683.333333336
  },
  "report_directory": "/home/user/workspaces/ranim-bench/ranim/target/criterion/reports/merged_cpu_submit/no_wait/3600",
  "typical": {
    "estimate": 39296084.553333335,
    "lower_bound": 39163295.98749999,
    "unit": "ns",
    "upper_bound": 39429275.40483333
  },
  "unit": "ns",
  "iteration_count": [
    3,
    3,
    3,
    3,
    3,
    3,
    3,
    3,
    3,
    3,
    3,
    3,
    3,
    3,
    3,
    3,
    3,
    3,
    3,
    3,
    3,
    3,
    3,
    3,
    3,
    3,
    3,
    3,
    3,
    3,
    3,
    3,
    3,
    3,
    3,
    3,
    3,
    3,
    3,
    3,
    3,
    3,
    3,
    3,
    3,
    3,
    3,
    3,
    3,
    3
  ],
  "median_abs_dev": {
    "estimate": 592445.2197819875,
    "lower_bound": 420834.2728287018,
    "unit": "ns",
    "upper_bound": 765003.3010184728
  },
  "change": null,
  "measured_values": [
    118252620.0,
    116340583.0,
    116768694.0,
    115731383.0,
    116154835.0,
    115853983.0,
    116351083.0,
    116486777.0,
    116406698.0,
    115546378.0,
    120020659.0,
    116319836.0,
    116824590.0,
    115665762.0,
    117109343.0,
    115726827.0,
    117434352.0,
    115861509.0,
    118989802.0,
    117041347.0,
    119827770.0,
    117195625.0,
    118952963.0,
    117157415.0,
    118818934.0,
    117438993.0,
    119070634.0,
    117131837.0,
    118706845.0,
    117526295.0,
    118598050.0,
    118613350.0,
    119911159.0,
    118501742.0,
    119824727.0,
    117629079.0,
    119711485.0,
    118137460.0,
    120070748.0,
    117444685.0,
    119988204.0,
    118363114.0,
    120036926.0,
    116854591.0,
    119962667.0,
    118697189.0,
    119408941.0,
    117367541.0,
    120263090.0,
    118313563.0
  ],
  "slope": null,
  "mean": {
    "estimate": 39296084.553333335,
    "lower_bound": 39163295.98749999,
    "unit": "ns",
    "upper_bound": 39429275.40483333
  }
}