{
  "mean": {
    "estimate": 2615159.1425641025,
    "lower_bound": 2611776.6979999994,
    "unit": "ns",
    "upper_bound": 2619049.986282051
  },
  "iteration_count": [
    39,
    39,
    39,
    39,
    39,
    39,
    39,
    39,
    39,
    39,
    39,
    39,
    39,
    39,
    39,
    39,
    39,
    39,
    39,
    39,
    39,
    39,
    39,
    39,
    39,
    39,
    39,
    39,
    39,
    39,
    39,
    39,
    39,
    39,
    39,
    39,
    39,
    39,
    39,
    39,
    39,
    39,
    39,
    39,
    39,
    39,
    39,
    39,
    39,
    39
  ],
  "measured_values": [
    101668479.0,
    102039573.0,
    102080379.0,
    102079628.0,
    102348331.0,
    102102993.0,
    102099436.0,
    102254366.0,
    102152595.0,
    102089888.0,
    102321552.0,
    102259215.0,
    102328013.0,
    103912969.0,
    102366737.0,
    102493445.0,
    102321854.0,
    101687907.0,
    101519542.0,
    101678791.0,
    101422591.0,
    101486220.0,
    101333375.0,
    101453218.0,
    101768800.0,
    101661709.0,
    103429427.0,
    101617948.0,
    101692598.0,
    101667211.0,
    101672530.0,
    101546154.0,
    101512662.0,
    101601337.0,
    101680216.0,
    101495080.0,
    101602931.0,
    101751369.0,
    101698389.0,
    103456138.0,
    101760476.0,
    101811982.0,
    101840095.0,
    101879759.0,
    101878408.0,
    102015003.0,
    102241327.0,
    102307150.0,
    102128847.0,
    102341685.0
  ],
  "median": {
    "estimate": 2611775.6794871795,
    "lower_bound": 2607502.512820513,
    "unit": "ns",
    "upper_bound": 2617689.935897436
  },
  "change": null,
  "slope": null,
  "typical": {
    "estimate": 2615159.1425641025,
    "lower_bound": 2611776.6979999994,
    "unit": "ns",
    "upper_bound": 2619049.986282051
  },
  "unit": "ns",
  "median_abs_dev": {
    "estimate": 9774.420480315626,
    "lower_bound": 6315.381687879678,
    "unit": "ns",
    "upper_bound": 13689.62487234534
  },
  "report_directory": "/home/user/workspaces/ranim-bench/ranim/target/criterion/reports/merged_cpu_submit/no_wait/400",
  "throughput": []
}