{
  "mean": {
    "estimate": 926.5791322173936,
    "lower_bound": 923.1345406731116,
    "unit": "ns",
    "upper_bound": 930.3379516983928
  },
  "unit": "ns",
  "report_directory": "E:\\_ranim\\ranim-bench\\ranim\\target\\criterion\\reports\\extract\\arc",
  "throughput": [],
  "median": {
    "estimate": 920.5890229606274,
    "lower_bound": 917.3828802776172,
    "unit": "ns",
    "upper_bound": 923.0609418282548
  },
  "median_abs_dev": {
    "estimate": 10.845875653173463,
    "lower_bound": 6.954041817330489,
    "unit": "ns",
    "upper_bound": 13.277975328178629
  },
  "slope": {
    "estimate": 925.6798289132022,
    "lower_bound": 922.3149627628638,
    "unit": "ns",
    "upper_bound": 929.3814119978018
  },
  "measured_values": [
    1036200.0,
    1942900.0,
    2952300.0,
    3912000.0,
    4861400.0,
    5876700.0,
    6790800.0,
    7722300.0,
    9399300.0,
    9762800.0,
    10649300.0,
    11991300.0,
    12922000.0,
    14126900.0,
    14957000.0,
    16106200.0,
    17612600.0,
    17706300.0,
    18434200.0,
    19781000.0,
    20398800.0,
    21357000.0,
    22903100.0,
    23572600.0,
    26596400.0,
    25485300.0,
    26330100.0,
    27285200.0,
    28255100.0,
    29655400.0,
    30224000.0,
    31751500.0,
    32037000.0,
    34140600.0,
    33852800.0,
    34897100.0,
    35922600.0,
    36734000.0,
    38063200.0,
    39412600.0,
    39705300.0,
    43967000.0,
    42542300.0,
    44394000.0,
    44109400.0,
    47233100.0,
    45513700.0,
    46652700.0,
    47644200.0,
    49029700.0,
    49396700.0,
    50940900.0,
    51836000.0,
    53076300.0,
    54006800.0,
    55351000.0,
    55981800.0,
    56736400.0,
    57557800.0,
    59012900.0,
    63377200.0,
    60055800.0,
    61575100.0,
    62463400.0,
    63446200.0,
    64254900.0,
    67413500.0,
    66104300.0,
    67677500.0,
    67991300.0,
    69044700.0,
    70335900.0,
    71047500.0,
    71995400.0,
    74623100.0,
    74172000.0,
    75062100.0,
    75994400.0,
    76998400.0,
    78128100.0,
    78811900.0,
    80448200.0,
    82611400.0,
    82870600.0,
    83996300.0,
    85138000.0,
    88594400.0,
    89729800.0,
    90672100.0,
    89092000.0,
    88658200.0,
    90966100.0,
    91099400.0,
    92101300.0,
    92849800.0,
    95396000.0,
    94275100.0,
    96772600.0,
    96548700.0,
    99348700.0
  ],
  "typical": {
    "estimate": 925.6798289132022,
    "lower_bound": 922.3149627628638,
    "unit": "ns",
    "upper_bound": 929.3814119978018
  },
  "change": {
    "change": "Improved",
    "mean": {
      "estimate": -0.030020473649979507,
      "lower_bound": -0.03647630052783157,
      "unit": "%",
      "upper_bound": -0.02380213322060138
    },
    "median": {
      "estimate": -0.027981728182812526,
      "lower_bound": -0.03265907579669358,
      "unit": "%",
      "upper_bound": -0.024853861645048103
    }
  },
  "iteration_count": [
    1064,
    2128,
    3192,
    4256,
    5320,
    6384,
    7448,
    8512,
    9576,
    10640,
    11704,
    12768,
    13832,
    14896,
    15960,
    17024,
    18088,
    19152,
    20216,
    21280,
    22344,
    23408,
    24472,
    25536,
    26600,
    27664,
    28728,
    29792,
    30856,
    31920,
    32984,
    34048,
    35112,
    36176,
    37240,
    38304,
    39368,
    40432,
    41496,
    42560,
    43624,
    44688,
    45752,
    46816,
    47880,
    48944,
    50008,
    51072,
    52136,
    53200,
    54264,
    55328,
    56392,
    57456,
    58520,
    59584,
    60648,
    61712,
    62776,
    63840,
    64904,
    65968,
    67032,
    68096,
    69160,
    70224,
    71288,
    72352,
    73416,
    74480,
    75544,
    76608,
    77672,
    78736,
    79800,
    80864,
    81928,
    82992,
    84056,
    85120,
    86184,
    87248,
    88312,
    89376,
    90440,
    91504,
    92568,
    93632,
    94696,
    95760,
    96824,
    97888,
    98952,
    100016,
    101080,
    102144,
    103208,
    104272,
    105336,
    106400
  ]
}