{
  "throughput": [],
  "change": {
    "change": "NoChange",
    "mean": {
      "estimate": -0.016912762760893707,
      "lower_bound": -0.026541668115981076,
      "unit": "%",
      "upper_bound": -0.006467223369129255
    },
    "median": {
      "estimate": -0.023469006953699356,
      "lower_bound": -0.0272270587544039,
      "unit": "%",
      "upper_bound": -0.01672312633481743
    }
  },
  "mean": {
    "estimate": 978.1078008414564,
    "lower_bound": 970.5087499043424,
    "unit": "ns",
    "upper_bound": 987.2185838796204
  },
  "iteration_count": [
    1025,
    2050,
    3075,
    4100,
    5125,
    6150,
    7175,
    8200,
    9225,
    10250,
    11275,
    12300,
    13325,
    14350,
    15375,
    16400,
    17425,
    18450,
    19475,
    20500,
    21525,
    22550,
    23575,
    24600,
    25625,
    26650,
    27675,
    28700,
    29725,
    30750,
    31775,
    32800,
    33825,
    34850,
    35875,
    36900,
    37925,
    38950,
    39975,
    41000,
    42025,
    43050,
    44075,
    45100,
    46125,
    47150,
    48175,
    49200,
    50225,
    51250,
    52275,
    53300,
    54325,
    55350,
    56375,
    57400,
    58425,
    59450,
    60475,
    61500,
    62525,
    63550,
    64575,
    65600,
    66625,
    67650,
    68675,
    69700,
    70725,
    71750,
    72775,
    73800,
    74825,
    75850,
    76875,
    77900,
    78925,
    79950,
    80975,
    82000,
    83025,
    84050,
    85075,
    86100,
    87125,
    88150,
    89175,
    90200,
    91225,
    92250,
    93275,
    94300,
    95325,
    96350,
    97375,
    98400,
    99425,
    100450,
    101475,
    102500
  ],
  "typical": {
    "estimate": 972.884993530296,
    "lower_bound": 966.2658215401964,
    "unit": "ns",
    "upper_bound": 981.0671566124412
  },
  "report_directory": "E:\\_ranim\\ranim-bench\\ranim\\target\\criterion\\reports\\extract\\circle",
  "measured_values": [
    984500.0,
    1936000.0,
    3136400.0,
    5197100.0,
    5147200.0,
    6011600.0,
    8070000.0,
    7777900.0,
    8903800.0,
    9855800.0,
    10849900.0,
    12103900.0,
    12992500.0,
    13786800.0,
    15318000.0,
    15647100.0,
    17020700.0,
    18073400.0,
    20919800.0,
    19661500.0,
    20533500.0,
    21452300.0,
    22568100.0,
    23381700.0,
    25023400.0,
    25523700.0,
    26476400.0,
    27770100.0,
    28564900.0,
    31657200.0,
    30833600.0,
    31716200.0,
    35326200.0,
    33948700.0,
    34704500.0,
    35569700.0,
    37153300.0,
    37197000.0,
    38163700.0,
    39885300.0,
    39828500.0,
    41785000.0,
    41946800.0,
    43899600.0,
    46341600.0,
    45142900.0,
    46364800.0,
    51513700.0,
    48141600.0,
    50431100.0,
    49991300.0,
    51847600.0,
    51691000.0,
    52731400.0,
    58650800.0,
    59020900.0,
    55892300.0,
    56653700.0,
    58076200.0,
    58587500.0,
    59883700.0,
    61459700.0,
    61918500.0,
    63027200.0,
    65814600.0,
    64622600.0,
    65954800.0,
    69015800.0,
    68314200.0,
    69078100.0,
    69617900.0,
    72726600.0,
    73434900.0,
    72270400.0,
    79457200.0,
    76544800.0,
    76121700.0,
    77221000.0,
    77527200.0,
    77860600.0,
    79628600.0,
    82401700.0,
    91480500.0,
    92829800.0,
    83871600.0,
    86275600.0,
    87733200.0,
    87669800.0,
    87870300.0,
    87946000.0,
    88846500.0,
    92413600.0,
    91663700.0,
    93308100.0,
    94661700.0,
    94140900.0,
    95065800.0,
    96051000.0,
    97625000.0,
    97560700.0
  ],
  "unit": "ns",
  "median": {
    "estimate": 963.58729941232,
    "lower_bound": 960.780487804878,
    "unit": "ns",
    "upper_bound": 968.9861189164887
  },
  "median_abs_dev": {
    "estimate": 14.19282071039108,
    "lower_bound": 9.96659827179324,
    "unit": "ns",
    "upper_bound": 19.113045116691588
  },
  "slope": {
    "estimate": 972.884993530296,
    "lower_bound": 966.2658215401964,
    "unit": "ns",
    "upper_bound": 981.0671566124412
  }
}