{
  "measured_values": [
    1097500.0,
    2034600.0,
    3004700.0,
    3862600.0,
    4814900.0,
    5867000.0,
    6763900.0,
    7721600.0,
    8663100.0,
    9710300.0,
    10579400.0,
    11651200.0,
    12666500.0,
    13545300.0,
    14580700.0,
    15539500.0,
    16465800.0,
    17410200.0,
    18356600.0,
    19322400.0,
    20395400.0,
    21435600.0,
    22291200.0,
    23492200.0,
    25275100.0,
    25101300.0,
    26735900.0,
    28875600.0,
    28258000.0,
    29026000.0,
    30503500.0,
    32045300.0,
    32032600.0,
    34009900.0,
    37351200.0,
    40925700.0,
    35716800.0,
    37315200.0,
    39972200.0,
    39392100.0,
    40947200.0,
    41327400.0,
    43532900.0,
    42958100.0,
    45995500.0,
    44463100.0,
    47387200.0,
    46618800.0,
    48302800.0,
    48696800.0,
    49454100.0,
    51007600.0,
    51971300.0,
    52237700.0,
    57086900.0,
    56648400.0,
    55889000.0,
    57171600.0,
    59646600.0,
    59707700.0,
    59299400.0,
    62806300.0,
    62647100.0,
    63595200.0,
    64297000.0,
    66756100.0,
    68035200.0,
    65999800.0,
    67589500.0,
    68170200.0,
    69467000.0,
    70266500.0,
    75038800.0,
    72923000.0,
    73022300.0,
    74270300.0,
    80326600.0,
    76154200.0,
    78078500.0,
    79808000.0,
    80715500.0,
    79867600.0,
    80850600.0,
    82706100.0,
    88645000.0,
    85012500.0,
    85892200.0,
    85557400.0,
    87740500.0,
    92031800.0,
    91059400.0,
    91674300.0,
    91520300.0,
    94860200.0,
    94010200.0,
    96515200.0,
    100623500.0,
    96378500.0,
    99254200.0,
    98958900.0
  ],
  "report_directory": "E:\\_ranim\\ranim-bench\\ranim\\target\\criterion\\reports\\extract\\square",
  "unit": "ns",
  "typical": {
    "estimate": 817.2989682760082,
    "lower_bound": 813.1689614754441,
    "unit": "ns",
    "upper_bound": 821.7506170309696
  },
  "mean": {
    "estimate": 814.367082762057,
    "lower_bound": 810.0884364640287,
    "unit": "ns",
    "upper_bound": 819.1607100242206
  },
  "median": {
    "estimate": 808.5331081567199,
    "lower_bound": 803.4784990413585,
    "unit": "ns",
    "upper_bound": 812.1080057830524
  },
  "median_abs_dev": {
    "estimate": 16.051187362174005,
    "lower_bound": 11.15286902781956,
    "unit": "ns",
    "upper_bound": 20.45638676989388
  },
  "throughput": [],
  "slope": {
    "estimate": 817.2989682760082,
    "lower_bound": 813.1689614754441,
    "unit": "ns",
    "upper_bound": 821.7506170309696
  },
  "change": {
    "change": "NoChange",
    "mean": {
      "estimate": 0.01012557521760482,
      "lower_bound": 0.0029108586578974146,
      "unit": "%",
      "upper_bound": 0.017106864192198958
    },
    "median": {
      "estimate": 0.009350175529432292,
      "lower_bound": 0.0012714194897758269,
      "unit": "%",
      "upper_bound": 0.014346459129952232
    }
  },
  "iteration_count": [
    1217,
    2434,
    3651,
    4868,
    6085,
    7302,
    8519,
    9736,
    10953,
    12170,
    13387,
    14604,
    15821,
    17038,
    18255,
    19472,
    20689,
    21906,
    23123,
    24340,
    25557,
    26774,
    27991,
    29208,
    30425,
    31642,
    32859,
    34076,
    35293,
    36510,
    37727,
    38944,
    40161,
    41378,
    42595,
    43812,
    45029,
    46246,
    47463,
    48680,
    49897,
    51114,
    52331,
    53548,
    54765,
    55982,
    57199,
    58416,
    59633,
    60850,
    62067,
    63284,
    64501,
    65718,
    66935,
    68152,
    69369,
    70586,
    71803,
    73020,
    74237,
    75454,
    76671,
    77888,
    79105,
    80322,
    81539,
    82756,
    83973,
    85190,
    86407,
    87624,
    88841,
    90058,
    91275,
    92492,
    93709,
    94926,
    96143,
    97360,
    98577,
    99794,
    101011,
    102228,
    103445,
    104662,
    105879,
    107096,
    108313,
    109530,
    110747,
    111964,
    113181,
    114398,
    115615,
    116832,
    118049,
    119266,
    120483,
    121700
  ]
}