{
  "change": {
    "change": "Regressed",
    "mean": {
      "estimate": 0.015592506755783608,
      "lower_bound": 0.013836837107317956,
      "unit": "%",
      "upper_bound": 0.01746675754722553
    },
    "median": {
      "estimate": 0.01429566918365821,
      "lower_bound": 0.012838596227567748,
      "unit": "%",
      "upper_bound": 0.01609400839464281
    }
  },
  "median": {
    "estimate": 1265.325212585034,
    "lower_bound": 1263.5903790087464,
    "unit": "ns",
    "upper_bound": 1267.265306122449
  },
  "typical": {
    "estimate": 1269.92236618358,
    "lower_bound": 1267.993597677426,
    "unit": "ns",
    "upper_bound": 1271.6773066769922
  },
  "mean": {
    "estimate": 1266.85160808375,
    "lower_bound": 1265.03747484838,
    "unit": "ns",
    "upper_bound": 1269.0084577779785
  },
  "measured_values": [
    990346.0,
    1975702.0,
    2976236.0,
    3962033.0,
    4984469.0,
    5934109.0,
    6934584.0,
    7955536.0,
    8941824.0,
    9923333.0,
    10929228.0,
    11908102.0,
    12930016.0,
    13895856.0,
    14879269.0,
    15905902.0,
    16873937.0,
    17829647.0,
    18829921.0,
    19795851.0,
    20792418.0,
    21803032.0,
    22758893.0,
    23765409.0,
    24740256.0,
    25787297.0,
    26744811.0,
    27846405.0,
    28707499.0,
    29650004.0,
    30645099.0,
    31732957.0,
    32751907.0,
    33532849.0,
    34479504.0,
    35493413.0,
    36520327.0,
    37470067.0,
    38458288.0,
    39444867.0,
    40475789.0,
    43444311.0,
    44709942.0,
    43373558.0,
    44341623.0,
    45431284.0,
    46407052.0,
    47380687.0,
    48265364.0,
    49384661.0,
    50374306.0,
    51346317.0,
    52329620.0,
    53344050.0,
    54404958.0,
    55520388.0,
    56475547.0,
    57487654.0,
    58499269.0,
    59702354.0,
    60728267.0,
    61635225.0,
    62066504.0,
    62971269.0,
    64072663.0,
    65063899.0,
    65979065.0,
    67197287.0,
    68507752.0,
    69461530.0,
    70839682.0,
    72034631.0,
    72830141.0,
    73808795.0,
    74786096.0,
    75805357.0,
    76915797.0,
    77546098.0,
    78447577.0,
    79563077.0,
    80565746.0,
    81698889.0,
    82786798.0,
    84218179.0,
    84819176.0,
    85724773.0,
    86732119.0,
    87884730.0,
    89144129.0,
    89835575.0,
    90798550.0,
    91842966.0,
    92515517.0,
    93514519.0,
    94891508.0,
    96219887.0,
    96892608.0,
    98210898.0,
    99252640.0,
    100409057.0
  ],
  "iteration_count": [
    784,
    1568,
    2352,
    3136,
    3920,
    4704,
    5488,
    6272,
    7056,
    7840,
    8624,
    9408,
    10192,
    10976,
    11760,
    12544,
    13328,
    14112,
    14896,
    15680,
    16464,
    17248,
    18032,
    18816,
    19600,
    20384,
    21168,
    21952,
    22736,
    23520,
    24304,
    25088,
    25872,
    26656,
    27440,
    28224,
    29008,
    29792,
    30576,
    31360,
    32144,
    32928,
    33712,
    34496,
    35280,
    36064,
    36848,
    37632,
    38416,
    39200,
    39984,
    40768,
    41552,
    42336,
    43120,
    43904,
    44688,
    45472,
    46256,
    47040,
    47824,
    48608,
    49392,
    50176,
    50960,
    51744,
    52528,
    53312,
    54096,
    54880,
    55664,
    56448,
    57232,
    58016,
    58800,
    59584,
    60368,
    61152,
    61936,
    62720,
    63504,
    64288,
    65072,
    65856,
    66640,
    67424,
    68208,
    68992,
    69776,
    70560,
    71344,
    72128,
    72912,
    73696,
    74480,
    75264,
    76048,
    76832,
    77616,
    78400
  ],
  "throughput": [],
  "unit": "ns",
  "median_abs_dev": {
    "estimate": 7.987359038868322,
    "lower_bound": 5.346298966807101,
    "unit": "ns",
    "upper_bound": 9.215874197760543
  },
  "report_directory": "/home/user/workspaces/ranim-bench/ranim/target/criterion/reports/extract/polygon/40",
  "slope": {
    "estimate": 1269.92236618358,
    "lower_bound": 1267.993597677426,
    "unit": "ns",
    "upper_bound": 1271.6773066769922
  }
}