{
  "mean": {
    "estimate": 341.8963867588616,
    "lower_bound": 341.64350876983195,
    "unit": "ns",
    "upper_bound": 342.158457684604
  },
  "iteration_count": [
    2911,
    5822,
    8733,
    11644,
    14555,
    17466,
    20377,
    23288,
    26199,
    29110,
    32021,
    34932,
    37843,
    40754,
    43665,
    46576,
    49487,
    52398,
    55309,
    58220,
    61131,
    64042,
    66953,
    69864,
    72775,
    75686,
    78597,
    81508,
    84419,
    87330,
    90241,
    93152,
    96063,
    98974,
    101885,
    104796,
    107707,
    110618,
    113529,
    116440,
    119351,
    122262,
    125173,
    128084,
    130995,
    133906,
    136817,
    139728,
    142639,
    145550,
    148461,
    151372,
    154283,
    157194,
    160105,
    163016,
    165927,
    168838,
    171749,
    174660,
    177571,
    180482,
    183393,
    186304,
    189215,
    192126,
    195037,
    197948,
    200859,
    203770,
    206681,
    209592,
    212503,
    215414,
    218325,
    221236,
    224147,
    227058,
    229969,
    232880,
    235791,
    238702,
    241613,
    244524,
    247435,
    250346,
    253257,
    256168,
    259079,
    261990,
    264901,
    267812,
    270723,
    273634,
    276545,
    279456,
    282367,
    285278,
    288189,
    291100
  ],
  "slope": {
    "estimate": 342.79378792559135,
    "lower_bound": 342.5149945869152,
    "unit": "ns",
    "upper_bound": 343.03752210126896
  },
  "change": {
    "change": "Regressed",
    "mean": {
      "estimate": 0.014653807690170328,
      "lower_bound": 0.013703431342737122,
      "unit": "%",
      "upper_bound": 0.015619415787541946
    },
    "median": {
      "estimate": 0.013836752999793813,
      "lower_bound": 0.012737039511946158,
      "unit": "%",
      "upper_bound": 0.014817008821544686
    }
  },
  "typical": {
    "estimate": 342.79378792559135,
    "lower_bound": 342.5149945869152,
    "unit": "ns",
    "upper_bound": 343.03752210126896
  },
  "measured_values": [
    989051.0,
    1975076.0,
    2982502.0,
    3977544.0,
    4969340.0,
    5952140.0,
    6933346.0,
    7971299.0,
    8952345.0,
    9931957.0,
    10891844.0,
    11886636.0,
    12859877.0,
    13927496.0,
    14901719.0,
    15847740.0,
    16899548.0,
    17831462.0,
    18888911.0,
    19812058.0,
    20850512.0,
    21858298.0,
    22861856.0,
    23870605.0,
    24834608.0,
    25846603.0,
    26795428.0,
    27782155.0,
    28740187.0,
    29693381.0,
    30738378.0,
    31814802.0,
    32739673.0,
    33722963.0,
    34885160.0,
    35781106.0,
    36716996.0,
    37688584.0,
    38816466.0,
    39738812.0,
    40706633.0,
    41680285.0,
    42694123.0,
    43649951.0,
    44673036.0,
    45642110.0,
    46705731.0,
    47661639.0,
    48672823.0,
    49703101.0,
    50722509.0,
    51665473.0,
    52723874.0,
    53573584.0,
    54593843.0,
    55552366.0,
    56731665.0,
    57772644.0,
    58613977.0,
    59537815.0,
    60571781.0,
    61601258.0,
    62517942.0,
    63519297.0,
    64551158.0,
    65630359.0,
    66667711.0,
    67661210.0,
    69186870.0,
    70166654.0,
    71229565.0,
    72195311.0,
    73241450.0,
    74204021.0,
    75171571.0,
    76385535.0,
    76927796.0,
    77864709.0,
    78856264.0,
    79940894.0,
    81103392.0,
    81909619.0,
    82958052.0,
    83834852.0,
    84936314.0,
    85892573.0,
    86899267.0,
    88053970.0,
    88857512.0,
    89880196.0,
    90856623.0,
    91922329.0,
    93082191.0,
    93781176.0,
    95005129.0,
    96094118.0,
    97042242.0,
    97928018.0,
    98856124.0,
    99897554.0
  ],
  "median_abs_dev": {
    "estimate": 1.050068866478994,
    "lower_bound": 0.7136943334761852,
    "unit": "ns",
    "upper_bound": 1.7721642004220677
  },
  "report_directory": "/home/user/workspaces/ranim-bench/ranim/target/criterion/reports/extract/polygon/20",
  "unit": "ns",
  "throughput": [],
  "median": {
    "estimate": 341.49625115220624,
    "lower_bound": 341.28144967365165,
    "unit": "ns",
    "upper_bound": 341.7348249645133
  }
}