{
  "slope": {
    "estimate": 591.7824782717362,
    "lower_bound": 591.5632003737923,
    "unit": "ns",
    "upper_bound": 591.9914222376061
  },
  "throughput": [],
  "median_abs_dev": {
    "estimate": 1.04144167785786,
    "lower_bound": 0.816666693286932,
    "unit": "ns",
    "upper_bound": 1.354484681600966
  },
  "iteration_count": [
    1678,
    3356,
    5034,
    6712,
    8390,
    10068,
    11746,
    13424,
    15102,
    16780,
    18458,
    20136,
    21814,
    23492,
    25170,
    26848,
    28526,
    30204,
    31882,
    33560,
    35238,
    36916,
    38594,
    40272,
    41950,
    43628,
    45306,
    46984,
    48662,
    50340,
    52018,
    53696,
    55374,
    57052,
    58730,
    60408,
    62086,
    63764,
    65442,
    67120,
    68798,
    70476,
    72154,
    73832,
    75510,
    77188,
    78866,
    80544,
    82222,
    83900,
    85578,
    87256,
    88934,
    90612,
    92290,
    93968,
    95646,
    97324,
    99002,
    100680,
    102358,
    104036,
    105714,
    107392,
    109070,
    110748,
    112426,
    114104,
    115782,
    117460,
    119138,
    120816,
    122494,
    124172,
    125850,
    127528,
    129206,
    130884,
    132562,
    134240,
    135918,
    137596,
    139274,
    140952,
    142630,
    144308,
    145986,
    147664,
    149342,
    151020,
    152698,
    154376,
    156054,
    157732,
    159410,
    161088,
    162766,
    164444,
    166122,
    167800
  ],
  "unit": "ns",
  "typical": {
    "estimate": 591.7824782717362,
    "lower_bound": 591.5632003737923,
    "unit": "ns",
    "upper_bound": 591.9914222376061
  },
  "mean": {
    "estimate": 591.6448677324644,
    "lower_bound": 591.4025787272321,
    "unit": "ns",
    "upper_bound": 591.878984622839
  },
  "change": {
    "change": "Regressed",
    "mean": {
      "estimate": 0.021660846949424828,
      "lower_bound": 0.020546188117494257,
      "unit": "%",
      "upper_bound": 0.022489257772043268
    },
    "median": {
      "estimate": 0.021678596871484546,
      "lower_bound": 0.020834108727962652,
      "unit": "%",
      "upper_bound": 0.023131532907131325
    }
  },
  "report_directory": "/home/user/workspaces/ranim-bench/ranim/target/criterion/reports/extract/polygon/40",
  "measured_values": [
    990584.0,
    1978332.0,
    2984596.0,
    3966393.0,
    4975131.0,
    5959422.0,
    6989190.0,
    7939408.0,
    8914693.0,
    9907621.0,
    10853040.0,
    11884341.0,
    12861119.0,
    13946100.0,
    14883985.0,
    15846595.0,
    16916108.0,
    17814588.0,
    18708210.0,
    19923015.0,
    20870298.0,
    21905506.0,
    22831798.0,
    23862949.0,
    24843835.0,
    25820262.0,
    26795317.0,
    27732460.0,
    28714387.0,
    29826319.0,
    30772258.0,
    31722607.0,
    32673576.0,
    33723010.0,
    34832939.0,
    35689009.0,
    36738284.0,
    37663354.0,
    38841060.0,
    39752014.0,
    40653149.0,
    41592177.0,
    42599182.0,
    43712886.0,
    44649158.0,
    45814150.0,
    46744030.0,
    47626710.0,
    48647662.0,
    49563514.0,
    50591048.0,
    51644069.0,
    52637619.0,
    53665904.0,
    54541290.0,
    55568683.0,
    56666129.0,
    57475742.0,
    58609134.0,
    59664730.0,
    60735074.0,
    61538085.0,
    62727022.0,
    63625483.0,
    64641925.0,
    65658167.0,
    66540687.0,
    67464235.0,
    68484143.0,
    69534751.0,
    70572152.0,
    71569049.0,
    72510029.0,
    73608485.0,
    74501685.0,
    75544037.0,
    76491299.0,
    77497843.0,
    78422973.0,
    79467169.0,
    80557841.0,
    81119397.0,
    82510825.0,
    83518802.0,
    84463689.0,
    85385032.0,
    86333768.0,
    87354819.0,
    88306489.0,
    89398504.0,
    90409266.0,
    91226914.0,
    92255068.0,
    93207471.0,
    94509100.0,
    95271113.0,
    96489645.0,
    97014773.0,
    98193581.0,
    99329098.0
  ],
  "median": {
    "estimate": 591.7799745514287,
    "lower_bound": 591.4338498212157,
    "unit": "ns",
    "upper_bound": 591.9866422611954
  }
}