{
  "median": {
    "estimate": 964.9696657509156,
    "lower_bound": 961.1652236652236,
    "unit": "ns",
    "upper_bound": 971.1041492003474
  },
  "unit": "ns",
  "throughput": [],
  "change": {
    "change": "Regressed",
    "mean": {
      "estimate": 0.07650217876638554,
      "lower_bound": 0.06759908957720859,
      "unit": "%",
      "upper_bound": 0.0854046957477361
    },
    "median": {
      "estimate": 0.07536851514620513,
      "lower_bound": 0.07044143740330466,
      "unit": "%",
      "upper_bound": 0.08334595158310862
    }
  },
  "median_abs_dev": {
    "estimate": 22.518069011282037,
    "lower_bound": 13.615908598657269,
    "unit": "ns",
    "upper_bound": 26.90632723395739
  },
  "report_directory": "E:\\_ranim\\ranim-bench\\ranim\\target\\criterion\\reports\\extract\\polygon\\10",
  "slope": {
    "estimate": 973.5145219212752,
    "lower_bound": 967.40833027028,
    "unit": "ns",
    "upper_bound": 981.6400438560796
  },
  "typical": {
    "estimate": 973.5145219212752,
    "lower_bound": 967.40833027028,
    "unit": "ns",
    "upper_bound": 981.6400438560796
  },
  "iteration_count": [
    1008,
    2016,
    3024,
    4032,
    5040,
    6048,
    7056,
    8064,
    9072,
    10080,
    11088,
    12096,
    13104,
    14112,
    15120,
    16128,
    17136,
    18144,
    19152,
    20160,
    21168,
    22176,
    23184,
    24192,
    25200,
    26208,
    27216,
    28224,
    29232,
    30240,
    31248,
    32256,
    33264,
    34272,
    35280,
    36288,
    37296,
    38304,
    39312,
    40320,
    41328,
    42336,
    43344,
    44352,
    45360,
    46368,
    47376,
    48384,
    49392,
    50400,
    51408,
    52416,
    53424,
    54432,
    55440,
    56448,
    57456,
    58464,
    59472,
    60480,
    61488,
    62496,
    63504,
    64512,
    65520,
    66528,
    67536,
    68544,
    69552,
    70560,
    71568,
    72576,
    73584,
    74592,
    75600,
    76608,
    77616,
    78624,
    79632,
    80640,
    81648,
    82656,
    83664,
    84672,
    85680,
    86688,
    87696,
    88704,
    89712,
    90720,
    91728,
    92736,
    93744,
    94752,
    95760,
    96768,
    97776,
    98784,
    99792,
    100800
  ],
  "mean": {
    "estimate": 974.860401147286,
    "lower_bound": 969.059586340991,
    "unit": "ns",
    "upper_bound": 981.3770881860544
  },
  "measured_values": [
    969900.0,
    2070500.0,
    2924400.0,
    3894900.0,
    4757000.0,
    5766800.0,
    6990200.0,
    8443500.0,
    8925800.0,
    9630900.0,
    10478900.0,
    11492900.0,
    12599300.0,
    14371400.0,
    14332700.0,
    15284900.0,
    16591900.0,
    18049800.0,
    18042900.0,
    19118700.0,
    21576500.0,
    21257600.0,
    24703100.0,
    22804600.0,
    24806600.0,
    25263000.0,
    27413600.0,
    26556600.0,
    27937400.0,
    28557400.0,
    29617100.0,
    30947100.0,
    31956600.0,
    32418400.0,
    35528500.0,
    34451500.0,
    37113200.0,
    38258600.0,
    38504600.0,
    38969000.0,
    39033300.0,
    42306700.0,
    43771000.0,
    49571200.0,
    46239400.0,
    46863000.0,
    45551600.0,
    47624900.0,
    47210700.0,
    49741000.0,
    49143500.0,
    51577900.0,
    51195400.0,
    51857600.0,
    55006400.0,
    56252600.0,
    56046200.0,
    55731200.0,
    56946200.0,
    58098100.0,
    58044400.0,
    62968100.0,
    61490200.0,
    61934500.0,
    63312700.0,
    63944400.0,
    63513700.0,
    65695200.0,
    67906200.0,
    67931900.0,
    69686900.0,
    70947600.0,
    72977700.0,
    71311200.0,
    74135700.0,
    73702700.0,
    78103800.0,
    75787800.0,
    76160300.0,
    77213400.0,
    78105500.0,
    92631900.0,
    80392600.0,
    82222600.0,
    84133300.0,
    85628200.0,
    84787500.0,
    87271700.0,
    88652900.0,
    87012300.0,
    89074200.0,
    89720400.0,
    91038500.0,
    93257000.0,
    90526200.0,
    91873700.0,
    93621500.0,
    94959400.0,
    97476300.0,
    97105500.0
  ]
}