{
  "median_abs_dev": {
    "estimate": 29.829450510926733,
    "lower_bound": 20.58167675130692,
    "unit": "ns",
    "upper_bound": 35.93203136690993
  },
  "slope": {
    "estimate": 1197.6081784362732,
    "lower_bound": 1189.0964256379698,
    "unit": "ns",
    "upper_bound": 1207.283087975397
  },
  "report_directory": "E:\\_ranim\\ranim-bench\\ranim\\target\\criterion\\reports\\extract\\polygon\\20",
  "change": {
    "change": "Improved",
    "mean": {
      "estimate": -0.14055274696845743,
      "lower_bound": -0.1524088701282296,
      "unit": "%",
      "upper_bound": -0.1280859937049426
    },
    "median": {
      "estimate": -0.14098811714207315,
      "lower_bound": -0.14878959024378202,
      "unit": "%",
      "upper_bound": -0.1335481950358406
    }
  },
  "throughput": [],
  "median": {
    "estimate": 1187.4358076563958,
    "lower_bound": 1183.1192358366272,
    "unit": "ns",
    "upper_bound": 1196.3697227473222
  },
  "unit": "ns",
  "typical": {
    "estimate": 1197.6081784362732,
    "lower_bound": 1189.0964256379698,
    "unit": "ns",
    "upper_bound": 1207.283087975397
  },
  "iteration_count": [
    828,
    1656,
    2484,
    3312,
    4140,
    4968,
    5796,
    6624,
    7452,
    8280,
    9108,
    9936,
    10764,
    11592,
    12420,
    13248,
    14076,
    14904,
    15732,
    16560,
    17388,
    18216,
    19044,
    19872,
    20700,
    21528,
    22356,
    23184,
    24012,
    24840,
    25668,
    26496,
    27324,
    28152,
    28980,
    29808,
    30636,
    31464,
    32292,
    33120,
    33948,
    34776,
    35604,
    36432,
    37260,
    38088,
    38916,
    39744,
    40572,
    41400,
    42228,
    43056,
    43884,
    44712,
    45540,
    46368,
    47196,
    48024,
    48852,
    49680,
    50508,
    51336,
    52164,
    52992,
    53820,
    54648,
    55476,
    56304,
    57132,
    57960,
    58788,
    59616,
    60444,
    61272,
    62100,
    62928,
    63756,
    64584,
    65412,
    66240,
    67068,
    67896,
    68724,
    69552,
    70380,
    71208,
    72036,
    72864,
    73692,
    74520,
    75348,
    76176,
    77004,
    77832,
    78660,
    79488,
    80316,
    81144,
    81972,
    82800
  ],
  "mean": {
    "estimate": 1205.9351284104978,
    "lower_bound": 1194.4984974425126,
    "unit": "ns",
    "upper_bound": 1220.0877949046114
  },
  "measured_values": [
    984200.0,
    2062900.0,
    2892200.0,
    4247600.0,
    5154100.0,
    6161600.0,
    6783400.0,
    9977500.0,
    10123900.0,
    10320700.0,
    10867600.0,
    12110300.0,
    13500600.0,
    14470700.0,
    14615100.0,
    15436500.0,
    17738900.0,
    17657400.0,
    18222000.0,
    19115000.0,
    20930900.0,
    21551700.0,
    23051200.0,
    23238900.0,
    23906700.0,
    25992500.0,
    26086300.0,
    27531400.0,
    39951000.0,
    29208400.0,
    30826900.0,
    31427300.0,
    31650200.0,
    33426400.0,
    33609200.0,
    34581700.0,
    35748700.0,
    36883300.0,
    39015700.0,
    38628600.0,
    40714500.0,
    44734600.0,
    41740700.0,
    44247700.0,
    45350700.0,
    45504500.0,
    47455500.0,
    46887300.0,
    48000800.0,
    49236300.0,
    48695500.0,
    51472300.0,
    52308600.0,
    52382700.0,
    56358300.0,
    56173100.0,
    56878900.0,
    56869400.0,
    57415000.0,
    59517600.0,
    61869900.0,
    63840100.0,
    62095800.0,
    62806200.0,
    63382600.0,
    64480800.0,
    66727400.0,
    70928400.0,
    66637500.0,
    67253900.0,
    69230300.0,
    69392700.0,
    71202100.0,
    71272800.0,
    75071400.0,
    75100700.0,
    75134700.0,
    78740100.0,
    82699900.0,
    78211700.0,
    80836000.0,
    80593400.0,
    79582700.0,
    82116200.0,
    82655700.0,
    83855100.0,
    86048700.0,
    87344100.0,
    96204100.0,
    86975400.0,
    88606500.0,
    90352000.0,
    90746300.0,
    90551300.0,
    95068800.0,
    94333500.0,
    97621300.0,
    99446200.0,
    103975500.0,
    98182600.0
  ]
}