{
  "typical": {
    "estimate": 1630.8235042509723,
    "lower_bound": 1624.0496445869903,
    "unit": "ns",
    "upper_bound": 1637.5565831649162
  },
  "unit": "ns",
  "median_abs_dev": {
    "estimate": 32.14162505751282,
    "lower_bound": 24.81200067893726,
    "unit": "ns",
    "upper_bound": 41.84579888020387
  },
  "change": {
    "change": "Regressed",
    "mean": {
      "estimate": 0.07495007423532107,
      "lower_bound": 0.06780208447339434,
      "unit": "%",
      "upper_bound": 0.08200091061300008
    },
    "median": {
      "estimate": 0.07352242436405576,
      "lower_bound": 0.06840049544815896,
      "unit": "%",
      "upper_bound": 0.08353434072460231
    }
  },
  "slope": {
    "estimate": 1630.8235042509723,
    "lower_bound": 1624.0496445869903,
    "unit": "ns",
    "upper_bound": 1637.5565831649162
  },
  "iteration_count": [
    597,
    1194,
    1791,
    2388,
    2985,
    3582,
    4179,
    4776,
    5373,
    5970,
    6567,
    7164,
    7761,
    8358,
    8955,
    9552,
    10149,
    10746,
    11343,
    11940,
    12537,
    13134,
    13731,
    14328,
    14925,
    15522,
    16119,
    16716,
    17313,
    17910,
    18507,
    19104,
    19701,
    20298,
    20895,
    21492,
    22089,
    22686,
    23283,
    23880,
    24477,
    25074,
    25671,
    26268,
    26865,
    27462,
    28059,
    28656,
    29253,
    29850,
    30447,
    31044,
    31641,
    32238,
    32835,
    33432,
    34029,
    34626,
    35223,
    35820,
    36417,
    37014,
    37611,
    38208,
    38805,
    39402,
    39999,
    40596,
    41193,
    41790,
    42387,
    42984,
    43581,
    44178,
    44775,
    45372,
    45969,
    46566,
    47163,
    47760,
    48357,
    48954,
    49551,
    50148,
    50745,
    51342,
    51939,
    52536,
    53133,
    53730,
    54327,
    54924,
    55521,
    56118,
    56715,
    57312,
    57909,
    58506,
    59103,
    59700
  ],
  "throughput": [],
  "report_directory": "E:\\_ranim\\ranim-bench\\ranim\\target\\criterion\\reports\\extract\\polygon\\40",
  "mean": {
    "estimate": 1634.481156453724,
    "lower_bound": 1626.110539750542,
    "unit": "ns",
    "upper_bound": 1644.2264074235993
  },
  "median": {
    "estimate": 1621.2383587987265,
    "lower_bound": 1614.4823735535915,
    "unit": "ns",
    "upper_bound": 1637.600224462352
  },
  "measured_values": [
    946100.0,
    1961700.0,
    2965000.0,
    3941800.0,
    5013100.0,
    6862400.0,
    6870500.0,
    7546500.0,
    8742400.0,
    10904800.0,
    10437000.0,
    11434900.0,
    13074400.0,
    13442700.0,
    15221500.0,
    15837500.0,
    16116700.0,
    17594600.0,
    18173000.0,
    20147200.0,
    20071600.0,
    21069500.0,
    22069100.0,
    23174500.0,
    25182600.0,
    25827100.0,
    25991200.0,
    26806200.0,
    28035100.0,
    28503200.0,
    29730800.0,
    30675700.0,
    31454200.0,
    33353700.0,
    35715300.0,
    34628400.0,
    35567500.0,
    38184400.0,
    39823200.0,
    38198600.0,
    40424500.0,
    40281600.0,
    42683300.0,
    42886800.0,
    42946800.0,
    45134000.0,
    46335900.0,
    45453900.0,
    46645900.0,
    50549500.0,
    49893100.0,
    49798600.0,
    50983200.0,
    51941400.0,
    52570800.0,
    54758000.0,
    55380400.0,
    56195300.0,
    56350000.0,
    58255100.0,
    58683300.0,
    59218600.0,
    62244000.0,
    63486400.0,
    61971200.0,
    62890700.0,
    63502600.0,
    67776600.0,
    65308400.0,
    68336200.0,
    69400600.0,
    69057500.0,
    71685000.0,
    71273000.0,
    72776100.0,
    73306600.0,
    74896200.0,
    75030200.0,
    78697000.0,
    78695400.0,
    78263000.0,
    80206200.0,
    80248600.0,
    84148300.0,
    82184300.0,
    82957200.0,
    83854600.0,
    87964800.0,
    87267000.0,
    85720200.0,
    90795900.0,
    88846800.0,
    92810100.0,
    91945500.0,
    90749100.0,
    94618600.0,
    95801600.0,
    94420100.0,
    95466200.0,
    98854500.0
  ]
}