{
  "throughput": [],
  "measured_values": [
    1133300.0,
    1913500.0,
    2920400.0,
    3862900.0,
    4819300.0,
    5866500.0,
    6710900.0,
    7803100.0,
    8734900.0,
    9734000.0,
    10906600.0,
    11676000.0,
    12439600.0,
    13576400.0,
    14642800.0,
    16011400.0,
    16387500.0,
    17346300.0,
    19382500.0,
    19346900.0,
    20315400.0,
    21185400.0,
    22244300.0,
    23122900.0,
    27352200.0,
    31439100.0,
    26351500.0,
    27125800.0,
    28308200.0,
    29014000.0,
    30782400.0,
    31317200.0,
    35166700.0,
    33508100.0,
    34145000.0,
    34786700.0,
    36394100.0,
    36646700.0,
    37517700.0,
    38522600.0,
    39582100.0,
    40578600.0,
    41713800.0,
    42487600.0,
    43324600.0,
    44451000.0,
    46145000.0,
    46736000.0,
    47940400.0,
    48169400.0,
    49234000.0,
    49977400.0,
    54426800.0,
    52625400.0,
    53558400.0,
    54290500.0,
    55780300.0,
    56831300.0,
    57074800.0,
    57807800.0,
    59651900.0,
    60452500.0,
    61001300.0,
    61826800.0,
    62986400.0,
    64718200.0,
    67358000.0,
    65640900.0,
    66440700.0,
    67811300.0,
    68575700.0,
    69886600.0,
    71091100.0,
    72869300.0,
    72579600.0,
    74697400.0,
    74894400.0,
    75548100.0,
    76065900.0,
    79203900.0,
    78640400.0,
    79581300.0,
    80146700.0,
    81206200.0,
    82482000.0,
    83242100.0,
    84415900.0,
    84965000.0,
    86237700.0,
    88630900.0,
    88058000.0,
    89157200.0,
    91109800.0,
    91826800.0,
    92191100.0,
    94287700.0,
    94193500.0,
    97295900.0,
    96440300.0,
    96446400.0
  ],
  "median": {
    "estimate": 936.6188087536972,
    "lower_bound": 934.8491603848748,
    "unit": "ns",
    "upper_bound": 939.5752895752896
  },
  "slope": {
    "estimate": 940.4029471321476,
    "lower_bound": 938.0008194696844,
    "unit": "ns",
    "upper_bound": 943.1299890762168
  },
  "change": {
    "change": "NoChange",
    "mean": {
      "estimate": -0.015108880884224574,
      "lower_bound": -0.02588788441363766,
      "unit": "%",
      "upper_bound": -0.004718452491936736
    },
    "median": {
      "estimate": -0.011241377829330212,
      "lower_bound": -0.016976781642753958,
      "unit": "%",
      "upper_bound": -0.005054293796530773
    }
  },
  "typical": {
    "estimate": 940.4029471321476,
    "lower_bound": 938.0008194696844,
    "unit": "ns",
    "upper_bound": 943.1299890762168
  },
  "report_directory": "E:\\_ranim\\ranim-bench\\ranim\\target\\criterion\\reports\\extract\\polygon\\10",
  "unit": "ns",
  "mean": {
    "estimate": 945.0307977775724,
    "lower_bound": 939.4125717328452,
    "unit": "ns",
    "upper_bound": 952.1475103751568
  },
  "iteration_count": [
    1036,
    2072,
    3108,
    4144,
    5180,
    6216,
    7252,
    8288,
    9324,
    10360,
    11396,
    12432,
    13468,
    14504,
    15540,
    16576,
    17612,
    18648,
    19684,
    20720,
    21756,
    22792,
    23828,
    24864,
    25900,
    26936,
    27972,
    29008,
    30044,
    31080,
    32116,
    33152,
    34188,
    35224,
    36260,
    37296,
    38332,
    39368,
    40404,
    41440,
    42476,
    43512,
    44548,
    45584,
    46620,
    47656,
    48692,
    49728,
    50764,
    51800,
    52836,
    53872,
    54908,
    55944,
    56980,
    58016,
    59052,
    60088,
    61124,
    62160,
    63196,
    64232,
    65268,
    66304,
    67340,
    68376,
    69412,
    70448,
    71484,
    72520,
    73556,
    74592,
    75628,
    76664,
    77700,
    78736,
    79772,
    80808,
    81844,
    82880,
    83916,
    84952,
    85988,
    87024,
    88060,
    89096,
    90132,
    91168,
    92204,
    93240,
    94276,
    95312,
    96348,
    97384,
    98420,
    99456,
    100492,
    101528,
    102564,
    103600
  ],
  "median_abs_dev": {
    "estimate": 7.3591603335109665,
    "lower_bound": 5.808229867925847,
    "unit": "ns",
    "upper_bound": 10.124677623053936
  }
}