{
  "change": {
    "change": "NoChange",
    "mean": {
      "estimate": -0.01498786419875886,
      "lower_bound": -0.028198912350524782,
      "unit": "%",
      "upper_bound": -0.005057360370655324
    },
    "median": {
      "estimate": -0.009564753138060156,
      "lower_bound": -0.014976360615923778,
      "unit": "%",
      "upper_bound": -0.0029091234673921385
    }
  },
  "throughput": [],
  "typical": {
    "estimate": 1601.813965594103,
    "lower_bound": 1594.0452026983653,
    "unit": "ns",
    "upper_bound": 1611.014641342828
  },
  "mean": {
    "estimate": 1598.7048738472754,
    "lower_bound": 1592.9015908107983,
    "unit": "ns",
    "upper_bound": 1605.214912514772
  },
  "iteration_count": [
    599,
    1198,
    1797,
    2396,
    2995,
    3594,
    4193,
    4792,
    5391,
    5990,
    6589,
    7188,
    7787,
    8386,
    8985,
    9584,
    10183,
    10782,
    11381,
    11980,
    12579,
    13178,
    13777,
    14376,
    14975,
    15574,
    16173,
    16772,
    17371,
    17970,
    18569,
    19168,
    19767,
    20366,
    20965,
    21564,
    22163,
    22762,
    23361,
    23960,
    24559,
    25158,
    25757,
    26356,
    26955,
    27554,
    28153,
    28752,
    29351,
    29950,
    30549,
    31148,
    31747,
    32346,
    32945,
    33544,
    34143,
    34742,
    35341,
    35940,
    36539,
    37138,
    37737,
    38336,
    38935,
    39534,
    40133,
    40732,
    41331,
    41930,
    42529,
    43128,
    43727,
    44326,
    44925,
    45524,
    46123,
    46722,
    47321,
    47920,
    48519,
    49118,
    49717,
    50316,
    50915,
    51514,
    52113,
    52712,
    53311,
    53910,
    54509,
    55108,
    55707,
    56306,
    56905,
    57504,
    58103,
    58702,
    59301,
    59900
  ],
  "median_abs_dev": {
    "estimate": 19.22119370366956,
    "lower_bound": 13.24848246322932,
    "unit": "ns",
    "upper_bound": 24.797612350939044
  },
  "measured_values": [
    945100.0,
    1882000.0,
    2983900.0,
    3762600.0,
    4709800.0,
    5653600.0,
    6823900.0,
    7833900.0,
    9252600.0,
    10040300.0,
    10637600.0,
    11649000.0,
    12512500.0,
    13734600.0,
    14442600.0,
    15180500.0,
    16149100.0,
    17753200.0,
    18259000.0,
    18980200.0,
    19774100.0,
    20823900.0,
    21722100.0,
    23164900.0,
    23644100.0,
    24514100.0,
    25481700.0,
    26585200.0,
    27388900.0,
    28439800.0,
    29539700.0,
    30266000.0,
    31126700.0,
    32022800.0,
    32952400.0,
    33929700.0,
    35184800.0,
    36752300.0,
    37398000.0,
    37744400.0,
    38927200.0,
    39752500.0,
    40826200.0,
    41533100.0,
    42339900.0,
    43334800.0,
    45209500.0,
    45634700.0,
    47855500.0,
    47261600.0,
    48012100.0,
    49125900.0,
    49949500.0,
    52236400.0,
    52997300.0,
    53027100.0,
    53702000.0,
    54875900.0,
    56129800.0,
    58774100.0,
    58395900.0,
    59156300.0,
    59377000.0,
    64493200.0,
    62468500.0,
    63006200.0,
    63462900.0,
    64638300.0,
    65279500.0,
    67998500.0,
    68170300.0,
    68300400.0,
    69217700.0,
    70489200.0,
    71047900.0,
    72492100.0,
    72634700.0,
    73844800.0,
    74944300.0,
    76974500.0,
    77258800.0,
    85941000.0,
    80709700.0,
    80125100.0,
    81357500.0,
    84222300.0,
    83720400.0,
    84038400.0,
    84184700.0,
    85836600.0,
    87779400.0,
    88098100.0,
    93913200.0,
    92072500.0,
    91057500.0,
    92733700.0,
    93337100.0,
    92898200.0,
    94910800.0,
    94798700.0
  ],
  "unit": "ns",
  "slope": {
    "estimate": 1601.813965594103,
    "lower_bound": 1594.0452026983653,
    "unit": "ns",
    "upper_bound": 1611.014641342828
  },
  "median": {
    "estimate": 1587.36515626645,
    "lower_bound": 1583.346992111296,
    "unit": "ns",
    "upper_bound": 1593.7218596650985
  },
  "report_directory": "E:\\_ranim\\ranim-bench\\ranim\\target\\criterion\\reports\\extract\\polygon\\40"
}