{
  "iteration_count": [
    193,
    193,
    193,
    193,
    193,
    193,
    193,
    193,
    193,
    193,
    193,
    193,
    193,
    193,
    193,
    193,
    193,
    193,
    193,
    193,
    193,
    193,
    193,
    193,
    193,
    193,
    193,
    193,
    193,
    193,
    193,
    193,
    193,
    193,
    193,
    193,
    193,
    193,
    193,
    193,
    193,
    193,
    193,
    193,
    193,
    193,
    193,
    193,
    193,
    193
  ],
  "measured_values": [
    97703069.0,
    96117880.0,
    96700134.0,
    98044711.0,
    95871777.0,
    95944624.0,
    97885922.0,
    95757883.0,
    97718538.0,
    95827273.0,
    96624853.0,
    97732764.0,
    95815942.0,
    96223799.0,
    97452367.0,
    96573767.0,
    97766267.0,
    95287119.0,
    96739367.0,
    97220762.0,
    95844817.0,
    98279682.0,
    96975571.0,
    96201076.0,
    97523070.0,
    96007462.0,
    96944844.0,
    97461945.0,
    96028361.0,
    98295241.0,
    96247352.0,
    96428513.0,
    97646542.0,
    95973949.0,
    96460313.0,
    97184583.0,
    96728637.0,
    97614973.0,
    96068056.0,
    96085388.0,
    97194522.0,
    96027630.0,
    96576831.0,
    97875441.0,
    96569288.0,
    98036113.0,
    96553478.0,
    97763842.0,
    97230240.0,
    95868782.0
  ],
  "throughput": [],
  "report_directory": "/home/user/workspaces/ranim-bench/ranim/target/criterion/reports/gpu_render/submit/1600",
  "slope": null,
  "mean": {
    "estimate": 501627.4984455958,
    "lower_bound": 500490.48967875633,
    "unit": "ns",
    "upper_bound": 502780.1770984453
  },
  "median": {
    "estimate": 500841.9352331606,
    "lower_bound": 499242.6554404145,
    "unit": "ns",
    "upper_bound": 503640.79015544045
  },
  "change": {
    "change": "Improved",
    "mean": {
      "estimate": -0.9775758399284376,
      "lower_bound": -0.9776897351679508,
      "unit": "%",
      "upper_bound": -0.977462656322005
    },
    "median": {
      "estimate": -0.9775521788482068,
      "lower_bound": -0.977730870077757,
      "unit": "%",
      "upper_bound": -0.9773866843147097
    }
  },
  "typical": {
    "estimate": 501627.4984455958,
    "lower_bound": 500490.48967875633,
    "unit": "ns",
    "upper_bound": 502780.1770984453
  },
  "median_abs_dev": {
    "estimate": 5160.584824443457,
    "lower_bound": 3471.0046762011493,
    "unit": "ns",
    "upper_bound": 6396.412562088622
  },
  "unit": "ns"
}