{
  "measured_values": [
    96167919.0,
    98478230.0,
    99749249.0,
    99511673.0,
    99682744.0,
    99161445.0,
    99613233.0,
    98113867.0,
    99611109.0,
    98362714.0,
    99204786.0,
    99666754.0,
    99011723.0,
    99359747.0,
    99405252.0,
    99315985.0,
    98920191.0,
    98929348.0,
    101014507.0,
    100318779.0,
    100475774.0,
    100260750.0,
    100715755.0,
    99317417.0,
    98961579.0,
    99488069.0,
    99657576.0,
    99274818.0,
    99084970.0,
    99254268.0,
    99632349.0,
    99594358.0,
    99443594.0,
    98774106.0,
    99712349.0,
    99071314.0,
    99620056.0,
    100701298.0,
    98507816.0,
    99360889.0,
    99261141.0,
    99000432.0,
    99377049.0,
    99054934.0,
    99293371.0,
    99238649.0,
    98903930.0,
    99675470.0,
    100319881.0,
    101122057.0
  ],
  "mean": {
    "estimate": 205786.96786749485,
    "lower_bound": 205328.31104037265,
    "unit": "ns",
    "upper_bound": 206220.68172567288
  },
  "change": {
    "change": "Improved",
    "mean": {
      "estimate": -0.4447977571629428,
      "lower_bound": -0.44677903144111913,
      "unit": "%",
      "upper_bound": -0.4428368770786505
    },
    "median": {
      "estimate": -0.4444758820478995,
      "lower_bound": -0.4473895972094229,
      "unit": "%",
      "upper_bound": -0.44170389452013337
    }
  },
  "report_directory": "/home/user/workspaces/ranim-bench/ranim/target/criterion/reports/gpu_render/submit/25",
  "unit": "ns",
  "throughput": [],
  "iteration_count": [
    483,
    483,
    483,
    483,
    483,
    483,
    483,
    483,
    483,
    483,
    483,
    483,
    483,
    483,
    483,
    483,
    483,
    483,
    483,
    483,
    483,
    483,
    483,
    483,
    483,
    483,
    483,
    483,
    483,
    483,
    483,
    483,
    483,
    483,
    483,
    483,
    483,
    483,
    483,
    483,
    483,
    483,
    483,
    483,
    483,
    483,
    483,
    483,
    483,
    483
  ],
  "median": {
    "estimate": 205714.9440993789,
    "lower_bound": 205486.32505175984,
    "unit": "ns",
    "upper_bound": 206199.49896480332
  },
  "typical": {
    "estimate": 205786.96786749485,
    "lower_bound": 205328.31104037265,
    "unit": "ns",
    "upper_bound": 206220.68172567288
  },
  "slope": null,
  "median_abs_dev": {
    "estimate": 939.0106789814056,
    "lower_bound": 649.4079493402517,
    "unit": "ns",
    "upper_bound": 1342.491590296458
  }
}