{
  "report_directory": "/home/user/workspaces/ranim-bench/ranim/target/criterion/reports/gpu_render/submit/3600",
  "change": {
    "change": "Improved",
    "mean": {
      "estimate": -0.9873536943784992,
      "lower_bound": -0.9874118521303846,
      "unit": "%",
      "upper_bound": -0.9872990163071778
    },
    "median": {
      "estimate": -0.9873390272021288,
      "lower_bound": -0.9874136629819464,
      "unit": "%",
      "upper_bound": -0.9872740103047064
    }
  },
  "unit": "ns",
  "median": {
    "estimate": 633358.4707792208,
    "lower_bound": 631650.8506493507,
    "unit": "ns",
    "upper_bound": 635895.2467532468
  },
  "typical": {
    "estimate": 634492.3759740259,
    "lower_bound": 633117.2106363636,
    "unit": "ns",
    "upper_bound": 635966.7094610388
  },
  "median_abs_dev": {
    "estimate": 5276.178588147223,
    "lower_bound": 3538.4449407027814,
    "unit": "ns",
    "upper_bound": 7386.30344159401
  },
  "measured_values": [
    97015224.0,
    98145578.0,
    96816521.0,
    97130571.0,
    98479997.0,
    96665697.0,
    96887174.0,
    96703498.0,
    97982191.0,
    97051442.0,
    97432007.0,
    98290830.0,
    96920296.0,
    97733393.0,
    98737861.0,
    97033078.0,
    97057363.0,
    98038507.0,
    98755684.0,
    97340125.0,
    97863909.0,
    98706311.0,
    97444230.0,
    97653283.0,
    98814084.0,
    100467832.0,
    97638665.0,
    97927868.0,
    98257338.0,
    97269802.0,
    97622294.0,
    98292374.0,
    96814156.0,
    96850284.0,
    98617535.0,
    96806692.0,
    97452115.0,
    96780763.0,
    98059336.0,
    97308295.0,
    96963246.0,
    98868115.0,
    97785271.0,
    97373998.0,
    98847016.0,
    98805879.0,
    97177078.0,
    97167510.0,
    98464748.0,
    97274231.0
  ],
  "throughput": [],
  "slope": null,
  "mean": {
    "estimate": 634492.3759740259,
    "lower_bound": 633117.2106363636,
    "unit": "ns",
    "upper_bound": 635966.7094610388
  },
  "iteration_count": [
    154,
    154,
    154,
    154,
    154,
    154,
    154,
    154,
    154,
    154,
    154,
    154,
    154,
    154,
    154,
    154,
    154,
    154,
    154,
    154,
    154,
    154,
    154,
    154,
    154,
    154,
    154,
    154,
    154,
    154,
    154,
    154,
    154,
    154,
    154,
    154,
    154,
    154,
    154,
    154,
    154,
    154,
    154,
    154,
    154,
    154,
    154,
    154,
    154,
    154
  ]
}