{
  "measured_values": [
    977174.0,
    1970596.0,
    2966284.0,
    3952875.0,
    4994549.0,
    5923692.0,
    6909962.0,
    7931428.0,
    8916846.0,
    9926090.0,
    10924854.0,
    11848135.0,
    12941316.0,
    13910233.0,
    14872738.0,
    15827389.0,
    16870707.0,
    17680746.0,
    18682355.0,
    19637106.0,
    20608889.0,
    21661464.0,
    22564397.0,
    23566257.0,
    24588133.0,
    25581096.0,
    26596160.0,
    27539890.0,
    28447743.0,
    29475841.0,
    30472802.0,
    31431941.0,
    32548867.0,
    33402397.0,
    34340858.0,
    35331345.0,
    36362440.0,
    37335956.0,
    38296468.0,
    39220511.0,
    40252938.0,
    41284042.0,
    42147662.0,
    43176673.0,
    44196455.0,
    45145435.0,
    46319137.0,
    47116012.0,
    48185869.0,
    49118558.0,
    50130476.0,
    51058598.0,
    52089512.0,
    52949735.0,
    53942407.0,
    55175540.0,
    55995659.0,
    56915885.0,
    58002133.0,
    58831348.0,
    59840811.0,
    60895090.0,
    61773146.0,
    62736383.0,
    63827911.0,
    65423154.0,
    66292734.0,
    67160883.0,
    68301312.0,
    69377130.0,
    70355386.0,
    71478152.0,
    72327004.0,
    73250366.0,
    74243569.0,
    74983016.0,
    76116161.0,
    77200215.0,
    78379608.0,
    79258706.0,
    80259694.0,
    80663542.0,
    81559863.0,
    82669915.0,
    83753318.0,
    84669276.0,
    85557242.0,
    86601321.0,
    87541765.0,
    88470566.0,
    89712947.0,
    90631410.0,
    91457770.0,
    92748862.0,
    93653729.0,
    94846638.0,
    95590913.0,
    96695796.0,
    97652150.0,
    98657095.0
  ],
  "median_abs_dev": {
    "estimate": 1.5577738437725668,
    "lower_bound": 1.099332231358447,
    "unit": "ns",
    "upper_bound": 2.124043445161757
  },
  "iteration_count": [
    2450,
    4900,
    7350,
    9800,
    12250,
    14700,
    17150,
    19600,
    22050,
    24500,
    26950,
    29400,
    31850,
    34300,
    36750,
    39200,
    41650,
    44100,
    46550,
    49000,
    51450,
    53900,
    56350,
    58800,
    61250,
    63700,
    66150,
    68600,
    71050,
    73500,
    75950,
    78400,
    80850,
    83300,
    85750,
    88200,
    90650,
    93100,
    95550,
    98000,
    100450,
    102900,
    105350,
    107800,
    110250,
    112700,
    115150,
    117600,
    120050,
    122500,
    124950,
    127400,
    129850,
    132300,
    134750,
    137200,
    139650,
    142100,
    144550,
    147000,
    149450,
    151900,
    154350,
    156800,
    159250,
    161700,
    164150,
    166600,
    169050,
    171500,
    173950,
    176400,
    178850,
    181300,
    183750,
    186200,
    188650,
    191100,
    193550,
    196000,
    198450,
    200900,
    203350,
    205800,
    208250,
    210700,
    213150,
    215600,
    218050,
    220500,
    222950,
    225400,
    227850,
    230300,
    232750,
    235200,
    237650,
    240100,
    242550,
    245000
  ],
  "report_directory": "/home/user/workspaces/ranim-bench/ranim/target/criterion/reports/extract/arc",
  "throughput": [],
  "typical": {
    "estimate": 402.2870187325647,
    "lower_bound": 401.9681325361308,
    "unit": "ns",
    "upper_bound": 402.60424469116305
  },
  "slope": {
    "estimate": 402.2870187325647,
    "lower_bound": 401.9681325361308,
    "unit": "ns",
    "upper_bound": 402.60424469116305
  },
  "change": {
    "change": "Regressed",
    "mean": {
      "estimate": 0.014294514363222932,
      "lower_bound": 0.012613826268540174,
      "unit": "%",
      "upper_bound": 0.01592057180100173
    },
    "median": {
      "estimate": 0.014288990811718971,
      "lower_bound": 0.01033729819973872,
      "unit": "%",
      "upper_bound": 0.018124651618542403
    }
  },
  "median": {
    "estimate": 401.6314751320109,
    "lower_bound": 401.26,
    "unit": "ns",
    "upper_bound": 402.23401220281926
  },
  "unit": "ns",
  "mean": {
    "estimate": 402.1934151156301,
    "lower_bound": 401.8664700458603,
    "unit": "ns",
    "upper_bound": 402.53078549455626
  }
}