{
  "measured_values": [
    984907.0,
    1974895.0,
    2970763.0,
    3949468.0,
    4958551.0,
    5925134.0,
    6916885.0,
    7948610.0,
    8933548.0,
    9936489.0,
    10899756.0,
    11858724.0,
    12923673.0,
    13869326.0,
    14835308.0,
    15855392.0,
    16846821.0,
    17779661.0,
    18764509.0,
    19772990.0,
    20755053.0,
    21769074.0,
    22728364.0,
    23704355.0,
    24699201.0,
    25661365.0,
    26694834.0,
    27666066.0,
    28639131.0,
    29792504.0,
    30836644.0,
    31566051.0,
    32567430.0,
    33658947.0,
    34678059.0,
    35625255.0,
    36640561.0,
    37585543.0,
    38689654.0,
    39652961.0,
    40641185.0,
    41636462.0,
    42807678.0,
    43601688.0,
    44609278.0,
    45605727.0,
    46565127.0,
    47612472.0,
    48597238.0,
    49416175.0,
    50459011.0,
    51476229.0,
    52495771.0,
    53486379.0,
    54398290.0,
    55398887.0,
    56428458.0,
    57458100.0,
    58376041.0,
    59416624.0,
    60497471.0,
    61396347.0,
    62487013.0,
    63149436.0,
    64378471.0,
    65467504.0,
    66714783.0,
    67838852.0,
    68725916.0,
    69712076.0,
    70750003.0,
    71660511.0,
    72633807.0,
    73764327.0,
    74745888.0,
    75823139.0,
    76872758.0,
    77724736.0,
    78756061.0,
    79766235.0,
    80749770.0,
    81430327.0,
    82520052.0,
    83460094.0,
    84454821.0,
    85509509.0,
    86456435.0,
    87457774.0,
    88425959.0,
    89437868.0,
    90291028.0,
    91332672.0,
    92250704.0,
    93217147.0,
    94330345.0,
    95041299.0,
    96240598.0,
    97524286.0,
    98620894.0,
    99592426.0
  ],
  "change": {
    "change": "NoChange",
    "mean": {
      "estimate": 0.0025718573740303174,
      "lower_bound": 0.001608911781075084,
      "unit": "%",
      "upper_bound": 0.00350124460413434
    },
    "median": {
      "estimate": 0.0036207399865022527,
      "lower_bound": 0.001981156794022443,
      "unit": "%",
      "upper_bound": 0.004648711624986257
    }
  },
  "median": {
    "estimate": 257.28540278859185,
    "lower_bound": 257.09247895888177,
    "unit": "ns",
    "upper_bound": 257.4447902625799
  },
  "iteration_count": [
    3853,
    7706,
    11559,
    15412,
    19265,
    23118,
    26971,
    30824,
    34677,
    38530,
    42383,
    46236,
    50089,
    53942,
    57795,
    61648,
    65501,
    69354,
    73207,
    77060,
    80913,
    84766,
    88619,
    92472,
    96325,
    100178,
    104031,
    107884,
    111737,
    115590,
    119443,
    123296,
    127149,
    131002,
    134855,
    138708,
    142561,
    146414,
    150267,
    154120,
    157973,
    161826,
    165679,
    169532,
    173385,
    177238,
    181091,
    184944,
    188797,
    192650,
    196503,
    200356,
    204209,
    208062,
    211915,
    215768,
    219621,
    223474,
    227327,
    231180,
    235033,
    238886,
    242739,
    246592,
    250445,
    254298,
    258151,
    262004,
    265857,
    269710,
    273563,
    277416,
    281269,
    285122,
    288975,
    292828,
    296681,
    300534,
    304387,
    308240,
    312093,
    315946,
    319799,
    323652,
    327505,
    331358,
    335211,
    339064,
    342917,
    346770,
    350623,
    354476,
    358329,
    362182,
    366035,
    369888,
    373741,
    377594,
    381447,
    385300
  ],
  "report_directory": "/home/user/workspaces/ranim-bench/ranim/target/criterion/reports/extract/square",
  "throughput": [],
  "typical": {
    "estimate": 257.798504329207,
    "lower_bound": 257.62880437631577,
    "unit": "ns",
    "upper_bound": 257.95612766242556
  },
  "mean": {
    "estimate": 257.3662889739289,
    "lower_bound": 257.21081617005404,
    "unit": "ns",
    "upper_bound": 257.5237459939638
  },
  "median_abs_dev": {
    "estimate": 0.8708420594834905,
    "lower_bound": 0.6520357255153105,
    "unit": "ns",
    "upper_bound": 1.0897066915524198
  },
  "unit": "ns",
  "slope": {
    "estimate": 257.798504329207,
    "lower_bound": 257.62880437631577,
    "unit": "ns",
    "upper_bound": 257.95612766242556
  }
}