{
  "report_directory": "/Volumes/Files/_ranim/ranim-bench/ranim/target/criterion/reports/extract/polygon/20",
  "median_abs_dev": {
    "estimate": 3.2045517071533944,
    "lower_bound": 2.510275620370456,
    "unit": "ns",
    "upper_bound": 4.286549875373194
  },
  "change": {
    "change": "Regressed",
    "mean": {
      "estimate": 0.220993846142151,
      "lower_bound": 0.21843674381756292,
      "unit": "%",
      "upper_bound": 0.2234893617941722
    },
    "median": {
      "estimate": 0.2244575177539443,
      "lower_bound": 0.2166818237949596,
      "unit": "%",
      "upper_bound": 0.226519111209162
    }
  },
  "iteration_count": [
    993,
    1986,
    2979,
    3972,
    4965,
    5958,
    6951,
    7944,
    8937,
    9930,
    10923,
    11916,
    12909,
    13902,
    14895,
    15888,
    16881,
    17874,
    18867,
    19860,
    20853,
    21846,
    22839,
    23832,
    24825,
    25818,
    26811,
    27804,
    28797,
    29790,
    30783,
    31776,
    32769,
    33762,
    34755,
    35748,
    36741,
    37734,
    38727,
    39720,
    40713,
    41706,
    42699,
    43692,
    44685,
    45678,
    46671,
    47664,
    48657,
    49650,
    50643,
    51636,
    52629,
    53622,
    54615,
    55608,
    56601,
    57594,
    58587,
    59580,
    60573,
    61566,
    62559,
    63552,
    64545,
    65538,
    66531,
    67524,
    68517,
    69510,
    70503,
    71496,
    72489,
    73482,
    74475,
    75468,
    76461,
    77454,
    78447,
    79440,
    80433,
    81426,
    82419,
    83412,
    84405,
    85398,
    86391,
    87384,
    88377,
    89370,
    90363,
    91356,
    92349,
    93342,
    94335,
    95328,
    96321,
    97314,
    98307,
    99300
  ],
  "unit": "ns",
  "mean": {
    "estimate": 1001.5364398907232,
    "lower_bound": 1000.6633699084912,
    "unit": "ns",
    "upper_bound": 1002.493702540276
  },
  "slope": {
    "estimate": 1000.7141013546726,
    "lower_bound": 999.910589065057,
    "unit": "ns",
    "upper_bound": 1001.7069340532452
  },
  "measured_values": [
    1014333.0,
    1992792.0,
    2988125.0,
    4041083.0,
    5000500.0,
    5977125.0,
    7010708.0,
    7971084.0,
    9006042.0,
    10046208.0,
    10961250.0,
    12057083.0,
    13076834.0,
    13965250.0,
    14966250.0,
    15999041.0,
    16912417.0,
    17934042.0,
    18966792.0,
    19933708.0,
    20901667.0,
    21931208.0,
    22929875.0,
    23955416.0,
    24815250.0,
    25678250.0,
    26741708.0,
    27755209.0,
    28689458.0,
    29685666.0,
    30784250.0,
    31693250.0,
    32653375.0,
    33716083.0,
    34711625.0,
    35642375.0,
    36480333.0,
    37721083.0,
    38735792.0,
    39776000.0,
    40724375.0,
    41754416.0,
    42612167.0,
    43620583.0,
    44601458.0,
    45607292.0,
    46712792.0,
    47546875.0,
    48583041.0,
    49528792.0,
    50509208.0,
    51761292.0,
    52927958.0,
    53934625.0,
    54410000.0,
    55642000.0,
    56640375.0,
    57598625.0,
    58645917.0,
    59522875.0,
    60382750.0,
    61463958.0,
    62485500.0,
    63440750.0,
    64492041.0,
    65479084.0,
    66360583.0,
    67717750.0,
    68809875.0,
    69775667.0,
    70329250.0,
    71381250.0,
    72300041.0,
    73609375.0,
    74538417.0,
    75486416.0,
    76570291.0,
    77451834.0,
    78521875.0,
    79505292.0,
    80393833.0,
    81328584.0,
    82468292.0,
    83399041.0,
    84702583.0,
    85982375.0,
    87833875.0,
    87583250.0,
    88261500.0,
    89261917.0,
    90370750.0,
    91134083.0,
    92384125.0,
    93368209.0,
    94395958.0,
    95380958.0,
    96338917.0,
    97344959.0,
    98311459.0,
    99825791.0
  ],
  "throughput": [],
  "median": {
    "estimate": 1000.3492428677282,
    "lower_bound": 1000.0086964618688,
    "unit": "ns",
    "upper_bound": 1000.954466072635
  },
  "typical": {
    "estimate": 1000.7141013546726,
    "lower_bound": 999.910589065057,
    "unit": "ns",
    "upper_bound": 1001.7069340532452
  }
}