{
  "median_abs_dev": {
    "estimate": 2.4552177439094165,
    "lower_bound": 1.7424747349824474,
    "unit": "ns",
    "upper_bound": 3.3675322979526685
  },
  "change": {
    "change": "Regressed",
    "mean": {
      "estimate": 0.10210855925966178,
      "lower_bound": 0.09997899239169604,
      "unit": "%",
      "upper_bound": 0.1043498675668375
    },
    "median": {
      "estimate": 0.10264995261437426,
      "lower_bound": 0.09926975570905312,
      "unit": "%",
      "upper_bound": 0.1064551312642108
    }
  },
  "report_directory": "/Volumes/Files/_ranim/ranim-bench/ranim/target/criterion/reports/extract/polygon/5",
  "throughput": [],
  "measured_values": [
    976333.0,
    1938042.0,
    2898333.0,
    3873041.0,
    4844792.0,
    5861833.0,
    6792709.0,
    7759125.0,
    8753667.0,
    9690000.0,
    10689833.0,
    11600042.0,
    12674500.0,
    13532792.0,
    14564000.0,
    15498750.0,
    16555417.0,
    17506375.0,
    18439125.0,
    19404708.0,
    20382667.0,
    21892583.0,
    22649250.0,
    23273334.0,
    24313375.0,
    25471416.0,
    26516584.0,
    27599041.0,
    28549375.0,
    29441083.0,
    30567125.0,
    31499541.0,
    32403500.0,
    33424500.0,
    34343917.0,
    35466333.0,
    36325125.0,
    37421333.0,
    38325667.0,
    39312208.0,
    40339083.0,
    41220292.0,
    42348958.0,
    43193584.0,
    44186125.0,
    45236417.0,
    46195791.0,
    47169292.0,
    48073333.0,
    49054209.0,
    49957333.0,
    50928250.0,
    51979417.0,
    52994958.0,
    53963334.0,
    54946416.0,
    55764666.0,
    56853500.0,
    57762250.0,
    58655500.0,
    59654458.0,
    60202791.0,
    61139416.0,
    61903583.0,
    63799750.0,
    64841000.0,
    65871875.0,
    67766417.0,
    68144875.0,
    69189250.0,
    70134709.0,
    71013125.0,
    71897833.0,
    72563167.0,
    73652250.0,
    74616750.0,
    75583250.0,
    76529958.0,
    77542458.0,
    78444833.0,
    79409750.0,
    81729375.0,
    82142334.0,
    83174708.0,
    83994625.0,
    84631667.0,
    85685542.0,
    86714667.0,
    87593209.0,
    88553000.0,
    89285958.0,
    90624541.0,
    91628917.0,
    92663417.0,
    93841958.0,
    94782334.0,
    95777042.0,
    96678875.0,
    97823083.0,
    98689667.0
  ],
  "typical": {
    "estimate": 460.6350992534269,
    "lower_bound": 460.06372754705467,
    "unit": "ns",
    "upper_bound": 461.15114183153025
  },
  "unit": "ns",
  "median": {
    "estimate": 459.5390333840056,
    "lower_bound": 459.3262491254064,
    "unit": "ns",
    "upper_bound": 460.0625390137328
  },
  "iteration_count": [
    2136,
    4272,
    6408,
    8544,
    10680,
    12816,
    14952,
    17088,
    19224,
    21360,
    23496,
    25632,
    27768,
    29904,
    32040,
    34176,
    36312,
    38448,
    40584,
    42720,
    44856,
    46992,
    49128,
    51264,
    53400,
    55536,
    57672,
    59808,
    61944,
    64080,
    66216,
    68352,
    70488,
    72624,
    74760,
    76896,
    79032,
    81168,
    83304,
    85440,
    87576,
    89712,
    91848,
    93984,
    96120,
    98256,
    100392,
    102528,
    104664,
    106800,
    108936,
    111072,
    113208,
    115344,
    117480,
    119616,
    121752,
    123888,
    126024,
    128160,
    130296,
    132432,
    134568,
    136704,
    138840,
    140976,
    143112,
    145248,
    147384,
    149520,
    151656,
    153792,
    155928,
    158064,
    160200,
    162336,
    164472,
    166608,
    168744,
    170880,
    173016,
    175152,
    177288,
    179424,
    181560,
    183696,
    185832,
    187968,
    190104,
    192240,
    194376,
    196512,
    198648,
    200784,
    202920,
    205056,
    207192,
    209328,
    211464,
    213600
  ],
  "mean": {
    "estimate": 458.9948350547754,
    "lower_bound": 458.3650278115363,
    "unit": "ns",
    "upper_bound": 459.6084324882891
  },
  "slope": {
    "estimate": 460.6350992534269,
    "lower_bound": 460.06372754705467,
    "unit": "ns",
    "upper_bound": 461.15114183153025
  }
}