{
  "id": "eval/eval_static_squares/10",
  "iteration_count": [
    993,
    1986,
    2979,
    3972,
    4965,
    5958,
    6951,
    7944,
    8937,
    9930
  ],
  "measured_values": [
    89148250.0,
    181401791.0,
    276139708.0,
    354910584.0,
    437209167.0,
    521203333.0,
    623264958.0,
    711777083.0,
    829637125.0,
    919319041.0
  ],
  "unit": "ns",
  "typical": {
    "estimate": 90844.41749388578,
    "lower_bound": 88951.85181568013,
    "upper_bound": 92089.43411022994,
    "unit": "ns"
  },
  "mean": {
    "estimate": 90337.98688777797,
    "lower_bound": 89199.33037344748,
    "upper_bound": 91456.55668972492,
    "unit": "ns"
  },
  "median": {
    "estimate": 89721.09825924327,
    "lower_bound": 88828.78588872105,
    "upper_bound": 92579.9638469285,
    "unit": "ns"
  },
  "median_abs_dev": {
    "estimate": 2432.973506383128,
    "lower_bound": 131.4740878093751,
    "upper_bound": 3274.2175593810784,
    "unit": "ns"
  }
}