{
  "id": "eval/eval_static_squares/100",
  "iteration_count": [
    10,
    20,
    30,
    40,
    50,
    60,
    70,
    80,
    90,
    100
  ],
  "measured_values": [
    99115791.0,
    202495208.0,
    298572333.0,
    400742084.0,
    495549791.0,
    603562000.0,
    694274458.0,
    801306375.0,
    900162292.0,
    988821459.0
  ],
  "unit": "ns",
  "typical": {
    "estimate": 9964145.434025977,
    "lower_bound": 9917271.987735849,
    "upper_bound": 10015142.04626122,
    "unit": "ns"
  },
  "mean": {
    "estimate": 9980221.925146826,
    "lower_bound": 9937012.107444445,
    "upper_bound": 10027134.655305555,
    "unit": "ns"
  },
  "median": {
    "estimate": 9977107.172222223,
    "lower_bound": 9911579.1,
    "upper_bound": 10037848.177083332,
    "unit": "ns"
  },
  "median_abs_dev": {
    "estimate": 92238.9948490993,
    "lower_bound": 5777.694215424192,
    "upper_bound": 141269.31727863709,
    "unit": "ns"
  }
}