{
  "id": "eval/eval_static_squares/1000",
  "iteration_count": [
    1,
    2,
    3,
    4,
    5,
    6,
    7,
    8,
    9,
    10
  ],
  "measured_values": [
    1083283375.0,
    2264085125.0,
    3271877375.0,
    4253480000.0,
    5379880875.0,
    6479234458.0,
    7588743958.0,
    8635556375.0,
    9800681750.0,
    11372408875.0
  ],
  "unit": "ns",
  "typical": {
    "estimate": 1097017402.8025973,
    "lower_bound": 1079109880.701965,
    "upper_bound": 1117986991.885906,
    "unit": "ns"
  },
  "mean": {
    "estimate": 1091492666.681151,
    "lower_bound": 1078794387.5570238,
    "upper_bound": 1106841968.6519845,
    "unit": "ns"
  },
  "median": {
    "estimate": 1083694827.357143,
    "lower_bound": 1077924292.3333335,
    "upper_bound": 1110503600.6944444,
    "unit": "ns"
  },
  "median_abs_dev": {
    "estimate": 9044434.970562434,
    "lower_bound": 2845723.2385408133,
    "upper_bound": 35787182.46006721,
    "unit": "ns"
  }
}