{
  "report_directory": "/Volumes/Files/_ranim/ranim-bench/ranim/target/criterion/reports/extract/polygon/10",
  "measured_values": [
    1032959.0,
    1881833.0,
    2944042.0,
    3858375.0,
    4877041.0,
    5916500.0,
    7120667.0,
    7982916.0,
    8914625.0,
    9640542.0,
    10840375.0,
    11625542.0,
    12877042.0,
    13869667.0,
    14689209.0,
    15542625.0,
    16634959.0,
    17552250.0,
    18750791.0,
    19696291.0,
    21005125.0,
    21715208.0,
    22434208.0,
    23766083.0,
    24825875.0,
    26057000.0,
    26721000.0,
    27706459.0,
    28341000.0,
    29120792.0,
    30848500.0,
    31883125.0,
    32407750.0,
    33699625.0,
    34249958.0,
    35947042.0,
    37235958.0,
    38147416.0,
    38587333.0,
    39673208.0,
    40916625.0,
    42155875.0,
    43259666.0,
    44373625.0,
    45452291.0,
    46317125.0,
    47031958.0,
    48132542.0,
    48919000.0,
    50097167.0,
    50996250.0,
    52012916.0,
    53148666.0,
    54201958.0,
    54788167.0,
    56324125.0,
    56837042.0,
    58194500.0,
    59319292.0,
    59540333.0,
    60124458.0,
    62503250.0,
    63167583.0,
    64346833.0,
    65536542.0,
    66381291.0,
    66822959.0,
    68153042.0,
    69576375.0,
    70305666.0,
    71179209.0,
    72067667.0,
    73241625.0,
    73294041.0,
    73200875.0,
    76298167.0,
    77533084.0,
    78200333.0,
    79246458.0,
    80518084.0,
    80966791.0,
    82202583.0,
    83187583.0,
    83943750.0,
    85018667.0,
    86015666.0,
    87455208.0,
    88500041.0,
    89298291.0,
    90475375.0,
    90911875.0,
    92624416.0,
    93420833.0,
    94391791.0,
    95382916.0,
    96013500.0,
    96946375.0,
    96728959.0,
    99185834.0,
    99212250.0
  ],
  "slope": {
    "estimate": 546.6792030256121,
    "lower_bound": 545.7428886068077,
    "unit": "ns",
    "upper_bound": 547.4897955527259
  },
  "throughput": [],
  "typical": {
    "estimate": 546.6792030256121,
    "lower_bound": 545.7428886068077,
    "unit": "ns",
    "upper_bound": 547.4897955527259
  },
  "mean": {
    "estimate": 544.0555264942511,
    "lower_bound": 542.6420753689141,
    "unit": "ns",
    "upper_bound": 545.3985432284329
  },
  "iteration_count": [
    1830,
    3660,
    5490,
    7320,
    9150,
    10980,
    12810,
    14640,
    16470,
    18300,
    20130,
    21960,
    23790,
    25620,
    27450,
    29280,
    31110,
    32940,
    34770,
    36600,
    38430,
    40260,
    42090,
    43920,
    45750,
    47580,
    49410,
    51240,
    53070,
    54900,
    56730,
    58560,
    60390,
    62220,
    64050,
    65880,
    67710,
    69540,
    71370,
    73200,
    75030,
    76860,
    78690,
    80520,
    82350,
    84180,
    86010,
    87840,
    89670,
    91500,
    93330,
    95160,
    96990,
    98820,
    100650,
    102480,
    104310,
    106140,
    107970,
    109800,
    111630,
    113460,
    115290,
    117120,
    118950,
    120780,
    122610,
    124440,
    126270,
    128100,
    129930,
    131760,
    133590,
    135420,
    137250,
    139080,
    140910,
    142740,
    144570,
    146400,
    148230,
    150060,
    151890,
    153720,
    155550,
    157380,
    159210,
    161040,
    162870,
    164700,
    166530,
    168360,
    170190,
    172020,
    173850,
    175680,
    177510,
    179340,
    181170,
    183000
  ],
  "median": {
    "estimate": 546.4664195596272,
    "lower_bound": 545.0041513742761,
    "unit": "ns",
    "upper_bound": 547.6460697772173
  },
  "unit": "ns",
  "median_abs_dev": {
    "estimate": 4.6576271928869035,
    "lower_bound": 3.06758054606122,
    "unit": "ns",
    "upper_bound": 6.3526606983261615
  },
  "change": {
    "change": "Regressed",
    "mean": {
      "estimate": 0.02142072435747222,
      "lower_bound": 0.018223855961129132,
      "unit": "%",
      "upper_bound": 0.024406516457439884
    },
    "median": {
      "estimate": 0.025023001919984633,
      "lower_bound": 0.02261328788626371,
      "unit": "%",
      "upper_bound": 0.027507938473827043
    }
  }
}