{
  "slope": {
    "estimate": 801.1450787233642,
    "lower_bound": 800.1303098388892,
    "unit": "ns",
    "upper_bound": 802.1243499881342
  },
  "change": {
    "change": "NoChange",
    "mean": {
      "estimate": 0.008963650947701352,
      "lower_bound": 0.006735043480708054,
      "unit": "%",
      "upper_bound": 0.011148932951211697
    },
    "median": {
      "estimate": 0.008215448283549476,
      "lower_bound": 0.006582774384401077,
      "unit": "%",
      "upper_bound": 0.010389927462007842
    }
  },
  "typical": {
    "estimate": 801.1450787233642,
    "lower_bound": 800.1303098388892,
    "unit": "ns",
    "upper_bound": 802.1243499881342
  },
  "measured_values": [
    1004541.0,
    2005375.0,
    3012458.0,
    3952084.0,
    4928083.0,
    5926416.0,
    6778084.0,
    7618791.0,
    8740708.0,
    9793042.0,
    10933875.0,
    11783333.0,
    12682542.0,
    13743875.0,
    14859000.0,
    15869083.0,
    17039833.0,
    17851666.0,
    18660125.0,
    20063500.0,
    20850667.0,
    21928375.0,
    22347250.0,
    23669333.0,
    24734041.0,
    25967750.0,
    27192792.0,
    27885708.0,
    28195375.0,
    29850709.0,
    30789667.0,
    31547583.0,
    32669459.0,
    34200708.0,
    34400250.0,
    35158208.0,
    36544500.0,
    36991334.0,
    38031458.0,
    39486000.0,
    40210750.0,
    41316042.0,
    42002250.0,
    43501125.0,
    44536833.0,
    44927500.0,
    45665000.0,
    47262917.0,
    48344333.0,
    49731709.0,
    50198208.0,
    51117583.0,
    52117292.0,
    53520791.0,
    54280584.0,
    55441875.0,
    56549750.0,
    57227708.0,
    58467917.0,
    59417250.0,
    60467208.0,
    60978417.0,
    62587667.0,
    62561833.0,
    63112542.0,
    64928709.0,
    66193125.0,
    66944250.0,
    67902958.0,
    69406209.0,
    70154625.0,
    72054458.0,
    72433709.0,
    73336667.0,
    74299709.0,
    74913959.0,
    75883333.0,
    76975958.0,
    77816833.0,
    79376208.0,
    79905500.0,
    81672917.0,
    81512291.0,
    83124042.0,
    83943000.0,
    84353500.0,
    86171792.0,
    86691125.0,
    87750500.0,
    88815833.0,
    90024625.0,
    91065459.0,
    91785042.0,
    92963209.0,
    94600166.0,
    94569584.0,
    95403334.0,
    97359667.0,
    98114041.0,
    99222416.0
  ],
  "throughput": [],
  "unit": "ns",
  "median": {
    "estimate": 800.9950912698873,
    "lower_bound": 799.8558056231414,
    "unit": "ns",
    "upper_bound": 802.572529255011
  },
  "report_directory": "/Volumes/Files/_ranim/ranim-bench/ranim/target/criterion/reports/extract/polygon/20",
  "iteration_count": [
    1233,
    2466,
    3699,
    4932,
    6165,
    7398,
    8631,
    9864,
    11097,
    12330,
    13563,
    14796,
    16029,
    17262,
    18495,
    19728,
    20961,
    22194,
    23427,
    24660,
    25893,
    27126,
    28359,
    29592,
    30825,
    32058,
    33291,
    34524,
    35757,
    36990,
    38223,
    39456,
    40689,
    41922,
    43155,
    44388,
    45621,
    46854,
    48087,
    49320,
    50553,
    51786,
    53019,
    54252,
    55485,
    56718,
    57951,
    59184,
    60417,
    61650,
    62883,
    64116,
    65349,
    66582,
    67815,
    69048,
    70281,
    71514,
    72747,
    73980,
    75213,
    76446,
    77679,
    78912,
    80145,
    81378,
    82611,
    83844,
    85077,
    86310,
    87543,
    88776,
    90009,
    91242,
    92475,
    93708,
    94941,
    96174,
    97407,
    98640,
    99873,
    101106,
    102339,
    103572,
    104805,
    106038,
    107271,
    108504,
    109737,
    110970,
    112203,
    113436,
    114669,
    115902,
    117135,
    118368,
    119601,
    120834,
    122067,
    123300
  ],
  "mean": {
    "estimate": 800.7232910034928,
    "lower_bound": 799.329265029949,
    "unit": "ns",
    "upper_bound": 802.0799338558345
  },
  "median_abs_dev": {
    "estimate": 4.9518402538535655,
    "lower_bound": 3.932755349345698,
    "unit": "ns",
    "upper_bound": 6.253506040034198
  }
}