{
  "report_directory": "/Volumes/Files/_ranim/ranim-bench/ranim/target/criterion/reports/extract/polygon/40",
  "median_abs_dev": {
    "estimate": 8.685537987105125,
    "lower_bound": 6.150602179363456,
    "unit": "ns",
    "upper_bound": 11.405339271181305
  },
  "slope": {
    "estimate": 1072.26066691296,
    "lower_bound": 1070.4443141217537,
    "unit": "ns",
    "upper_bound": 1074.0590383469964
  },
  "iteration_count": [
    920,
    1840,
    2760,
    3680,
    4600,
    5520,
    6440,
    7360,
    8280,
    9200,
    10120,
    11040,
    11960,
    12880,
    13800,
    14720,
    15640,
    16560,
    17480,
    18400,
    19320,
    20240,
    21160,
    22080,
    23000,
    23920,
    24840,
    25760,
    26680,
    27600,
    28520,
    29440,
    30360,
    31280,
    32200,
    33120,
    34040,
    34960,
    35880,
    36800,
    37720,
    38640,
    39560,
    40480,
    41400,
    42320,
    43240,
    44160,
    45080,
    46000,
    46920,
    47840,
    48760,
    49680,
    50600,
    51520,
    52440,
    53360,
    54280,
    55200,
    56120,
    57040,
    57960,
    58880,
    59800,
    60720,
    61640,
    62560,
    63480,
    64400,
    65320,
    66240,
    67160,
    68080,
    69000,
    69920,
    70840,
    71760,
    72680,
    73600,
    74520,
    75440,
    76360,
    77280,
    78200,
    79120,
    80040,
    80960,
    81880,
    82800,
    83720,
    84640,
    85560,
    86480,
    87400,
    88320,
    89240,
    90160,
    91080,
    92000
  ],
  "throughput": [],
  "typical": {
    "estimate": 1072.26066691296,
    "lower_bound": 1070.4443141217537,
    "unit": "ns",
    "upper_bound": 1074.0590383469964
  },
  "unit": "ns",
  "mean": {
    "estimate": 1074.6066948068112,
    "lower_bound": 1072.467673671455,
    "unit": "ns",
    "upper_bound": 1076.807934896987
  },
  "measured_values": [
    1000333.0,
    1987917.0,
    2963792.0,
    3961542.0,
    5059458.0,
    6162250.0,
    7026166.0,
    7898083.0,
    8862209.0,
    9831792.0,
    11285875.0,
    11935917.0,
    12812458.0,
    13801542.0,
    14968166.0,
    15603000.0,
    16540959.0,
    17912292.0,
    18567917.0,
    19571125.0,
    20194875.0,
    21405000.0,
    22545208.0,
    23589417.0,
    24993334.0,
    25870041.0,
    26845791.0,
    27730625.0,
    28802666.0,
    29749875.0,
    30876125.0,
    32100917.0,
    32638625.0,
    33525708.0,
    34636666.0,
    35795666.0,
    36791333.0,
    36930416.0,
    38954250.0,
    39785167.0,
    41098334.0,
    41797667.0,
    42773125.0,
    43824084.0,
    44817042.0,
    45533916.0,
    46643000.0,
    47576709.0,
    47776375.0,
    48457791.0,
    50480750.0,
    51994750.0,
    52060834.0,
    53430459.0,
    55018125.0,
    55117167.0,
    56374542.0,
    58338250.0,
    58601167.0,
    59318417.0,
    59792542.0,
    61153041.0,
    62171042.0,
    62993916.0,
    63962708.0,
    64356209.0,
    65143541.0,
    67185959.0,
    67911209.0,
    68515750.0,
    70364458.0,
    70027416.0,
    72349708.0,
    73385583.0,
    73863708.0,
    75140583.0,
    76022041.0,
    76214083.0,
    78224916.0,
    78348042.0,
    79812250.0,
    81553666.0,
    81644042.0,
    83741958.0,
    83767667.0,
    84709250.0,
    85678916.0,
    86807500.0,
    87815916.0,
    89110667.0,
    89773000.0,
    89872041.0,
    90359125.0,
    93243459.0,
    93612000.0,
    94079667.0,
    96187375.0,
    96558167.0,
    98137416.0,
    98621375.0
  ],
  "median": {
    "estimate": 1074.6370461479787,
    "lower_bound": 1072.099246541502,
    "unit": "ns",
    "upper_bound": 1076.4994177018634
  },
  "change": {
    "change": "NoChange",
    "mean": {
      "estimate": 0.005207996745786314,
      "lower_bound": 0.0024986621171707696,
      "unit": "%",
      "upper_bound": 0.008096643004878418
    },
    "median": {
      "estimate": 0.010303333747357035,
      "lower_bound": 0.007082500636757638,
      "unit": "%",
      "upper_bound": 0.01250903588676766
    }
  }
}