{
  "report_directory": "E:\\_ranim\\ranim-bench\\ranim\\target\\criterion\\reports\\extract\\polygon\\10",
  "measured_values": [
    994200.0,
    1933500.0,
    2918000.0,
    3864600.0,
    5043700.0,
    5816100.0,
    6832100.0,
    8058200.0,
    8727500.0,
    10533000.0,
    11206600.0,
    11715700.0,
    12686200.0,
    13680400.0,
    14608900.0,
    16477300.0,
    16685000.0,
    17605700.0,
    20009900.0,
    19552400.0,
    21279200.0,
    21465500.0,
    22455200.0,
    26563100.0,
    24336000.0,
    25345500.0,
    26268900.0,
    27274600.0,
    28177300.0,
    29163500.0,
    30350900.0,
    32437600.0,
    32083200.0,
    33642900.0,
    34027200.0,
    35345800.0,
    36785600.0,
    37840700.0,
    38519000.0,
    39498100.0,
    40565000.0,
    42916200.0,
    42273600.0,
    43043300.0,
    44667800.0,
    45752000.0,
    45931100.0,
    48145300.0,
    47889900.0,
    48895100.0,
    49969400.0,
    51144900.0,
    51747500.0,
    52529200.0,
    54008700.0,
    54644500.0,
    55722200.0,
    57186100.0,
    58923600.0,
    59672200.0,
    59545000.0,
    60542500.0,
    61833500.0,
    62389000.0,
    63623200.0,
    64969800.0,
    65382400.0,
    67280300.0,
    69317200.0,
    71263500.0,
    69493200.0,
    70280200.0,
    71528300.0,
    73009000.0,
    74057700.0,
    76115000.0,
    78593000.0,
    75750600.0,
    77596500.0,
    80514900.0,
    79334100.0,
    80467700.0,
    81810900.0,
    83972300.0,
    83223000.0,
    84775400.0,
    85532800.0,
    86036200.0,
    88125500.0,
    89744400.0,
    89967400.0,
    90848600.0,
    93511600.0,
    93107600.0,
    92739200.0,
    93929900.0,
    94802700.0,
    98879300.0,
    97850100.0,
    98295000.0
  ],
  "mean": {
    "estimate": 917.622443402883,
    "lower_bound": 914.1873865284108,
    "unit": "ns",
    "upper_bound": 921.5505188171009
  },
  "iteration_count": [
    1077,
    2154,
    3231,
    4308,
    5385,
    6462,
    7539,
    8616,
    9693,
    10770,
    11847,
    12924,
    14001,
    15078,
    16155,
    17232,
    18309,
    19386,
    20463,
    21540,
    22617,
    23694,
    24771,
    25848,
    26925,
    28002,
    29079,
    30156,
    31233,
    32310,
    33387,
    34464,
    35541,
    36618,
    37695,
    38772,
    39849,
    40926,
    42003,
    43080,
    44157,
    45234,
    46311,
    47388,
    48465,
    49542,
    50619,
    51696,
    52773,
    53850,
    54927,
    56004,
    57081,
    58158,
    59235,
    60312,
    61389,
    62466,
    63543,
    64620,
    65697,
    66774,
    67851,
    68928,
    70005,
    71082,
    72159,
    73236,
    74313,
    75390,
    76467,
    77544,
    78621,
    79698,
    80775,
    81852,
    82929,
    84006,
    85083,
    86160,
    87237,
    88314,
    89391,
    90468,
    91545,
    92622,
    93699,
    94776,
    95853,
    96930,
    98007,
    99084,
    100161,
    101238,
    102315,
    103392,
    104469,
    105546,
    106623,
    107700
  ],
  "median": {
    "estimate": 911.4725648848212,
    "lower_bound": 908.6605941837488,
    "unit": "ns",
    "upper_bound": 915.3392457545096
  },
  "median_abs_dev": {
    "estimate": 9.331103937699256,
    "lower_bound": 6.297907995635626,
    "unit": "ns",
    "upper_bound": 13.200080236094344
  },
  "slope": {
    "estimate": 916.8857614901308,
    "lower_bound": 914.1827374224443,
    "unit": "ns",
    "upper_bound": 919.7654680104612
  },
  "change": {
    "change": "NoChange",
    "mean": {
      "estimate": -0.013360099940031955,
      "lower_bound": -0.020811016752286863,
      "unit": "%",
      "upper_bound": -0.006222856247359032
    },
    "median": {
      "estimate": -0.009364438519368856,
      "lower_bound": -0.0146680861104187,
      "unit": "%",
      "upper_bound": -0.0029380102984235103
    }
  },
  "typical": {
    "estimate": 916.8857614901308,
    "lower_bound": 914.1827374224443,
    "unit": "ns",
    "upper_bound": 919.7654680104612
  },
  "unit": "ns",
  "throughput": []
}