{
  "report_directory": "/Volumes/Files/_ranim/ranim-bench/ranim/target/criterion/reports/eval/eval_static_squares/100",
  "iteration_count": [
    19,
    38,
    57,
    76,
    95,
    114,
    133,
    152,
    171,
    190
  ],
  "throughput": [],
  "slope": {
    "estimate": 4959409.512235133,
    "lower_bound": 4930957.0725898985,
    "unit": "ns",
    "upper_bound": 4998240.084647127
  },
  "mean": {
    "estimate": 4999140.979001671,
    "lower_bound": 4955468.955812761,
    "unit": "ns",
    "upper_bound": 5056022.742123745
  },
  "median_abs_dev": {
    "estimate": 52651.11164288712,
    "lower_bound": 2678.373208590141,
    "unit": "ns",
    "upper_bound": 102798.52221144194
  },
  "median": {
    "estimate": 4983738.281286549,
    "lower_bound": 4955492.552631579,
    "unit": "ns",
    "upper_bound": 5030179.828947368
  },
  "change": {
    "change": "Regressed",
    "mean": {
      "estimate": 0.04035548310370385,
      "lower_bound": 0.029584350094892624,
      "unit": "%",
      "upper_bound": 0.05372502315734083
    },
    "median": {
      "estimate": 0.04025879731197657,
      "lower_bound": 0.03032995200433808,
      "unit": "%",
      "upper_bound": 0.05070197302919599
    }
  },
  "unit": "ns",
  "typical": {
    "estimate": 4959409.512235133,
    "lower_bound": 4930957.0725898985,
    "unit": "ns",
    "upper_bound": 4998240.084647127
  },
  "measured_values": [
    99107208.0,
    189058709.0,
    284181709.0,
    382293667.0,
    473617334.0,
    573453250.0,
    659567542.0,
    743509416.0,
    851927291.0,
    937793625.0
  ]
}