{
  "measured_values": [
    938100.0,
    1891600.0,
    3040000.0,
    3896000.0,
    4775900.0,
    5795600.0,
    6695700.0,
    7587900.0,
    8566600.0,
    9696600.0,
    10505300.0,
    11587900.0,
    12398200.0,
    13529800.0,
    14206100.0,
    15189300.0,
    16591900.0,
    17341800.0,
    22312200.0,
    19255800.0,
    19992200.0,
    21092900.0,
    21838700.0,
    23468600.0,
    23740600.0,
    25168300.0,
    25654100.0,
    27793600.0,
    32944500.0,
    30476100.0,
    29459600.0,
    30667200.0,
    36747200.0,
    33708200.0,
    34028000.0,
    34165700.0,
    35797300.0,
    42602500.0,
    37942700.0,
    38001800.0,
    39761200.0,
    39944400.0,
    41257700.0,
    41999800.0,
    42739200.0,
    44183500.0,
    44782300.0,
    47699400.0,
    48111900.0,
    47461500.0,
    50514200.0,
    49442500.0,
    51957700.0,
    51775300.0,
    55043100.0,
    56878100.0,
    59815400.0,
    55066900.0,
    59303200.0,
    57405800.0,
    62295300.0,
    67121000.0,
    64696100.0,
    61229700.0,
    71097000.0,
    66902100.0,
    68286800.0,
    69687200.0,
    68608800.0,
    67060500.0,
    68019600.0,
    73106700.0,
    71191500.0,
    70916600.0,
    74459600.0,
    72153500.0,
    75698400.0,
    75463400.0,
    75171700.0,
    77572400.0,
    86446200.0,
    78805100.0,
    78928800.0,
    82113000.0,
    83568800.0,
    83335200.0,
    82502800.0,
    83533100.0,
    88827300.0,
    90365100.0,
    90427200.0,
    88352500.0,
    89323500.0,
    90156200.0,
    91492400.0,
    92173500.0,
    98744000.0,
    95506700.0,
    94442800.0,
    95389900.0
  ],
  "typical": {
    "estimate": 1283.9985199191951,
    "lower_bound": 1274.0611138759275,
    "unit": "ns",
    "upper_bound": 1295.084560762735
  },
  "mean": {
    "estimate": 1284.3977492530407,
    "lower_bound": 1273.8566402890851,
    "unit": "ns",
    "upper_bound": 1296.19047298816
  },
  "throughput": [],
  "unit": "ns",
  "slope": {
    "estimate": 1283.9985199191951,
    "lower_bound": 1274.0611138759275,
    "unit": "ns",
    "upper_bound": 1295.084560762735
  },
  "median": {
    "estimate": 1264.130671902269,
    "lower_bound": 1255.865700718373,
    "unit": "ns",
    "upper_bound": 1272.5504861630516
  },
  "median_abs_dev": {
    "estimate": 28.93880036837655,
    "lower_bound": 18.49469077275396,
    "unit": "ns",
    "upper_bound": 39.2267761797689
  },
  "iteration_count": [
    764,
    1528,
    2292,
    3056,
    3820,
    4584,
    5348,
    6112,
    6876,
    7640,
    8404,
    9168,
    9932,
    10696,
    11460,
    12224,
    12988,
    13752,
    14516,
    15280,
    16044,
    16808,
    17572,
    18336,
    19100,
    19864,
    20628,
    21392,
    22156,
    22920,
    23684,
    24448,
    25212,
    25976,
    26740,
    27504,
    28268,
    29032,
    29796,
    30560,
    31324,
    32088,
    32852,
    33616,
    34380,
    35144,
    35908,
    36672,
    37436,
    38200,
    38964,
    39728,
    40492,
    41256,
    42020,
    42784,
    43548,
    44312,
    45076,
    45840,
    46604,
    47368,
    48132,
    48896,
    49660,
    50424,
    51188,
    51952,
    52716,
    53480,
    54244,
    55008,
    55772,
    56536,
    57300,
    58064,
    58828,
    59592,
    60356,
    61120,
    61884,
    62648,
    63412,
    64176,
    64940,
    65704,
    66468,
    67232,
    67996,
    68760,
    69524,
    70288,
    71052,
    71816,
    72580,
    73344,
    74108,
    74872,
    75636,
    76400
  ],
  "report_directory": "E:\\_ranim\\ranim-bench\\ranim\\target\\criterion\\reports\\extract\\arc",
  "change": {
    "change": "NoChange",
    "mean": {
      "estimate": 0.005704203226283289,
      "lower_bound": -0.008096310719078285,
      "unit": "%",
      "upper_bound": 0.01864249217942444
    },
    "median": {
      "estimate": 0.002935222837157747,
      "lower_bound": -0.004331693806269854,
      "unit": "%",
      "upper_bound": 0.009816464502982123
    }
  }
}