{
  "measured_values": [
    977500.0,
    1927700.0,
    3060100.0,
    3872700.0,
    5723000.0,
    5852500.0,
    6829600.0,
    7861000.0,
    9327200.0,
    10355300.0,
    11115400.0,
    11697500.0,
    12626700.0,
    13630600.0,
    14730000.0,
    17438900.0,
    17366800.0,
    17669800.0,
    18415100.0,
    19425100.0,
    20780500.0,
    22641200.0,
    22536200.0,
    23402400.0,
    25690700.0,
    26518000.0,
    26314100.0,
    27090700.0,
    28154000.0,
    29170100.0,
    30174300.0,
    31104600.0,
    32204700.0,
    33403400.0,
    33951500.0,
    37218100.0,
    36047300.0,
    36957700.0,
    38443200.0,
    39598900.0,
    40409600.0,
    41643100.0,
    42057100.0,
    42889100.0,
    44919900.0,
    45025100.0,
    46140900.0,
    46843500.0,
    48469000.0,
    48822300.0,
    49667600.0,
    51328800.0,
    51635700.0,
    53215100.0,
    53907400.0,
    55028800.0,
    55470900.0,
    57417200.0,
    57599300.0,
    59112500.0,
    60445800.0,
    60435700.0,
    61352200.0,
    62794000.0,
    63226300.0,
    64500000.0,
    73786100.0,
    75488600.0,
    67116000.0,
    69439000.0,
    69759400.0,
    70162400.0,
    71894300.0,
    75358100.0,
    74232900.0,
    74639300.0,
    75667000.0,
    77311700.0,
    77325800.0,
    78242500.0,
    80146400.0,
    80322000.0,
    83137800.0,
    82290900.0,
    82946000.0,
    84630200.0,
    85603300.0,
    86235900.0,
    91208800.0,
    88187500.0,
    88638800.0,
    91437700.0,
    92204300.0,
    94025200.0,
    94745300.0,
    94190100.0,
    95626500.0,
    97779700.0,
    97339200.0,
    97691200.0
  ],
  "unit": "ns",
  "median_abs_dev": {
    "estimate": 10.238964199361916,
    "lower_bound": 7.136753506017072,
    "unit": "ns",
    "upper_bound": 11.965131175726714
  },
  "slope": {
    "estimate": 904.017421625379,
    "lower_bound": 899.6443931401193,
    "unit": "ns",
    "upper_bound": 909.348108030645
  },
  "throughput": [],
  "mean": {
    "estimate": 905.5814473728464,
    "lower_bound": 900.6712239447785,
    "unit": "ns",
    "upper_bound": 911.260994533058
  },
  "typical": {
    "estimate": 904.017421625379,
    "lower_bound": 899.6443931401193,
    "unit": "ns",
    "upper_bound": 909.348108030645
  },
  "report_directory": "E:\\ranim-bench\\ranim\\target\\criterion\\reports\\extract\\polygon\\10",
  "median": {
    "estimate": 897.3385887345979,
    "lower_bound": 894.7052970171013,
    "unit": "ns",
    "upper_bound": 899.4021727710185
  },
  "change": {
    "change": "Improved",
    "mean": {
      "estimate": -0.047782353607369155,
      "lower_bound": -0.05740844894203255,
      "unit": "%",
      "upper_bound": -0.039123342781061
    },
    "median": {
      "estimate": -0.04869118188070365,
      "lower_bound": -0.05204085788991486,
      "unit": "%",
      "upper_bound": -0.04567773419376753
    }
  },
  "iteration_count": [
    1094,
    2188,
    3282,
    4376,
    5470,
    6564,
    7658,
    8752,
    9846,
    10940,
    12034,
    13128,
    14222,
    15316,
    16410,
    17504,
    18598,
    19692,
    20786,
    21880,
    22974,
    24068,
    25162,
    26256,
    27350,
    28444,
    29538,
    30632,
    31726,
    32820,
    33914,
    35008,
    36102,
    37196,
    38290,
    39384,
    40478,
    41572,
    42666,
    43760,
    44854,
    45948,
    47042,
    48136,
    49230,
    50324,
    51418,
    52512,
    53606,
    54700,
    55794,
    56888,
    57982,
    59076,
    60170,
    61264,
    62358,
    63452,
    64546,
    65640,
    66734,
    67828,
    68922,
    70016,
    71110,
    72204,
    73298,
    74392,
    75486,
    76580,
    77674,
    78768,
    79862,
    80956,
    82050,
    83144,
    84238,
    85332,
    86426,
    87520,
    88614,
    89708,
    90802,
    91896,
    92990,
    94084,
    95178,
    96272,
    97366,
    98460,
    99554,
    100648,
    101742,
    102836,
    103930,
    105024,
    106118,
    107212,
    108306,
    109400
  ]
}