{
  "report_directory": "E:\\ranim-bench\\ranim\\target\\criterion\\reports\\extract\\polygon\\20",
  "typical": {
    "estimate": 1411.1671729057075,
    "lower_bound": 1400.415690585555,
    "unit": "ns",
    "upper_bound": 1422.6420967887252
  },
  "slope": {
    "estimate": 1411.1671729057075,
    "lower_bound": 1400.415690585555,
    "unit": "ns",
    "upper_bound": 1422.6420967887252
  },
  "unit": "ns",
  "change": {
    "change": "Improved",
    "mean": {
      "estimate": -0.02563074058307535,
      "lower_bound": -0.03510462906043112,
      "unit": "%",
      "upper_bound": -0.013227913260069404
    },
    "median": {
      "estimate": -0.0314014702800518,
      "lower_bound": -0.03710558103828154,
      "unit": "%",
      "upper_bound": -0.022087878749550205
    }
  },
  "throughput": [],
  "mean": {
    "estimate": 1403.151995840097,
    "lower_bound": 1391.2501486483632,
    "unit": "ns",
    "upper_bound": 1417.921248961783
  },
  "iteration_count": [
    718,
    1436,
    2154,
    2872,
    3590,
    4308,
    5026,
    5744,
    6462,
    7180,
    7898,
    8616,
    9334,
    10052,
    10770,
    11488,
    12206,
    12924,
    13642,
    14360,
    15078,
    15796,
    16514,
    17232,
    17950,
    18668,
    19386,
    20104,
    20822,
    21540,
    22258,
    22976,
    23694,
    24412,
    25130,
    25848,
    26566,
    27284,
    28002,
    28720,
    29438,
    30156,
    30874,
    31592,
    32310,
    33028,
    33746,
    34464,
    35182,
    35900,
    36618,
    37336,
    38054,
    38772,
    39490,
    40208,
    40926,
    41644,
    42362,
    43080,
    43798,
    44516,
    45234,
    45952,
    46670,
    47388,
    48106,
    48824,
    49542,
    50260,
    50978,
    51696,
    52414,
    53132,
    53850,
    54568,
    55286,
    56004,
    56722,
    57440,
    58158,
    58876,
    59594,
    60312,
    61030,
    61748,
    62466,
    63184,
    63902,
    64620,
    65338,
    66056,
    66774,
    67492,
    68210,
    68928,
    69646,
    70364,
    71082,
    71800
  ],
  "measured_values": [
    1339500.0,
    2230800.0,
    2940500.0,
    3910200.0,
    4931200.0,
    5842500.0,
    6811400.0,
    7838000.0,
    8735600.0,
    10469000.0,
    10769200.0,
    11688800.0,
    12961300.0,
    13823700.0,
    14759900.0,
    15557700.0,
    16626400.0,
    17481900.0,
    18534100.0,
    20528500.0,
    20800600.0,
    21468200.0,
    22750400.0,
    23813600.0,
    25098500.0,
    26580000.0,
    26827100.0,
    28069900.0,
    28829800.0,
    29443800.0,
    31138000.0,
    31421500.0,
    32352800.0,
    33163200.0,
    34961700.0,
    35753300.0,
    36139000.0,
    37178800.0,
    38267400.0,
    39029400.0,
    40798500.0,
    41171700.0,
    44165600.0,
    43152900.0,
    43814900.0,
    44910300.0,
    45786900.0,
    47601800.0,
    48425400.0,
    49624800.0,
    49673600.0,
    51417700.0,
    52022300.0,
    56184400.0,
    68358900.0,
    57935300.0,
    57091100.0,
    57503300.0,
    57940900.0,
    63712900.0,
    60265800.0,
    63271800.0,
    62110800.0,
    65012600.0,
    64381700.0,
    68619100.0,
    66323700.0,
    68402900.0,
    69981100.0,
    68769600.0,
    76656700.0,
    71461900.0,
    73129900.0,
    77275000.0,
    76358800.0,
    78201700.0,
    77038000.0,
    79749600.0,
    77545500.0,
    81301500.0,
    81821600.0,
    82740900.0,
    84271400.0,
    85363600.0,
    86405500.0,
    87617100.0,
    88233300.0,
    90146300.0,
    90472800.0,
    95112300.0,
    96709600.0,
    97020800.0,
    95272600.0,
    100466000.0,
    96577700.0,
    94281900.0,
    95734400.0,
    97630100.0,
    98052100.0,
    98761100.0
  ],
  "median": {
    "estimate": 1382.3275688641288,
    "lower_bound": 1377.1614527533748,
    "unit": "ns",
    "upper_bound": 1394.9836289889067
  },
  "median_abs_dev": {
    "estimate": 31.740296420737796,
    "lower_bound": 22.851013754016243,
    "unit": "ns",
    "upper_bound": 41.30621825102623
  }
}