{
  "slope": {
    "estimate": 789.0470234916695,
    "lower_bound": 786.5530821049687,
    "unit": "ns",
    "upper_bound": 791.8921547487948
  },
  "iteration_count": [
    1255,
    2510,
    3765,
    5020,
    6275,
    7530,
    8785,
    10040,
    11295,
    12550,
    13805,
    15060,
    16315,
    17570,
    18825,
    20080,
    21335,
    22590,
    23845,
    25100,
    26355,
    27610,
    28865,
    30120,
    31375,
    32630,
    33885,
    35140,
    36395,
    37650,
    38905,
    40160,
    41415,
    42670,
    43925,
    45180,
    46435,
    47690,
    48945,
    50200,
    51455,
    52710,
    53965,
    55220,
    56475,
    57730,
    58985,
    60240,
    61495,
    62750,
    64005,
    65260,
    66515,
    67770,
    69025,
    70280,
    71535,
    72790,
    74045,
    75300,
    76555,
    77810,
    79065,
    80320,
    81575,
    82830,
    84085,
    85340,
    86595,
    87850,
    89105,
    90360,
    91615,
    92870,
    94125,
    95380,
    96635,
    97890,
    99145,
    100400,
    101655,
    102910,
    104165,
    105420,
    106675,
    107930,
    109185,
    110440,
    111695,
    112950,
    114205,
    115460,
    116715,
    117970,
    119225,
    120480,
    121735,
    122990,
    124245,
    125500
  ],
  "median_abs_dev": {
    "estimate": 8.027741778683142,
    "lower_bound": 5.763027563247365,
    "unit": "ns",
    "upper_bound": 10.35700777670832
  },
  "change": {
    "change": "Improved",
    "mean": {
      "estimate": -0.03834960862254633,
      "lower_bound": -0.04502081254961236,
      "unit": "%",
      "upper_bound": -0.032099416185751226
    },
    "median": {
      "estimate": -0.03819262456565364,
      "lower_bound": -0.04171962985416788,
      "unit": "%",
      "upper_bound": -0.03543284017500603
    }
  },
  "report_directory": "E:\\ranim-bench\\ranim\\target\\criterion\\reports\\extract\\polygon\\5",
  "measured_values": [
    973200.0,
    1990300.0,
    2918800.0,
    3904400.0,
    4842900.0,
    5931400.0,
    6991900.0,
    8979200.0,
    8799600.0,
    9821500.0,
    10769900.0,
    11671700.0,
    12762000.0,
    13979500.0,
    14808800.0,
    15826200.0,
    18164000.0,
    17632500.0,
    18661300.0,
    19483100.0,
    21355000.0,
    22804700.0,
    23133300.0,
    23617100.0,
    24438700.0,
    25833400.0,
    26465900.0,
    27496100.0,
    28627100.0,
    29652200.0,
    30400100.0,
    31226400.0,
    32433900.0,
    34913600.0,
    34519000.0,
    35329700.0,
    38014200.0,
    38211400.0,
    39546800.0,
    39694000.0,
    40283400.0,
    41213500.0,
    42429400.0,
    43365000.0,
    43982500.0,
    45740900.0,
    45896900.0,
    47789500.0,
    49095600.0,
    51882700.0,
    50732500.0,
    51358200.0,
    52612200.0,
    52853000.0,
    54859700.0,
    58810900.0,
    55846600.0,
    58685700.0,
    57738900.0,
    58895100.0,
    61306600.0,
    61009100.0,
    61764700.0,
    63114200.0,
    66549600.0,
    64441200.0,
    65432000.0,
    67003500.0,
    69226800.0,
    69083000.0,
    69393600.0,
    71392300.0,
    71229800.0,
    72940800.0,
    74229400.0,
    76825500.0,
    75710800.0,
    76256200.0,
    77868800.0,
    78716800.0,
    79233200.0,
    81111100.0,
    81096800.0,
    82554300.0,
    83432600.0,
    84595100.0,
    86169800.0,
    89585700.0,
    91027700.0,
    90464900.0,
    89984300.0,
    91280500.0,
    91510800.0,
    93535000.0,
    94144300.0,
    94345900.0,
    94994400.0,
    96209600.0,
    97629100.0,
    98028500.0
  ],
  "unit": "ns",
  "throughput": [],
  "typical": {
    "estimate": 789.0470234916695,
    "lower_bound": 786.5530821049687,
    "unit": "ns",
    "upper_bound": 791.8921547487948
  },
  "median": {
    "estimate": 785.4053781453044,
    "lower_bound": 783.1437884824339,
    "unit": "ns",
    "upper_bound": 787.5750332005312
  },
  "mean": {
    "estimate": 790.6477972285649,
    "lower_bound": 787.5486936845581,
    "unit": "ns",
    "upper_bound": 794.2567438006732
  }
}