{
  "change": {
    "change": "NoChange",
    "mean": {
      "estimate": -0.000932228326987028,
      "lower_bound": -0.003776518056354541,
      "unit": "%",
      "upper_bound": 0.0018872518565984976
    },
    "median": {
      "estimate": 0.002141113204579659,
      "lower_bound": -0.012001382833762175,
      "unit": "%",
      "upper_bound": 0.004191840823364101
    }
  },
  "report_directory": "/home/user/workspaces/ranim-bench/ranim/target/criterion/reports/extract/circle",
  "iteration_count": [
    2165,
    4330,
    6495,
    8660,
    10825,
    12990,
    15155,
    17320,
    19485,
    21650,
    23815,
    25980,
    28145,
    30310,
    32475,
    34640,
    36805,
    38970,
    41135,
    43300,
    45465,
    47630,
    49795,
    51960,
    54125,
    56290,
    58455,
    60620,
    62785,
    64950,
    67115,
    69280,
    71445,
    73610,
    75775,
    77940,
    80105,
    82270,
    84435,
    86600,
    88765,
    90930,
    93095,
    95260,
    97425,
    99590,
    101755,
    103920,
    106085,
    108250,
    110415,
    112580,
    114745,
    116910,
    119075,
    121240,
    123405,
    125570,
    127735,
    129900,
    132065,
    134230,
    136395,
    138560,
    140725,
    142890,
    145055,
    147220,
    149385,
    151550,
    153715,
    155880,
    158045,
    160210,
    162375,
    164540,
    166705,
    168870,
    171035,
    173200,
    175365,
    177530,
    179695,
    181860,
    184025,
    186190,
    188355,
    190520,
    192685,
    194850,
    197015,
    199180,
    201345,
    203510,
    205675,
    207840,
    210005,
    212170,
    214335,
    216500
  ],
  "typical": {
    "estimate": 459.3218732696475,
    "lower_bound": 458.7336002600788,
    "unit": "ns",
    "upper_bound": 460.0316437901656
  },
  "median": {
    "estimate": 458.7883894641164,
    "lower_bound": 458.4713092911707,
    "unit": "ns",
    "upper_bound": 459.1829676674365
  },
  "median_abs_dev": {
    "estimate": 2.8059205303809596,
    "lower_bound": 1.653828538284704,
    "unit": "ns",
    "upper_bound": 3.539912409111782
  },
  "measured_values": [
    999843.0,
    1973366.0,
    2959883.0,
    3941070.0,
    4926546.0,
    5937469.0,
    6899571.0,
    7908310.0,
    8874078.0,
    9928975.0,
    10883201.0,
    11851203.0,
    12836198.0,
    13830630.0,
    14844519.0,
    15823632.0,
    16801303.0,
    17885325.0,
    18857715.0,
    19846307.0,
    20879152.0,
    21874686.0,
    22822280.0,
    23833073.0,
    24820542.0,
    25807350.0,
    26791773.0,
    27953010.0,
    29034596.0,
    30067752.0,
    30955864.0,
    31949755.0,
    32950870.0,
    34045631.0,
    34995950.0,
    36249300.0,
    37835406.0,
    38820561.0,
    39854387.0,
    40912520.0,
    41827964.0,
    42934627.0,
    43907529.0,
    44955151.0,
    45941218.0,
    47043904.0,
    48006677.0,
    49056103.0,
    50051347.0,
    49810443.0,
    50747287.0,
    51751929.0,
    52828886.0,
    53825413.0,
    54702263.0,
    55768471.0,
    56684586.0,
    57639864.0,
    58776605.0,
    59681087.0,
    60695578.0,
    61749111.0,
    62666889.0,
    63624392.0,
    64393060.0,
    65155364.0,
    66253001.0,
    67159317.0,
    68164700.0,
    69285651.0,
    70076009.0,
    71105507.0,
    72145345.0,
    73154214.0,
    74080789.0,
    75042069.0,
    76056689.0,
    77062062.0,
    78052287.0,
    79083588.0,
    80089072.0,
    81383508.0,
    82481786.0,
    83374517.0,
    84428782.0,
    85371046.0,
    86352974.0,
    87364640.0,
    88433672.0,
    89387157.0,
    90398271.0,
    91359271.0,
    92371336.0,
    93414600.0,
    94516043.0,
    95379329.0,
    96347572.0,
    97428859.0,
    98250224.0,
    99400630.0
  ],
  "mean": {
    "estimate": 460.16383951733513,
    "lower_bound": 459.244267430194,
    "unit": "ns",
    "upper_bound": 461.1666006300954
  },
  "unit": "ns",
  "throughput": [],
  "slope": {
    "estimate": 459.3218732696475,
    "lower_bound": 458.7336002600788,
    "unit": "ns",
    "upper_bound": 460.0316437901656
  }
}