{
  "median": {
    "estimate": 661.5439167512817,
    "lower_bound": 660.8663152794975,
    "unit": "ns",
    "upper_bound": 662.1301914048393
  },
  "typical": {
    "estimate": 660.857306927125,
    "lower_bound": 660.4943916722443,
    "unit": "ns",
    "upper_bound": 661.2608005889847
  },
  "unit": "ns",
  "median_abs_dev": {
    "estimate": 2.0577376333323447,
    "lower_bound": 1.5929815678173107,
    "unit": "ns",
    "upper_bound": 2.356616148942511
  },
  "report_directory": "/Volumes/Files/_ranim/ranim-bench/ranim/target/criterion/reports/extract/polygon/10",
  "throughput": [],
  "slope": {
    "estimate": 660.857306927125,
    "lower_bound": 660.4943916722443,
    "unit": "ns",
    "upper_bound": 661.2608005889847
  },
  "mean": {
    "estimate": 661.5720781125948,
    "lower_bound": 661.2164566881042,
    "unit": "ns",
    "upper_bound": 661.9402447004564
  },
  "measured_values": [
    997333.0,
    1965542.0,
    2944125.0,
    3934166.0,
    4956333.0,
    5898459.0,
    6927750.0,
    7892291.0,
    8912542.0,
    9884083.0,
    10815959.0,
    11903583.0,
    12810667.0,
    13821625.0,
    14829041.0,
    15799959.0,
    16767833.0,
    17826166.0,
    18797875.0,
    19746667.0,
    20763875.0,
    21764875.0,
    22700042.0,
    23770375.0,
    24646875.0,
    25622583.0,
    26664250.0,
    27635917.0,
    28661292.0,
    29664750.0,
    30633875.0,
    31549958.0,
    32634833.0,
    33709417.0,
    34612083.0,
    35630417.0,
    36448792.0,
    37531292.0,
    38548667.0,
    39512750.0,
    40575625.0,
    41495667.0,
    42462791.0,
    43425250.0,
    44461792.0,
    45415875.0,
    46459958.0,
    47389000.0,
    48513834.0,
    49447375.0,
    50468584.0,
    51297959.0,
    52166750.0,
    53116083.0,
    54226875.0,
    55030166.0,
    56223708.0,
    57057375.0,
    57886667.0,
    58967708.0,
    60060333.0,
    61193750.0,
    62144709.0,
    63054041.0,
    63988750.0,
    64973084.0,
    65963167.0,
    66865958.0,
    67968416.0,
    68922500.0,
    69974833.0,
    71127000.0,
    71845042.0,
    72828750.0,
    73874583.0,
    74656750.0,
    75595917.0,
    77004417.0,
    77908417.0,
    78841666.0,
    79729792.0,
    80757167.0,
    81725500.0,
    82676584.0,
    83652125.0,
    84620042.0,
    85687666.0,
    86741750.0,
    87970750.0,
    89178542.0,
    89472334.0,
    90508958.0,
    91565750.0,
    92492666.0,
    93307375.0,
    94481667.0,
    95262583.0,
    96418084.0,
    97704916.0,
    98882583.0
  ],
  "change": {
    "change": "NoChange",
    "mean": {
      "estimate": 0.0014968618118873511,
      "lower_bound": -0.0001015629816453338,
      "unit": "%",
      "upper_bound": 0.003092695920211069
    },
    "median": {
      "estimate": 0.0022840918391910936,
      "lower_bound": 0.0011230586147668031,
      "unit": "%",
      "upper_bound": 0.0034249555896772588
    }
  },
  "iteration_count": [
    1491,
    2982,
    4473,
    5964,
    7455,
    8946,
    10437,
    11928,
    13419,
    14910,
    16401,
    17892,
    19383,
    20874,
    22365,
    23856,
    25347,
    26838,
    28329,
    29820,
    31311,
    32802,
    34293,
    35784,
    37275,
    38766,
    40257,
    41748,
    43239,
    44730,
    46221,
    47712,
    49203,
    50694,
    52185,
    53676,
    55167,
    56658,
    58149,
    59640,
    61131,
    62622,
    64113,
    65604,
    67095,
    68586,
    70077,
    71568,
    73059,
    74550,
    76041,
    77532,
    79023,
    80514,
    82005,
    83496,
    84987,
    86478,
    87969,
    89460,
    90951,
    92442,
    93933,
    95424,
    96915,
    98406,
    99897,
    101388,
    102879,
    104370,
    105861,
    107352,
    108843,
    110334,
    111825,
    113316,
    114807,
    116298,
    117789,
    119280,
    120771,
    122262,
    123753,
    125244,
    126735,
    128226,
    129717,
    131208,
    132699,
    134190,
    135681,
    137172,
    138663,
    140154,
    141645,
    143136,
    144627,
    146118,
    147609,
    149100
  ]
}