{
  "median_abs_dev": {
    "estimate": 3.1036494120058813,
    "lower_bound": 2.0641850070832546,
    "unit": "ns",
    "upper_bound": 6.259104660757988
  },
  "slope": {
    "estimate": 1002.1009768051553,
    "lower_bound": 998.0878784608562,
    "unit": "ns",
    "upper_bound": 1006.8647302273936
  },
  "mean": {
    "estimate": 998.1813911780692,
    "lower_bound": 995.8258992939536,
    "unit": "ns",
    "upper_bound": 1000.9373636374522
  },
  "change": {
    "change": "NoChange",
    "mean": {
      "estimate": -0.0008345482256642001,
      "lower_bound": -0.003161570558485041,
      "unit": "%",
      "upper_bound": 0.001949382422824819
    },
    "median": {
      "estimate": -0.0031187602956777027,
      "lower_bound": -0.004116897847679657,
      "unit": "%",
      "upper_bound": -0.0022247706900715425
    }
  },
  "report_directory": "/Volumes/Files/_ranim/ranim-bench/ranim/target/criterion/reports/extract/polygon/20",
  "iteration_count": [
    988,
    1976,
    2964,
    3952,
    4940,
    5928,
    6916,
    7904,
    8892,
    9880,
    10868,
    11856,
    12844,
    13832,
    14820,
    15808,
    16796,
    17784,
    18772,
    19760,
    20748,
    21736,
    22724,
    23712,
    24700,
    25688,
    26676,
    27664,
    28652,
    29640,
    30628,
    31616,
    32604,
    33592,
    34580,
    35568,
    36556,
    37544,
    38532,
    39520,
    40508,
    41496,
    42484,
    43472,
    44460,
    45448,
    46436,
    47424,
    48412,
    49400,
    50388,
    51376,
    52364,
    53352,
    54340,
    55328,
    56316,
    57304,
    58292,
    59280,
    60268,
    61256,
    62244,
    63232,
    64220,
    65208,
    66196,
    67184,
    68172,
    69160,
    70148,
    71136,
    72124,
    73112,
    74100,
    75088,
    76076,
    77064,
    78052,
    79040,
    80028,
    81016,
    82004,
    82992,
    83980,
    84968,
    85956,
    86944,
    87932,
    88920,
    89908,
    90896,
    91884,
    92872,
    93860,
    94848,
    95836,
    96824,
    97812,
    98800
  ],
  "median": {
    "estimate": 995.0796715447312,
    "lower_bound": 994.5819525563592,
    "unit": "ns",
    "upper_bound": 995.7658400809717
  },
  "throughput": [],
  "typical": {
    "estimate": 1002.1009768051553,
    "lower_bound": 998.0878784608562,
    "unit": "ns",
    "upper_bound": 1006.8647302273936
  },
  "unit": "ns",
  "measured_values": [
    1001083.0,
    1952083.0,
    2921750.0,
    3914084.0,
    4955083.0,
    5849167.0,
    6836042.0,
    7821708.0,
    8831042.0,
    9766500.0,
    10828542.0,
    11761416.0,
    12717042.0,
    13738667.0,
    14632416.0,
    15659875.0,
    16640583.0,
    17630917.0,
    18614791.0,
    19576042.0,
    20610667.0,
    21503666.0,
    22504625.0,
    23451375.0,
    24450166.0,
    25472667.0,
    26400958.0,
    27440667.0,
    28380041.0,
    29390500.0,
    30325875.0,
    31269500.0,
    32507166.0,
    33432958.0,
    34447375.0,
    35387625.0,
    36423417.0,
    37373333.0,
    38372417.0,
    39352666.0,
    40355750.0,
    41258125.0,
    42313917.0,
    43240125.0,
    44335708.0,
    45321958.0,
    46235375.0,
    47263958.0,
    48178833.0,
    49205625.0,
    50134833.0,
    51186292.0,
    52213375.0,
    53995333.0,
    54142792.0,
    55098250.0,
    56014917.0,
    57140208.0,
    57977167.0,
    59015000.0,
    59941083.0,
    61018750.0,
    61963041.0,
    64448750.0,
    64540083.0,
    64899250.0,
    65897666.0,
    66887500.0,
    67804458.0,
    69614750.0,
    70530375.0,
    71449209.0,
    72607250.0,
    73586625.0,
    74556416.0,
    75451750.0,
    76141542.0,
    79354625.0,
    82424541.0,
    83415875.0,
    84481708.0,
    84851291.0,
    81665541.0,
    82545833.0,
    83498334.0,
    84438250.0,
    85397291.0,
    86446709.0,
    87561083.0,
    88438791.0,
    89428875.0,
    90391875.0,
    91305209.0,
    92490000.0,
    93315750.0,
    94334250.0,
    96401542.0,
    96992917.0,
    96964958.0,
    97819166.0
  ]
}