{
  "report_directory": "E:\\_ranim\\ranim-bench\\ranim\\target\\criterion\\reports\\extract\\arc",
  "slope": {
    "estimate": 1306.971438251265,
    "lower_bound": 1295.372535042906,
    "unit": "ns",
    "upper_bound": 1319.2281318979467
  },
  "median_abs_dev": {
    "estimate": 29.43118564739717,
    "lower_bound": 24.79091668718723,
    "unit": "ns",
    "upper_bound": 44.60423492993288
  },
  "measured_values": [
    968100.0,
    1967000.0,
    2902200.0,
    3889300.0,
    4895600.0,
    5832300.0,
    6862500.0,
    7987800.0,
    9205500.0,
    9751200.0,
    10744900.0,
    12254000.0,
    12939000.0,
    14294300.0,
    14723600.0,
    16795200.0,
    16712000.0,
    19090400.0,
    19509400.0,
    20076400.0,
    21052700.0,
    22546400.0,
    23585200.0,
    26126700.0,
    25451600.0,
    26135600.0,
    28620000.0,
    28227300.0,
    29622300.0,
    30161000.0,
    31440900.0,
    32609300.0,
    33106300.0,
    36914100.0,
    36295600.0,
    36756000.0,
    38729300.0,
    39112100.0,
    40609200.0,
    41120800.0,
    43667200.0,
    42887900.0,
    44039600.0,
    45840800.0,
    46193900.0,
    46857200.0,
    48154600.0,
    49652500.0,
    52601700.0,
    51655500.0,
    57018200.0,
    52244200.0,
    53816500.0,
    54539000.0,
    55216500.0,
    56377300.0,
    58746200.0,
    59240100.0,
    61008500.0,
    60285800.0,
    62444300.0,
    64063600.0,
    63255100.0,
    64435700.0,
    65963500.0,
    64887200.0,
    65928600.0,
    67217400.0,
    68240700.0,
    68804900.0,
    70647100.0,
    73013400.0,
    71648700.0,
    72293300.0,
    76148400.0,
    80131900.0,
    77864300.0,
    76238100.0,
    77809700.0,
    79200000.0,
    81061800.0,
    84323900.0,
    88953300.0,
    86835700.0,
    87891600.0,
    86735400.0,
    97639400.0,
    90440700.0,
    93098800.0,
    91633700.0,
    95454500.0,
    99590800.0,
    94132200.0,
    97653700.0,
    97727100.0,
    100152800.0,
    100309400.0,
    109156100.0,
    99049200.0,
    106170600.0
  ],
  "change": {
    "change": "NoChange",
    "mean": {
      "estimate": -0.0022532480718563397,
      "lower_bound": -0.010913653446669652,
      "unit": "%",
      "upper_bound": 0.006594783746215738
    },
    "median": {
      "estimate": 0.0052761180763960525,
      "lower_bound": -0.005304362907739613,
      "unit": "%",
      "upper_bound": 0.011785830711238844
    }
  },
  "iteration_count": [
    786,
    1572,
    2358,
    3144,
    3930,
    4716,
    5502,
    6288,
    7074,
    7860,
    8646,
    9432,
    10218,
    11004,
    11790,
    12576,
    13362,
    14148,
    14934,
    15720,
    16506,
    17292,
    18078,
    18864,
    19650,
    20436,
    21222,
    22008,
    22794,
    23580,
    24366,
    25152,
    25938,
    26724,
    27510,
    28296,
    29082,
    29868,
    30654,
    31440,
    32226,
    33012,
    33798,
    34584,
    35370,
    36156,
    36942,
    37728,
    38514,
    39300,
    40086,
    40872,
    41658,
    42444,
    43230,
    44016,
    44802,
    45588,
    46374,
    47160,
    47946,
    48732,
    49518,
    50304,
    51090,
    51876,
    52662,
    53448,
    54234,
    55020,
    55806,
    56592,
    57378,
    58164,
    58950,
    59736,
    60522,
    61308,
    62094,
    62880,
    63666,
    64452,
    65238,
    66024,
    66810,
    67596,
    68382,
    69168,
    69954,
    70740,
    71526,
    72312,
    73098,
    73884,
    74670,
    75456,
    76242,
    77028,
    77814,
    78600
  ],
  "throughput": [],
  "median": {
    "estimate": 1296.2311753235977,
    "lower_bound": 1286.545388453785,
    "unit": "ns",
    "upper_bound": 1303.0238475649446
  },
  "mean": {
    "estimate": 1297.758364584726,
    "lower_bound": 1289.9103107819858,
    "unit": "ns",
    "upper_bound": 1305.96916758797
  },
  "typical": {
    "estimate": 1306.971438251265,
    "lower_bound": 1295.372535042906,
    "unit": "ns",
    "upper_bound": 1319.2281318979467
  },
  "unit": "ns"
}