{
  "throughput": [],
  "change": {
    "change": "NoChange",
    "mean": {
      "estimate": -0.01277569879309992,
      "lower_bound": -0.021416587106335896,
      "unit": "%",
      "upper_bound": -0.0049087433310544305
    },
    "median": {
      "estimate": -0.011027394411517122,
      "lower_bound": -0.01607021285830046,
      "unit": "%",
      "upper_bound": -0.006037624850419892
    }
  },
  "mean": {
    "estimate": 1366.5980677308,
    "lower_bound": 1360.2950740073106,
    "unit": "ns",
    "upper_bound": 1373.5360727654363
  },
  "measured_values": [
    993000.0,
    1928700.0,
    2915600.0,
    3849300.0,
    4974600.0,
    5759800.0,
    7463000.0,
    8846000.0,
    8752200.0,
    9602500.0,
    10727800.0,
    12020800.0,
    12546200.0,
    13559700.0,
    14514600.0,
    15575700.0,
    16412000.0,
    18280700.0,
    18314900.0,
    19803400.0,
    20371000.0,
    21840100.0,
    22273200.0,
    23519800.0,
    24449600.0,
    25404900.0,
    28328800.0,
    28346300.0,
    28406800.0,
    30149600.0,
    29809000.0,
    31019900.0,
    31833200.0,
    34837500.0,
    33929200.0,
    35114100.0,
    35991100.0,
    36537900.0,
    37842600.0,
    39803800.0,
    39700800.0,
    40674200.0,
    42445000.0,
    43321500.0,
    44180200.0,
    44516900.0,
    45359100.0,
    46834000.0,
    49038900.0,
    49481600.0,
    52364100.0,
    50834200.0,
    53423800.0,
    52935800.0,
    53917700.0,
    54561800.0,
    55735400.0,
    57499700.0,
    57310600.0,
    59292600.0,
    59512000.0,
    60337800.0,
    62200600.0,
    64788600.0,
    64064800.0,
    64355600.0,
    64916100.0,
    65340600.0,
    70172300.0,
    67983200.0,
    71342600.0,
    68732500.0,
    72248500.0,
    74178800.0,
    74205300.0,
    73886800.0,
    74733800.0,
    76079100.0,
    78837500.0,
    76275500.0,
    81653700.0,
    78921500.0,
    80274500.0,
    81061600.0,
    80665900.0,
    81930900.0,
    84689800.0,
    83865500.0,
    86658500.0,
    87052500.0,
    87723400.0,
    87575500.0,
    89001200.0,
    89079900.0,
    90943800.0,
    91245900.0,
    95383300.0,
    95360400.0,
    94315200.0,
    95807800.0
  ],
  "iteration_count": [
    717,
    1434,
    2151,
    2868,
    3585,
    4302,
    5019,
    5736,
    6453,
    7170,
    7887,
    8604,
    9321,
    10038,
    10755,
    11472,
    12189,
    12906,
    13623,
    14340,
    15057,
    15774,
    16491,
    17208,
    17925,
    18642,
    19359,
    20076,
    20793,
    21510,
    22227,
    22944,
    23661,
    24378,
    25095,
    25812,
    26529,
    27246,
    27963,
    28680,
    29397,
    30114,
    30831,
    31548,
    32265,
    32982,
    33699,
    34416,
    35133,
    35850,
    36567,
    37284,
    38001,
    38718,
    39435,
    40152,
    40869,
    41586,
    42303,
    43020,
    43737,
    44454,
    45171,
    45888,
    46605,
    47322,
    48039,
    48756,
    49473,
    50190,
    50907,
    51624,
    52341,
    53058,
    53775,
    54492,
    55209,
    55926,
    56643,
    57360,
    58077,
    58794,
    59511,
    60228,
    60945,
    61662,
    62379,
    63096,
    63813,
    64530,
    65247,
    65964,
    66681,
    67398,
    68115,
    68832,
    69549,
    70266,
    70983,
    71700
  ],
  "unit": "ns",
  "report_directory": "E:\\_ranim\\ranim-bench\\ranim\\target\\criterion\\reports\\extract\\circle",
  "median_abs_dev": {
    "estimate": 21.583174109695825,
    "lower_bound": 15.018076009045426,
    "unit": "ns",
    "upper_bound": 28.73823585681455
  },
  "typical": {
    "estimate": 1356.8614073672402,
    "lower_bound": 1350.7617637431742,
    "unit": "ns",
    "upper_bound": 1363.6924551417824
  },
  "median": {
    "estimate": 1357.689837525449,
    "lower_bound": 1353.6524841964172,
    "unit": "ns",
    "upper_bound": 1362.7775989700676
  },
  "slope": {
    "estimate": 1356.8614073672402,
    "lower_bound": 1350.7617637431742,
    "unit": "ns",
    "upper_bound": 1363.6924551417824
  }
}