{
  "mean": {
    "estimate": 983.8369146504928,
    "lower_bound": 977.7971115867332,
    "unit": "ns",
    "upper_bound": 990.9344492697534
  },
  "measured_values": [
    954700.0,
    1995100.0,
    2925600.0,
    3851100.0,
    4848800.0,
    6982000.0,
    7175000.0,
    7856900.0,
    8660800.0,
    9718200.0,
    10627500.0,
    11712100.0,
    12585800.0,
    13623200.0,
    14739000.0,
    15517200.0,
    18132000.0,
    17454800.0,
    18346200.0,
    19690400.0,
    20232400.0,
    22084600.0,
    24174800.0,
    23152700.0,
    23995900.0,
    24750900.0,
    25675000.0,
    26799000.0,
    27662100.0,
    33432700.0,
    29628500.0,
    31459600.0,
    31543100.0,
    32349100.0,
    33888100.0,
    36464400.0,
    36731700.0,
    40894800.0,
    38407500.0,
    40182600.0,
    39730900.0,
    40100800.0,
    41049100.0,
    42997400.0,
    43186300.0,
    44407400.0,
    45436900.0,
    46791400.0,
    46486700.0,
    47573400.0,
    48580100.0,
    51615400.0,
    50233300.0,
    53131500.0,
    53621500.0,
    53106800.0,
    55643600.0,
    55308800.0,
    57577200.0,
    59505500.0,
    58030600.0,
    58976700.0,
    62024600.0,
    61066600.0,
    62439100.0,
    65412700.0,
    67346400.0,
    65256900.0,
    65950700.0,
    67195200.0,
    67906100.0,
    70137900.0,
    69502000.0,
    70306300.0,
    71772400.0,
    72084600.0,
    73803900.0,
    75405000.0,
    75613600.0,
    79273400.0,
    77478800.0,
    79671200.0,
    78789100.0,
    79852600.0,
    80577900.0,
    82125500.0,
    82703000.0,
    83930800.0,
    86835200.0,
    89074100.0,
    86533500.0,
    87834100.0,
    90831600.0,
    94758000.0,
    92965600.0,
    94239900.0,
    96872400.0,
    93667100.0,
    97031100.0,
    96340400.0
  ],
  "change": {
    "change": "NoChange",
    "mean": {
      "estimate": -0.014191684395139292,
      "lower_bound": -0.021620835274365896,
      "unit": "%",
      "upper_bound": -0.006448896712547901
    },
    "median": {
      "estimate": -0.017378964376886574,
      "lower_bound": -0.023798030084699717,
      "unit": "%",
      "upper_bound": -0.011258852373423278
    }
  },
  "unit": "ns",
  "typical": {
    "estimate": 977.212464120337,
    "lower_bound": 972.6427972041968,
    "unit": "ns",
    "upper_bound": 982.1120017896033
  },
  "iteration_count": [
    991,
    1982,
    2973,
    3964,
    4955,
    5946,
    6937,
    7928,
    8919,
    9910,
    10901,
    11892,
    12883,
    13874,
    14865,
    15856,
    16847,
    17838,
    18829,
    19820,
    20811,
    21802,
    22793,
    23784,
    24775,
    25766,
    26757,
    27748,
    28739,
    29730,
    30721,
    31712,
    32703,
    33694,
    34685,
    35676,
    36667,
    37658,
    38649,
    39640,
    40631,
    41622,
    42613,
    43604,
    44595,
    45586,
    46577,
    47568,
    48559,
    49550,
    50541,
    51532,
    52523,
    53514,
    54505,
    55496,
    56487,
    57478,
    58469,
    59460,
    60451,
    61442,
    62433,
    63424,
    64415,
    65406,
    66397,
    67388,
    68379,
    69370,
    70361,
    71352,
    72343,
    73334,
    74325,
    75316,
    76307,
    77298,
    78289,
    79280,
    80271,
    81262,
    82253,
    83244,
    84235,
    85226,
    86217,
    87208,
    88199,
    89190,
    90181,
    91172,
    92163,
    93154,
    94145,
    95136,
    96127,
    97118,
    98109,
    99100
  ],
  "median_abs_dev": {
    "estimate": 18.266677542954337,
    "lower_bound": 13.40767086686754,
    "unit": "ns",
    "upper_bound": 23.913858541432138
  },
  "report_directory": "E:\\_ranim\\ranim-bench\\ranim\\target\\criterion\\reports\\extract\\rectangle",
  "slope": {
    "estimate": 977.212464120337,
    "lower_bound": 972.6427972041968,
    "unit": "ns",
    "upper_bound": 982.1120017896033
  },
  "median": {
    "estimate": 975.2104605787754,
    "lower_bound": 968.6492720196052,
    "unit": "ns",
    "upper_bound": 981.1734179039933
  },
  "throughput": []
}