{
  "unit": "ns",
  "median_abs_dev": {
    "estimate": 8.610157211127968,
    "lower_bound": 5.843481307127628,
    "unit": "ns",
    "upper_bound": 11.192559910971838
  },
  "iteration_count": [
    691,
    1382,
    2073,
    2764,
    3455,
    4146,
    4837,
    5528,
    6219,
    6910,
    7601,
    8292,
    8983,
    9674,
    10365,
    11056,
    11747,
    12438,
    13129,
    13820,
    14511,
    15202,
    15893,
    16584,
    17275,
    17966,
    18657,
    19348,
    20039,
    20730,
    21421,
    22112,
    22803,
    23494,
    24185,
    24876,
    25567,
    26258,
    26949,
    27640,
    28331,
    29022,
    29713,
    30404,
    31095,
    31786,
    32477,
    33168,
    33859,
    34550,
    35241,
    35932,
    36623,
    37314,
    38005,
    38696,
    39387,
    40078,
    40769,
    41460,
    42151,
    42842,
    43533,
    44224,
    44915,
    45606,
    46297,
    46988,
    47679,
    48370,
    49061,
    49752,
    50443,
    51134,
    51825,
    52516,
    53207,
    53898,
    54589,
    55280,
    55971,
    56662,
    57353,
    58044,
    58735,
    59426,
    60117,
    60808,
    61499,
    62190,
    62881,
    63572,
    64263,
    64954,
    65645,
    66336,
    67027,
    67718,
    68409,
    69100
  ],
  "change": {
    "change": "Improved",
    "mean": {
      "estimate": -0.015297956135058022,
      "lower_bound": -0.01750792017868813,
      "unit": "%",
      "upper_bound": -0.01317311166284394
    },
    "median": {
      "estimate": -0.013785774374688751,
      "lower_bound": -0.0154116157496349,
      "unit": "%",
      "upper_bound": -0.011836501511709452
    }
  },
  "throughput": [],
  "median": {
    "estimate": 1430.0797150197293,
    "lower_bound": 1428.304457430031,
    "unit": "ns",
    "upper_bound": 1431.5646625444022
  },
  "measured_values": [
    1007542.0,
    1963250.0,
    2936458.0,
    3916125.0,
    4931208.0,
    5868333.0,
    6870959.0,
    7857000.0,
    8833417.0,
    9810500.0,
    10779375.0,
    11785083.0,
    12759916.0,
    13746125.0,
    14577167.0,
    15797583.0,
    16809000.0,
    17738500.0,
    18704958.0,
    19714375.0,
    20629167.0,
    21700417.0,
    22707459.0,
    23693958.0,
    24668166.0,
    25730666.0,
    26612959.0,
    27617292.0,
    28646833.0,
    29609167.0,
    30603667.0,
    31609334.0,
    32741125.0,
    33824042.0,
    34458666.0,
    35720167.0,
    36691042.0,
    37609083.0,
    38559000.0,
    39560333.0,
    40586792.0,
    41591500.0,
    42626791.0,
    43525292.0,
    44483500.0,
    45505833.0,
    46485666.0,
    47549541.0,
    48506208.0,
    49469416.0,
    50431875.0,
    51473208.0,
    52456041.0,
    53304875.0,
    53959542.0,
    55735250.0,
    56472167.0,
    57323625.0,
    58307875.0,
    59315375.0,
    60274167.0,
    61136667.0,
    62692542.0,
    63679125.0,
    64491000.0,
    65655584.0,
    65898833.0,
    66919375.0,
    68082417.0,
    69683167.0,
    70645833.0,
    72312458.0,
    72234375.0,
    72811959.0,
    73749000.0,
    74749542.0,
    75788042.0,
    76709458.0,
    77662834.0,
    79655208.0,
    80649833.0,
    81322083.0,
    81607417.0,
    82574125.0,
    84436459.0,
    85754583.0,
    86675167.0,
    87709375.0,
    88701792.0,
    89678250.0,
    90090416.0,
    90488666.0,
    91435208.0,
    92474875.0,
    93484417.0,
    94779625.0,
    96787166.0,
    97895250.0,
    98629541.0,
    100764666.0
  ],
  "slope": {
    "estimate": 1433.6068359924095,
    "lower_bound": 1431.0114295261933,
    "unit": "ns",
    "upper_bound": 1436.289732673675
  },
  "typical": {
    "estimate": 1433.6068359924095,
    "lower_bound": 1431.0114295261933,
    "unit": "ns",
    "upper_bound": 1436.289732673675
  },
  "report_directory": "/Volumes/Files/_ranim/ranim-bench/ranim/target/criterion/reports/extract/polygon/40",
  "mean": {
    "estimate": 1430.4791860167816,
    "lower_bound": 1428.788265345547,
    "unit": "ns",
    "upper_bound": 1432.2088502885003
  }
}