{
  "median": {
    "estimate": 451.4165810864014,
    "lower_bound": 451.1607596065262,
    "unit": "ns",
    "upper_bound": 451.92223974257894
  },
  "report_directory": "/Volumes/Files/_ranim/ranim-bench/ranim/target/criterion/reports/extract/polygon/5",
  "measured_values": [
    1001542.0,
    1959708.0,
    2965250.0,
    3950375.0,
    4913833.0,
    5907334.0,
    6943833.0,
    7951000.0,
    8847667.0,
    9859250.0,
    10844542.0,
    11805625.0,
    12818000.0,
    13782292.0,
    14826500.0,
    15715292.0,
    16725334.0,
    17740083.0,
    18737708.0,
    19699459.0,
    20734958.0,
    21681792.0,
    26666083.0,
    23708916.0,
    24560125.0,
    26040750.0,
    27386042.0,
    28337583.0,
    29438125.0,
    30401709.0,
    31401541.0,
    32427417.0,
    33465250.0,
    34466917.0,
    35479875.0,
    36507334.0,
    37520500.0,
    38490167.0,
    39492083.0,
    40651625.0,
    41587583.0,
    41629042.0,
    42336125.0,
    43386500.0,
    44407833.0,
    45275500.0,
    46321417.0,
    47266792.0,
    48249584.0,
    49464958.0,
    50363583.0,
    51329875.0,
    52312625.0,
    53287666.0,
    54231125.0,
    55238041.0,
    56186458.0,
    57226250.0,
    58189375.0,
    59231291.0,
    60165166.0,
    61054500.0,
    62092500.0,
    63077333.0,
    64047875.0,
    64965583.0,
    66639959.0,
    67166916.0,
    67936792.0,
    68980208.0,
    69918166.0,
    70899625.0,
    71861916.0,
    72844209.0,
    74058167.0,
    74916417.0,
    75905542.0,
    77686375.0,
    80104917.0,
    81050375.0,
    82188750.0,
    83061125.0,
    84094500.0,
    85063666.0,
    86067250.0,
    87043000.0,
    86258875.0,
    86512792.0,
    87680375.0,
    88521000.0,
    89535584.0,
    91362666.0,
    91638708.0,
    92474500.0,
    93491250.0,
    94450250.0,
    95456375.0,
    96580709.0,
    97651250.0,
    98588500.0
  ],
  "unit": "ns",
  "median_abs_dev": {
    "estimate": 1.4111979088790965,
    "lower_bound": 1.00137364918801,
    "unit": "ns",
    "upper_bound": 2.4506686722679
  },
  "iteration_count": [
    2185,
    4370,
    6555,
    8740,
    10925,
    13110,
    15295,
    17480,
    19665,
    21850,
    24035,
    26220,
    28405,
    30590,
    32775,
    34960,
    37145,
    39330,
    41515,
    43700,
    45885,
    48070,
    50255,
    52440,
    54625,
    56810,
    58995,
    61180,
    63365,
    65550,
    67735,
    69920,
    72105,
    74290,
    76475,
    78660,
    80845,
    83030,
    85215,
    87400,
    89585,
    91770,
    93955,
    96140,
    98325,
    100510,
    102695,
    104880,
    107065,
    109250,
    111435,
    113620,
    115805,
    117990,
    120175,
    122360,
    124545,
    126730,
    128915,
    131100,
    133285,
    135470,
    137655,
    139840,
    142025,
    144210,
    146395,
    148580,
    150765,
    152950,
    155135,
    157320,
    159505,
    161690,
    163875,
    166060,
    168245,
    170430,
    172615,
    174800,
    176985,
    179170,
    181355,
    183540,
    185725,
    187910,
    190095,
    192280,
    194465,
    196650,
    198835,
    201020,
    203205,
    205390,
    207575,
    209760,
    211945,
    214130,
    216315,
    218500
  ],
  "change": {
    "change": "NoChange",
    "mean": {
      "estimate": -0.014509681970854447,
      "lower_bound": -0.019076425566798463,
      "unit": "%",
      "upper_bound": -0.008998681942593645
    },
    "median": {
      "estimate": -0.02451814136738817,
      "lower_bound": -0.025872230716410316,
      "unit": "%",
      "upper_bound": -0.02231229101937904
    }
  },
  "mean": {
    "estimate": 455.1396638147054,
    "lower_bound": 453.5758843287043,
    "unit": "ns",
    "upper_bound": 457.2087186730536
  },
  "throughput": [],
  "typical": {
    "estimate": 454.1046092617322,
    "lower_bound": 452.83213933477293,
    "unit": "ns",
    "upper_bound": 455.53098531190267
  },
  "slope": {
    "estimate": 454.1046092617322,
    "lower_bound": 452.83213933477293,
    "unit": "ns",
    "upper_bound": 455.53098531190267
  }
}