{
  "report_directory": "/Volumes/Files/_ranim/ranim-bench/ranim/target/criterion/reports/extract/polygon/5",
  "median_abs_dev": {
    "estimate": 6.563987059415879,
    "lower_bound": 4.646164162850663,
    "unit": "ns",
    "upper_bound": 8.096433170222179
  },
  "measured_values": [
    1038458.0,
    1965708.0,
    2943375.0,
    3927917.0,
    4898375.0,
    5920917.0,
    6953375.0,
    7899417.0,
    8880708.0,
    9822209.0,
    10843958.0,
    11794083.0,
    12871250.0,
    13838417.0,
    14755083.0,
    15778209.0,
    16798166.0,
    17786209.0,
    18724625.0,
    19702166.0,
    20700166.0,
    21710750.0,
    23032458.0,
    23938333.0,
    24926750.0,
    25929750.0,
    26923167.0,
    27949667.0,
    29008083.0,
    29896000.0,
    30853708.0,
    31735583.0,
    32862834.0,
    34410292.0,
    35479083.0,
    36479792.0,
    37480500.0,
    38611958.0,
    39314083.0,
    39840417.0,
    40857750.0,
    41844875.0,
    42783750.0,
    43805333.0,
    44787375.0,
    45832375.0,
    46781333.0,
    47881459.0,
    48782833.0,
    49762625.0,
    50278000.0,
    51297500.0,
    52306334.0,
    54197416.0,
    55713708.0,
    56856709.0,
    57762083.0,
    58765084.0,
    59824667.0,
    60815750.0,
    61858125.0,
    62759625.0,
    63798958.0,
    64800750.0,
    65877958.0,
    66872250.0,
    67864167.0,
    68922292.0,
    70016375.0,
    70853750.0,
    71710208.0,
    71845667.0,
    72680375.0,
    73705708.0,
    74744250.0,
    75661375.0,
    76684291.0,
    77777625.0,
    79257959.0,
    81099333.0,
    81139166.0,
    81152500.0,
    81945167.0,
    82868625.0,
    83835708.0,
    84956750.0,
    86375250.0,
    89246542.0,
    90279042.0,
    91335916.0,
    92425167.0,
    93319500.0,
    94272167.0,
    94164750.0,
    94385792.0,
    97438625.0,
    97169500.0,
    97311042.0,
    98145375.0,
    99152125.0
  ],
  "iteration_count": [
    2170,
    4340,
    6510,
    8680,
    10850,
    13020,
    15190,
    17360,
    19530,
    21700,
    23870,
    26040,
    28210,
    30380,
    32550,
    34720,
    36890,
    39060,
    41230,
    43400,
    45570,
    47740,
    49910,
    52080,
    54250,
    56420,
    58590,
    60760,
    62930,
    65100,
    67270,
    69440,
    71610,
    73780,
    75950,
    78120,
    80290,
    82460,
    84630,
    86800,
    88970,
    91140,
    93310,
    95480,
    97650,
    99820,
    101990,
    104160,
    106330,
    108500,
    110670,
    112840,
    115010,
    117180,
    119350,
    121520,
    123690,
    125860,
    128030,
    130200,
    132370,
    134540,
    136710,
    138880,
    141050,
    143220,
    145390,
    147560,
    149730,
    151900,
    154070,
    156240,
    158410,
    160580,
    162750,
    164920,
    167090,
    169260,
    171430,
    173600,
    175770,
    177940,
    180110,
    182280,
    184450,
    186620,
    188790,
    190960,
    193130,
    195300,
    197470,
    199640,
    201810,
    203980,
    206150,
    208320,
    210490,
    212660,
    214830,
    217000
  ],
  "unit": "ns",
  "throughput": [],
  "typical": {
    "estimate": 461.90288769502854,
    "lower_bound": 460.64026690678793,
    "unit": "ns",
    "upper_bound": 463.176655528746
  },
  "median": {
    "estimate": 459.19042996906626,
    "lower_bound": 458.73629747614314,
    "unit": "ns",
    "upper_bound": 459.8462646752249
  },
  "slope": {
    "estimate": 461.90288769502854,
    "lower_bound": 460.64026690678793,
    "unit": "ns",
    "upper_bound": 463.176655528746
  },
  "mean": {
    "estimate": 460.47031769504423,
    "lower_bound": 459.4286313104212,
    "unit": "ns",
    "upper_bound": 461.5463480112344
  },
  "change": {
    "change": "NoChange",
    "mean": {
      "estimate": -0.0035491848954420924,
      "lower_bound": -0.008477916066748761,
      "unit": "%",
      "upper_bound": 0.00109099426140305
    },
    "median": {
      "estimate": 0.004312647046510909,
      "lower_bound": 0.0021087968515665387,
      "unit": "%",
      "upper_bound": 0.0067401566765856735
    }
  }
}