{
  "iteration_count": [
    2447,
    4894,
    7341,
    9788,
    12235,
    14682,
    17129,
    19576,
    22023,
    24470,
    26917,
    29364,
    31811,
    34258,
    36705,
    39152,
    41599,
    44046,
    46493,
    48940,
    51387,
    53834,
    56281,
    58728,
    61175,
    63622,
    66069,
    68516,
    70963,
    73410,
    75857,
    78304,
    80751,
    83198,
    85645,
    88092,
    90539,
    92986,
    95433,
    97880,
    100327,
    102774,
    105221,
    107668,
    110115,
    112562,
    115009,
    117456,
    119903,
    122350,
    124797,
    127244,
    129691,
    132138,
    134585,
    137032,
    139479,
    141926,
    144373,
    146820,
    149267,
    151714,
    154161,
    156608,
    159055,
    161502,
    163949,
    166396,
    168843,
    171290,
    173737,
    176184,
    178631,
    181078,
    183525,
    185972,
    188419,
    190866,
    193313,
    195760,
    198207,
    200654,
    203101,
    205548,
    207995,
    210442,
    212889,
    215336,
    217783,
    220230,
    222677,
    225124,
    227571,
    230018,
    232465,
    234912,
    237359,
    239806,
    242253,
    244700
  ],
  "median": {
    "estimate": 408.33143483198535,
    "lower_bound": 408.08103800572127,
    "unit": "ns",
    "upper_bound": 408.7546915428192
  },
  "throughput": [],
  "measured_values": [
    1001459.0,
    2006053.0,
    3016248.0,
    4014110.0,
    5032079.0,
    6018189.0,
    7010761.0,
    8015334.0,
    9019649.0,
    9999085.0,
    11001566.0,
    12037249.0,
    13016275.0,
    14041879.0,
    15069808.0,
    16026121.0,
    17036597.0,
    17936845.0,
    18912736.0,
    19917551.0,
    20933526.0,
    21979308.0,
    22923279.0,
    23901844.0,
    24884347.0,
    25836744.0,
    26863539.0,
    27834690.0,
    28862879.0,
    29856964.0,
    30861899.0,
    31849802.0,
    32779406.0,
    33894718.0,
    34872943.0,
    36122768.0,
    36896288.0,
    37845539.0,
    38875751.0,
    39892569.0,
    40981120.0,
    41924810.0,
    42848203.0,
    43862205.0,
    44927663.0,
    46021605.0,
    46991745.0,
    47854824.0,
    48841925.0,
    50086540.0,
    50958235.0,
    52045544.0,
    52923622.0,
    53892068.0,
    54955613.0,
    55914221.0,
    56948772.0,
    57930734.0,
    58963821.0,
    60088531.0,
    61059493.0,
    62018792.0,
    62975466.0,
    63963309.0,
    65051270.0,
    66082414.0,
    67218836.0,
    68062117.0,
    69108209.0,
    70039016.0,
    71045934.0,
    72043295.0,
    73238176.0,
    74032016.0,
    75025439.0,
    76140892.0,
    77103637.0,
    78050463.0,
    79010445.0,
    80039685.0,
    81146551.0,
    81926925.0,
    82862740.0,
    83918420.0,
    85101480.0,
    86062793.0,
    86869426.0,
    87890241.0,
    88861563.0,
    89871687.0,
    90746739.0,
    91917665.0,
    92880511.0,
    93794575.0,
    94845737.0,
    95752037.0,
    97014796.0,
    97683270.0,
    98664540.0,
    99700193.0
  ],
  "unit": "ns",
  "change": {
    "change": "NoChange",
    "mean": {
      "estimate": 0.0008355991712003519,
      "lower_bound": -0.00017859266401392386,
      "unit": "%",
      "upper_bound": 0.0018290511097848736
    },
    "median": {
      "estimate": 0.0015880454610346373,
      "lower_bound": 0.0003647013484913142,
      "unit": "%",
      "upper_bound": 0.002619674943432848
    }
  },
  "median_abs_dev": {
    "estimate": 1.2501153254751902,
    "lower_bound": 0.8802469348287327,
    "unit": "ns",
    "upper_bound": 1.4135099144293617
  },
  "slope": {
    "estimate": 408.3482373539368,
    "lower_bound": 408.169890011537,
    "unit": "ns",
    "upper_bound": 408.53137128987385
  },
  "mean": {
    "estimate": 408.3683370605621,
    "lower_bound": 408.15667356094406,
    "unit": "ns",
    "upper_bound": 408.58271496191566
  },
  "typical": {
    "estimate": 408.3482373539368,
    "lower_bound": 408.169890011537,
    "unit": "ns",
    "upper_bound": 408.53137128987385
  },
  "report_directory": "/home/user/workspaces/ranim-bench/ranim/target/criterion/reports/extract/polygon/10"
}