{
  "report_directory": "/home/user/workspaces/ranim-bench/ranim/target/criterion/reports/extract/polygon/40",
  "mean": {
    "estimate": 1248.1348035792048,
    "lower_bound": 1247.2550875614318,
    "unit": "ns",
    "upper_bound": 1249.0691573862196
  },
  "median": {
    "estimate": 1247.8123591908602,
    "lower_bound": 1246.5669793848297,
    "unit": "ns",
    "upper_bound": 1248.683263452131
  },
  "median_abs_dev": {
    "estimate": 4.70987795579974,
    "lower_bound": 3.4116469148046553,
    "unit": "ns",
    "upper_bound": 5.647271231088021
  },
  "throughput": [],
  "iteration_count": [
    795,
    1590,
    2385,
    3180,
    3975,
    4770,
    5565,
    6360,
    7155,
    7950,
    8745,
    9540,
    10335,
    11130,
    11925,
    12720,
    13515,
    14310,
    15105,
    15900,
    16695,
    17490,
    18285,
    19080,
    19875,
    20670,
    21465,
    22260,
    23055,
    23850,
    24645,
    25440,
    26235,
    27030,
    27825,
    28620,
    29415,
    30210,
    31005,
    31800,
    32595,
    33390,
    34185,
    34980,
    35775,
    36570,
    37365,
    38160,
    38955,
    39750,
    40545,
    41340,
    42135,
    42930,
    43725,
    44520,
    45315,
    46110,
    46905,
    47700,
    48495,
    49290,
    50085,
    50880,
    51675,
    52470,
    53265,
    54060,
    54855,
    55650,
    56445,
    57240,
    58035,
    58830,
    59625,
    60420,
    61215,
    62010,
    62805,
    63600,
    64395,
    65190,
    65985,
    66780,
    67575,
    68370,
    69165,
    69960,
    70755,
    71550,
    72345,
    73140,
    73935,
    74730,
    75525,
    76320,
    77115,
    77910,
    78705,
    79500
  ],
  "slope": {
    "estimate": 1245.6446019742498,
    "lower_bound": 1245.0594794076244,
    "unit": "ns",
    "upper_bound": 1246.2312543370067
  },
  "change": {
    "change": "Improved",
    "mean": {
      "estimate": -0.01477426747151267,
      "lower_bound": -0.016575214219731654,
      "unit": "%",
      "upper_bound": -0.01320497299925094
    },
    "median": {
      "estimate": -0.013840594670831983,
      "lower_bound": -0.015560891426809388,
      "unit": "%",
      "upper_bound": -0.012387216897266072
    }
  },
  "measured_values": [
    1006688.0,
    1987508.0,
    2983196.0,
    3964747.0,
    5008144.0,
    5962675.0,
    7011632.0,
    7944642.0,
    9012816.0,
    9956536.0,
    10969747.0,
    11988207.0,
    12915887.0,
    13986496.0,
    14959892.0,
    15958274.0,
    16959131.0,
    17934411.0,
    18906575.0,
    19930585.0,
    20909652.0,
    21896634.0,
    22830294.0,
    23896615.0,
    24833071.0,
    25923978.0,
    26791926.0,
    27825395.0,
    28853582.0,
    29840895.0,
    30785126.0,
    31819997.0,
    32773526.0,
    33785173.0,
    34761866.0,
    35737315.0,
    36809426.0,
    37670101.0,
    38751590.0,
    39754211.0,
    40672713.0,
    41695722.0,
    42634793.0,
    43662832.0,
    44658870.0,
    45632196.0,
    46635979.0,
    47731985.0,
    48769391.0,
    49732818.0,
    50493866.0,
    51460940.0,
    52473348.0,
    53466081.0,
    54400263.0,
    55539630.0,
    56386398.0,
    57308749.0,
    58390087.0,
    59341592.0,
    60261939.0,
    61282061.0,
    62300803.0,
    63192375.0,
    64281739.0,
    65363408.0,
    66277883.0,
    67212917.0,
    68154773.0,
    69173214.0,
    70071158.0,
    71165100.0,
    72098261.0,
    73058973.0,
    74169636.0,
    75104730.0,
    76025507.0,
    76972975.0,
    78031601.0,
    79143506.0,
    80042332.0,
    81069299.0,
    82023649.0,
    83000311.0,
    84459978.0,
    85212871.0,
    86313776.0,
    87196322.0,
    88207288.0,
    89140840.0,
    90176302.0,
    91244094.0,
    92173698.0,
    93103702.0,
    94122254.0,
    95081182.0,
    96133937.0,
    97234381.0,
    98236100.0,
    99135126.0
  ],
  "unit": "ns",
  "typical": {
    "estimate": 1245.6446019742498,
    "lower_bound": 1245.0594794076244,
    "unit": "ns",
    "upper_bound": 1246.2312543370067
  }
}