{
  "measured_values": [
    1005987.0,
    1955499.0,
    2947108.0,
    3949238.0,
    4989649.0,
    5908082.0,
    6877180.0,
    8002280.0,
    8821948.0,
    9872719.0,
    10852527.0,
    11764467.0,
    12830928.0,
    13785588.0,
    14784602.0,
    15772726.0,
    16713120.0,
    17737831.0,
    18740041.0,
    19678161.0,
    20744791.0,
    21708319.0,
    22636730.0,
    23592022.0,
    24703187.0,
    25605780.0,
    26685986.0,
    27633624.0,
    28566533.0,
    29572541.0,
    30585120.0,
    31558585.0,
    32557830.0,
    33492593.0,
    34452424.0,
    35386446.0,
    36406830.0,
    37464734.0,
    38459720.0,
    39341344.0,
    40318768.0,
    41329673.0,
    42289023.0,
    42949131.0,
    43918189.0,
    44904449.0,
    45873075.0,
    46896685.0,
    47833913.0,
    48859267.0,
    49751240.0,
    50801580.0,
    51775758.0,
    52770995.0,
    53713262.0,
    54683692.0,
    55621942.0,
    56616017.0,
    57703016.0,
    58551427.0,
    59559789.0,
    60431163.0,
    61514626.0,
    62402120.0,
    63502755.0,
    64748822.0,
    65725294.0,
    66680325.0,
    67696471.0,
    68731322.0,
    69746977.0,
    70668646.0,
    71659805.0,
    72778914.0,
    73674855.0,
    74649433.0,
    75704582.0,
    76571558.0,
    77580139.0,
    78583522.0,
    79645855.0,
    80519925.0,
    81533225.0,
    82449323.0,
    83407310.0,
    84285768.0,
    85573043.0,
    86368775.0,
    87404438.0,
    88247660.0,
    89130576.0,
    90228255.0,
    91160353.0,
    92331680.0,
    93164552.0,
    94193964.0,
    95162971.0,
    96197572.0,
    97193129.0,
    98230445.0
  ],
  "mean": {
    "estimate": 290.20875319902893,
    "lower_bound": 289.9369147073093,
    "unit": "ns",
    "upper_bound": 290.50548102921584
  },
  "unit": "ns",
  "iteration_count": [
    3385,
    6770,
    10155,
    13540,
    16925,
    20310,
    23695,
    27080,
    30465,
    33850,
    37235,
    40620,
    44005,
    47390,
    50775,
    54160,
    57545,
    60930,
    64315,
    67700,
    71085,
    74470,
    77855,
    81240,
    84625,
    88010,
    91395,
    94780,
    98165,
    101550,
    104935,
    108320,
    111705,
    115090,
    118475,
    121860,
    125245,
    128630,
    132015,
    135400,
    138785,
    142170,
    145555,
    148940,
    152325,
    155710,
    159095,
    162480,
    165865,
    169250,
    172635,
    176020,
    179405,
    182790,
    186175,
    189560,
    192945,
    196330,
    199715,
    203100,
    206485,
    209870,
    213255,
    216640,
    220025,
    223410,
    226795,
    230180,
    233565,
    236950,
    240335,
    243720,
    247105,
    250490,
    253875,
    257260,
    260645,
    264030,
    267415,
    270800,
    274185,
    277570,
    280955,
    284340,
    287725,
    291110,
    294495,
    297880,
    301265,
    304650,
    308035,
    311420,
    314805,
    318190,
    321575,
    324960,
    328345,
    331730,
    335115,
    338500
  ],
  "median": {
    "estimate": 290.1744898777791,
    "lower_bound": 289.96737356685657,
    "unit": "ns",
    "upper_bound": 290.4108625133953
  },
  "report_directory": "/home/user/workspaces/ranim-bench/ranim/target/criterion/reports/extract/polygon/5",
  "typical": {
    "estimate": 289.76402434876525,
    "lower_bound": 289.60761020917175,
    "unit": "ns",
    "upper_bound": 289.9087796130681
  },
  "median_abs_dev": {
    "estimate": 1.0695511257348858,
    "lower_bound": 0.735899248849184,
    "unit": "ns",
    "upper_bound": 1.7033813730711689
  },
  "slope": {
    "estimate": 289.76402434876525,
    "lower_bound": 289.60761020917175,
    "unit": "ns",
    "upper_bound": 289.9087796130681
  },
  "change": {
    "change": "Regressed",
    "mean": {
      "estimate": 0.05364314382565327,
      "lower_bound": 0.05246663466931595,
      "unit": "%",
      "upper_bound": 0.05493774230652975
    },
    "median": {
      "estimate": 0.05440244971004682,
      "lower_bound": 0.0534361482672301,
      "unit": "%",
      "upper_bound": 0.05521531694460435
    }
  },
  "throughput": []
}