{
  "unit": "ns",
  "measured_values": [
    993041.0,
    1996041.0,
    2935166.0,
    3918291.0,
    4909000.0,
    5888458.0,
    6910333.0,
    7832750.0,
    8865375.0,
    9860458.0,
    10818542.0,
    11768917.0,
    12809917.0,
    13699959.0,
    14717667.0,
    15762625.0,
    16765834.0,
    17668000.0,
    18612625.0,
    19585250.0,
    20661958.0,
    21544750.0,
    22628875.0,
    23579250.0,
    24567333.0,
    25656292.0,
    26517917.0,
    27542375.0,
    28482625.0,
    29405042.0,
    30462250.0,
    31384666.0,
    32392750.0,
    33295542.0,
    34357000.0,
    35392500.0,
    36323708.0,
    37316584.0,
    38228583.0,
    39253834.0,
    40222500.0,
    41168542.0,
    41873375.0,
    43069875.0,
    44147666.0,
    45135041.0,
    45936291.0,
    47178375.0,
    47851709.0,
    48918917.0,
    49940625.0,
    50881125.0,
    51975500.0,
    52859958.0,
    53806458.0,
    54936916.0,
    55884541.0,
    56972375.0,
    57929875.0,
    58854250.0,
    59880125.0,
    60778125.0,
    61683667.0,
    62667542.0,
    63472334.0,
    64803292.0,
    65819750.0,
    66770875.0,
    67694417.0,
    68811625.0,
    69665833.0,
    70677250.0,
    71601833.0,
    72565667.0,
    73501333.0,
    74386375.0,
    75382875.0,
    76672000.0,
    77478792.0,
    78385583.0,
    79395250.0,
    80240917.0,
    81266084.0,
    82404000.0,
    83512458.0,
    84277000.0,
    85105833.0,
    86527042.0,
    87520250.0,
    88453375.0,
    89279667.0,
    90310459.0,
    91287667.0,
    92131041.0,
    93214875.0,
    94226042.0,
    95336209.0,
    96332625.0,
    97249541.0,
    98138041.0
  ],
  "median": {
    "estimate": 546.3266867959962,
    "lower_bound": 546.1233238214551,
    "unit": "ns",
    "upper_bound": 546.5637373174957
  },
  "iteration_count": [
    1796,
    3592,
    5388,
    7184,
    8980,
    10776,
    12572,
    14368,
    16164,
    17960,
    19756,
    21552,
    23348,
    25144,
    26940,
    28736,
    30532,
    32328,
    34124,
    35920,
    37716,
    39512,
    41308,
    43104,
    44900,
    46696,
    48492,
    50288,
    52084,
    53880,
    55676,
    57472,
    59268,
    61064,
    62860,
    64656,
    66452,
    68248,
    70044,
    71840,
    73636,
    75432,
    77228,
    79024,
    80820,
    82616,
    84412,
    86208,
    88004,
    89800,
    91596,
    93392,
    95188,
    96984,
    98780,
    100576,
    102372,
    104168,
    105964,
    107760,
    109556,
    111352,
    113148,
    114944,
    116740,
    118536,
    120332,
    122128,
    123924,
    125720,
    127516,
    129312,
    131108,
    132904,
    134700,
    136496,
    138292,
    140088,
    141884,
    143680,
    145476,
    147272,
    149068,
    150864,
    152660,
    154456,
    156252,
    158048,
    159844,
    161640,
    163436,
    165232,
    167028,
    168824,
    170620,
    172416,
    174212,
    176008,
    177804,
    179600
  ],
  "report_directory": "/Volumes/Files/_ranim/ranim-bench/ranim/target/criterion/reports/extract/arc",
  "typical": {
    "estimate": 546.1887538634859,
    "lower_bound": 545.9567915148925,
    "unit": "ns",
    "upper_bound": 546.408443937293
  },
  "median_abs_dev": {
    "estimate": 1.1060552347278931,
    "lower_bound": 0.8160108937039459,
    "unit": "ns",
    "upper_bound": 1.472226894072195
  },
  "throughput": [],
  "mean": {
    "estimate": 546.4589227150019,
    "lower_bound": 546.1487962808911,
    "unit": "ns",
    "upper_bound": 546.8021182037564
  },
  "change": {
    "change": "NoChange",
    "mean": {
      "estimate": -0.002960894357995514,
      "lower_bound": -0.004536499600245389,
      "unit": "%",
      "upper_bound": -0.0013295412822715332
    },
    "median": {
      "estimate": -0.001588475018515223,
      "lower_bound": -0.0022705277752423925,
      "unit": "%",
      "upper_bound": -0.0006858746170206577
    }
  },
  "slope": {
    "estimate": 546.1887538634859,
    "lower_bound": 545.9567915148925,
    "unit": "ns",
    "upper_bound": 546.408443937293
  }
}