{
  "typical": {
    "estimate": 400.7679981148256,
    "lower_bound": 399.1490829016285,
    "unit": "ns",
    "upper_bound": 402.5866998041267
  },
  "measured_values": [
    1000625.0,
    1965208.0,
    3005125.0,
    3932458.0,
    4996042.0,
    5870542.0,
    6956833.0,
    7928375.0,
    8899666.0,
    9855208.0,
    10847417.0,
    11766375.0,
    12860958.0,
    13731625.0,
    14820333.0,
    15750333.0,
    16771084.0,
    17779792.0,
    18668333.0,
    19668875.0,
    20729709.0,
    21673000.0,
    22738125.0,
    23891500.0,
    24931167.0,
    25530167.0,
    26699833.0,
    27606208.0,
    28562334.0,
    29533709.0,
    30686708.0,
    31482666.0,
    32429083.0,
    33517250.0,
    34524958.0,
    35458709.0,
    36435375.0,
    37288334.0,
    38161708.0,
    39418875.0,
    40521250.0,
    43363541.0,
    44580292.0,
    45630750.0,
    46691709.0,
    47877250.0,
    48696375.0,
    49771917.0,
    50861334.0,
    51816750.0,
    52951958.0,
    53899292.0,
    54961125.0,
    56024042.0,
    56927250.0,
    58036750.0,
    59014458.0,
    60225292.0,
    61098167.0,
    59128125.0,
    59453667.0,
    60327750.0,
    61388083.0,
    62200000.0,
    63111000.0,
    64188833.0,
    65210250.0,
    66248708.0,
    67170791.0,
    68176166.0,
    69107958.0,
    69997292.0,
    70998042.0,
    71950167.0,
    73531833.0,
    74693167.0,
    75754917.0,
    76768541.0,
    77736625.0,
    78796667.0,
    79362834.0,
    83443625.0,
    80787416.0,
    82144792.0,
    83664708.0,
    84792583.0,
    85830625.0,
    86757083.0,
    89634083.0,
    90776375.0,
    88470208.0,
    89600166.0,
    91831667.0,
    92591708.0,
    93653959.0,
    94540042.0,
    95462208.0,
    97457583.0,
    98093333.0,
    99111750.0
  ],
  "throughput": [],
  "change": {
    "change": "NoChange",
    "mean": {
      "estimate": -0.004223731195187375,
      "lower_bound": -0.00862898020232659,
      "unit": "%",
      "upper_bound": 0.00025552969409479054
    },
    "median": {
      "estimate": -0.01046321623921953,
      "lower_bound": -0.011980556283421873,
      "unit": "%",
      "upper_bound": -0.008582107472827798
    }
  },
  "median": {
    "estimate": 398.5689993101972,
    "lower_bound": 398.1498323561127,
    "unit": "ns",
    "upper_bound": 399.1625556004852
  },
  "iteration_count": [
    2473,
    4946,
    7419,
    9892,
    12365,
    14838,
    17311,
    19784,
    22257,
    24730,
    27203,
    29676,
    32149,
    34622,
    37095,
    39568,
    42041,
    44514,
    46987,
    49460,
    51933,
    54406,
    56879,
    59352,
    61825,
    64298,
    66771,
    69244,
    71717,
    74190,
    76663,
    79136,
    81609,
    84082,
    86555,
    89028,
    91501,
    93974,
    96447,
    98920,
    101393,
    103866,
    106339,
    108812,
    111285,
    113758,
    116231,
    118704,
    121177,
    123650,
    126123,
    128596,
    131069,
    133542,
    136015,
    138488,
    140961,
    143434,
    145907,
    148380,
    150853,
    153326,
    155799,
    158272,
    160745,
    163218,
    165691,
    168164,
    170637,
    173110,
    175583,
    178056,
    180529,
    183002,
    185475,
    187948,
    190421,
    192894,
    195367,
    197840,
    200313,
    202786,
    205259,
    207732,
    210205,
    212678,
    215151,
    217624,
    220097,
    222570,
    225043,
    227516,
    229989,
    232462,
    234935,
    237408,
    239881,
    242354,
    244827,
    247300
  ],
  "slope": {
    "estimate": 400.7679981148256,
    "lower_bound": 399.1490829016285,
    "unit": "ns",
    "upper_bound": 402.5866998041267
  },
  "median_abs_dev": {
    "estimate": 3.2500007512136437,
    "lower_bound": 2.048524143865366,
    "unit": "ns",
    "upper_bound": 6.766370789172424
  },
  "mean": {
    "estimate": 401.91454040207066,
    "lower_bound": 400.25976304377394,
    "unit": "ns",
    "upper_bound": 403.6940929639268
  },
  "report_directory": "/Volumes/Files/_ranim/ranim-bench/ranim/target/criterion/reports/extract/square",
  "unit": "ns"
}