{
  "throughput": [],
  "median": {
    "estimate": 3479.14453038128,
    "lower_bound": 3469.2337758014496,
    "unit": "ns",
    "upper_bound": 3497.2978590729576
  },
  "mean": {
    "estimate": 3516.752061980933,
    "lower_bound": 3496.4115819037625,
    "unit": "ns",
    "upper_bound": 3543.833471365645
  },
  "median_abs_dev": {
    "estimate": 45.39450022978774,
    "lower_bound": 29.612035364255924,
    "unit": "ns",
    "upper_bound": 65.20106815328413
  },
  "change": {
    "change": "NoChange",
    "mean": {
      "estimate": 0.0037450465947503897,
      "lower_bound": -0.0057046590894452714,
      "unit": "%",
      "upper_bound": 0.012766080319575582
    },
    "median": {
      "estimate": 0.00254791096810858,
      "lower_bound": -0.0041100249214086615,
      "unit": "%",
      "upper_bound": 0.00943249599617224
    }
  },
  "report_directory": "E:\\_ranim\\ranim-bench\\ranim\\target\\criterion\\reports\\extract\\polygon\\40",
  "iteration_count": [
    283,
    566,
    849,
    1132,
    1415,
    1698,
    1981,
    2264,
    2547,
    2830,
    3113,
    3396,
    3679,
    3962,
    4245,
    4528,
    4811,
    5094,
    5377,
    5660,
    5943,
    6226,
    6509,
    6792,
    7075,
    7358,
    7641,
    7924,
    8207,
    8490,
    8773,
    9056,
    9339,
    9622,
    9905,
    10188,
    10471,
    10754,
    11037,
    11320,
    11603,
    11886,
    12169,
    12452,
    12735,
    13018,
    13301,
    13584,
    13867,
    14150,
    14433,
    14716,
    14999,
    15282,
    15565,
    15848,
    16131,
    16414,
    16697,
    16980,
    17263,
    17546,
    17829,
    18112,
    18395,
    18678,
    18961,
    19244,
    19527,
    19810,
    20093,
    20376,
    20659,
    20942,
    21225,
    21508,
    21791,
    22074,
    22357,
    22640,
    22923,
    23206,
    23489,
    23772,
    24055,
    24338,
    24621,
    24904,
    25187,
    25470,
    25753,
    26036,
    26319,
    26602,
    26885,
    27168,
    27451,
    27734,
    28017,
    28300
  ],
  "slope": {
    "estimate": 3515.1551151634335,
    "lower_bound": 3499.7251341703472,
    "unit": "ns",
    "upper_bound": 3532.157186631448
  },
  "unit": "ns",
  "typical": {
    "estimate": 3515.1551151634335,
    "lower_bound": 3499.7251341703472,
    "unit": "ns",
    "upper_bound": 3532.157186631448
  },
  "measured_values": [
    1280000.0,
    1971400.0,
    2932100.0,
    3899300.0,
    4850100.0,
    6025900.0,
    7089200.0,
    7863600.0,
    8745100.0,
    9804200.0,
    10790600.0,
    11759700.0,
    12679300.0,
    13633800.0,
    14750300.0,
    15611700.0,
    16605800.0,
    17564400.0,
    18674500.0,
    19983000.0,
    20445400.0,
    21453300.0,
    24115500.0,
    23854800.0,
    25430200.0,
    25605400.0,
    26716300.0,
    27306400.0,
    28355200.0,
    29338000.0,
    30491200.0,
    31841500.0,
    33984900.0,
    33311100.0,
    34648600.0,
    35204400.0,
    37285700.0,
    37212300.0,
    38099500.0,
    39438400.0,
    40114100.0,
    41005400.0,
    42090500.0,
    43142300.0,
    44199800.0,
    45414500.0,
    46788300.0,
    47063400.0,
    47950800.0,
    52137300.0,
    53535900.0,
    53091100.0,
    52650800.0,
    53077000.0,
    53474400.0,
    56273400.0,
    59808400.0,
    58709200.0,
    59814700.0,
    58507900.0,
    61158200.0,
    60487600.0,
    63518900.0,
    62643400.0,
    65275300.0,
    64679400.0,
    68200700.0,
    67389100.0,
    68214000.0,
    68597100.0,
    74449200.0,
    71025400.0,
    75192200.0,
    73446300.0,
    76066300.0,
    75098300.0,
    75796700.0,
    79293300.0,
    77323000.0,
    78619500.0,
    79533600.0,
    81934100.0,
    81201400.0,
    88152500.0,
    84127500.0,
    86225700.0,
    86402300.0,
    88233100.0,
    87341800.0,
    88039400.0,
    89115100.0,
    91535200.0,
    90664800.0,
    94212400.0,
    95523600.0,
    94686000.0,
    96424800.0,
    98172200.0,
    97351500.0,
    97682600.0
  ]
}