{
  "report_directory": "E:\\_ranim\\ranim-bench\\ranim\\target\\criterion\\reports\\extract\\polygon\\5",
  "typical": {
    "estimate": 1054.092011608274,
    "lower_bound": 1045.0447926610443,
    "unit": "ns",
    "upper_bound": 1064.056587198329
  },
  "mean": {
    "estimate": 1042.999852500885,
    "lower_bound": 1037.586732750749,
    "unit": "ns",
    "upper_bound": 1048.9807266398282
  },
  "slope": {
    "estimate": 1054.092011608274,
    "lower_bound": 1045.0447926610443,
    "unit": "ns",
    "upper_bound": 1064.056587198329
  },
  "median_abs_dev": {
    "estimate": 20.35940797959064,
    "lower_bound": 13.8692909536313,
    "unit": "ns",
    "upper_bound": 25.506118449110502
  },
  "median": {
    "estimate": 1033.709050996285,
    "lower_bound": 1028.5515548281503,
    "unit": "ns",
    "upper_bound": 1039.9032882011606
  },
  "iteration_count": [
    940,
    1880,
    2820,
    3760,
    4700,
    5640,
    6580,
    7520,
    8460,
    9400,
    10340,
    11280,
    12220,
    13160,
    14100,
    15040,
    15980,
    16920,
    17860,
    18800,
    19740,
    20680,
    21620,
    22560,
    23500,
    24440,
    25380,
    26320,
    27260,
    28200,
    29140,
    30080,
    31020,
    31960,
    32900,
    33840,
    34780,
    35720,
    36660,
    37600,
    38540,
    39480,
    40420,
    41360,
    42300,
    43240,
    44180,
    45120,
    46060,
    47000,
    47940,
    48880,
    49820,
    50760,
    51700,
    52640,
    53580,
    54520,
    55460,
    56400,
    57340,
    58280,
    59220,
    60160,
    61100,
    62040,
    62980,
    63920,
    64860,
    65800,
    66740,
    67680,
    68620,
    69560,
    70500,
    71440,
    72380,
    73320,
    74260,
    75200,
    76140,
    77080,
    78020,
    78960,
    79900,
    80840,
    81780,
    82720,
    83660,
    84600,
    85540,
    86480,
    87420,
    88360,
    89300,
    90240,
    91180,
    92120,
    93060,
    94000
  ],
  "unit": "ns",
  "measured_values": [
    951300.0,
    1948700.0,
    2881300.0,
    3821800.0,
    4777000.0,
    5756800.0,
    6659500.0,
    7680300.0,
    8581700.0,
    9581800.0,
    10752600.0,
    11904500.0,
    13182100.0,
    13408100.0,
    14677100.0,
    15344600.0,
    16629800.0,
    17160900.0,
    18989700.0,
    19719600.0,
    20014100.0,
    21005400.0,
    22037200.0,
    22951100.0,
    24101800.0,
    25552200.0,
    26150900.0,
    26945600.0,
    28196200.0,
    28879700.0,
    29903300.0,
    32219000.0,
    32035100.0,
    32726900.0,
    33782000.0,
    34693400.0,
    37018600.0,
    36671400.0,
    38809300.0,
    38800000.0,
    40522700.0,
    40290100.0,
    43704800.0,
    44000300.0,
    45686300.0,
    46600400.0,
    45351100.0,
    46572800.0,
    47095700.0,
    47914100.0,
    49586100.0,
    50275600.0,
    51008300.0,
    53172300.0,
    53300200.0,
    53776400.0,
    54766600.0,
    55755600.0,
    57394700.0,
    57716000.0,
    59528000.0,
    60706500.0,
    61202800.0,
    63198600.0,
    65166500.0,
    63031900.0,
    67549800.0,
    66089200.0,
    66965600.0,
    67820000.0,
    68464800.0,
    69511600.0,
    69822900.0,
    72255300.0,
    71872000.0,
    73605500.0,
    76533800.0,
    79307500.0,
    79607500.0,
    89355600.0,
    79932700.0,
    81289100.0,
    85469200.0,
    88961500.0,
    86140300.0,
    85735500.0,
    88728900.0,
    86654500.0,
    91026500.0,
    92720700.0,
    90006100.0,
    90575600.0,
    91558700.0,
    90732600.0,
    102906700.0,
    94886800.0,
    94442900.0,
    94525200.0,
    96550800.0,
    98887100.0
  ],
  "throughput": [],
  "change": {
    "change": "NoChange",
    "mean": {
      "estimate": 0.008164750319394454,
      "lower_bound": 0.0008829941018261814,
      "unit": "%",
      "upper_bound": 0.015238239263645556
    },
    "median": {
      "estimate": 0.007723037841971037,
      "lower_bound": -0.0006421447466831154,
      "unit": "%",
      "upper_bound": 0.014115242458814237
    }
  }
}