{
  "change": {
    "change": "Improved",
    "mean": {
      "estimate": -0.026315230002666445,
      "lower_bound": -0.029696822718660053,
      "unit": "%",
      "upper_bound": -0.02299097336783926
    },
    "median": {
      "estimate": -0.023480047586813768,
      "lower_bound": -0.02913505157089713,
      "unit": "%",
      "upper_bound": -0.01984958854522856
    }
  },
  "median_abs_dev": {
    "estimate": 1.701296002081951,
    "lower_bound": 1.3217697332672618,
    "unit": "ns",
    "upper_bound": 2.067480360588158
  },
  "iteration_count": [
    2021,
    4042,
    6063,
    8084,
    10105,
    12126,
    14147,
    16168,
    18189,
    20210,
    22231,
    24252,
    26273,
    28294,
    30315,
    32336,
    34357,
    36378,
    38399,
    40420,
    42441,
    44462,
    46483,
    48504,
    50525,
    52546,
    54567,
    56588,
    58609,
    60630,
    62651,
    64672,
    66693,
    68714,
    70735,
    72756,
    74777,
    76798,
    78819,
    80840,
    82861,
    84882,
    86903,
    88924,
    90945,
    92966,
    94987,
    97008,
    99029,
    101050,
    103071,
    105092,
    107113,
    109134,
    111155,
    113176,
    115197,
    117218,
    119239,
    121260,
    123281,
    125302,
    127323,
    129344,
    131365,
    133386,
    135407,
    137428,
    139449,
    141470,
    143491,
    145512,
    147533,
    149554,
    151575,
    153596,
    155617,
    157638,
    159659,
    161680,
    163701,
    165722,
    167743,
    169764,
    171785,
    173806,
    175827,
    177848,
    179869,
    181890,
    183911,
    185932,
    187953,
    189974,
    191995,
    194016,
    196037,
    198058,
    200079,
    202100
  ],
  "mean": {
    "estimate": 484.79672826537774,
    "lower_bound": 484.22557764371714,
    "unit": "ns",
    "upper_bound": 485.3919385016786
  },
  "report_directory": "/Volumes/Files/_ranim/ranim-bench/ranim/target/criterion/reports/extract/arc",
  "measured_values": [
    1005875.0,
    2015958.0,
    2946416.0,
    3906792.0,
    4904834.0,
    5881958.0,
    6797458.0,
    7827083.0,
    8653375.0,
    9871458.0,
    10808000.0,
    11786750.0,
    12558083.0,
    13704666.0,
    14364958.0,
    15668084.0,
    16694083.0,
    17619542.0,
    18626792.0,
    19577167.0,
    20531750.0,
    21633250.0,
    22529125.0,
    23528750.0,
    24462792.0,
    25514375.0,
    26583417.0,
    27146042.0,
    28295417.0,
    29430209.0,
    30290125.0,
    31216750.0,
    32348375.0,
    33328084.0,
    34335709.0,
    35136500.0,
    36140208.0,
    37436541.0,
    38515125.0,
    39328667.0,
    40266375.0,
    41291042.0,
    42270125.0,
    42990459.0,
    44184500.0,
    45031542.0,
    46216750.0,
    47281542.0,
    47454750.0,
    49076875.0,
    50272417.0,
    50911208.0,
    51862000.0,
    52771958.0,
    54149708.0,
    54776792.0,
    55951834.0,
    56742875.0,
    57974833.0,
    58674334.0,
    59791583.0,
    60557458.0,
    61733459.0,
    63099833.0,
    63950000.0,
    64960250.0,
    65807000.0,
    66861042.0,
    67622208.0,
    68254292.0,
    69490417.0,
    70435875.0,
    71254583.0,
    72788208.0,
    73643083.0,
    74330625.0,
    75280208.0,
    76345291.0,
    77215666.0,
    78171250.0,
    78648583.0,
    80528458.0,
    81037708.0,
    82424250.0,
    83395417.0,
    84314958.0,
    84932458.0,
    85872209.0,
    87223000.0,
    88107583.0,
    88907083.0,
    90054875.0,
    91093375.0,
    92227042.0,
    93348709.0,
    93840042.0,
    94806792.0,
    96014958.0,
    97110791.0,
    97906500.0
  ],
  "typical": {
    "estimate": 484.6281820199272,
    "lower_bound": 484.2780896418507,
    "unit": "ns",
    "upper_bound": 484.9742736033564
  },
  "median": {
    "estimate": 484.8195556632681,
    "lower_bound": 484.3460882951234,
    "unit": "ns",
    "upper_bound": 485.2237888402502
  },
  "slope": {
    "estimate": 484.6281820199272,
    "lower_bound": 484.2780896418507,
    "unit": "ns",
    "upper_bound": 484.9742736033564
  },
  "unit": "ns",
  "throughput": []
}