{
  "unit": "ns",
  "median": {
    "estimate": 505.0975898182024,
    "lower_bound": 503.98965169358627,
    "unit": "ns",
    "upper_bound": 505.7619183848567
  },
  "report_directory": "/Volumes/Files/_ranim/ranim-bench/ranim/target/criterion/reports/extract/circle",
  "typical": {
    "estimate": 505.7819840042109,
    "lower_bound": 504.6478825038709,
    "unit": "ns",
    "upper_bound": 507.17289155374846
  },
  "slope": {
    "estimate": 505.7819840042109,
    "lower_bound": 504.6478825038709,
    "unit": "ns",
    "upper_bound": 507.17289155374846
  },
  "change": {
    "change": "Improved",
    "mean": {
      "estimate": -0.025261275505434,
      "lower_bound": -0.0304333055347736,
      "unit": "%",
      "upper_bound": -0.01902345453989787
    },
    "median": {
      "estimate": -0.02908210575980119,
      "lower_bound": -0.033112050839378404,
      "unit": "%",
      "upper_bound": -0.024489118132312748
    }
  },
  "median_abs_dev": {
    "estimate": 3.0815867841690125,
    "lower_bound": 2.2831602069293786,
    "unit": "ns",
    "upper_bound": 3.885208832846206
  },
  "measured_values": [
    1026208.0,
    1998375.0,
    3118458.0,
    4417416.0,
    5912542.0,
    6014500.0,
    6830625.0,
    7719209.0,
    8804250.0,
    9729333.0,
    10668166.0,
    11682542.0,
    12738459.0,
    13944834.0,
    14892000.0,
    15886875.0,
    16963917.0,
    17868334.0,
    18885583.0,
    20118750.0,
    20952083.0,
    21850958.0,
    22886583.0,
    24085750.0,
    24678167.0,
    25722375.0,
    26481125.0,
    27834917.0,
    28669959.0,
    29942667.0,
    30663709.0,
    31643500.0,
    32715083.0,
    33605333.0,
    34547667.0,
    35623000.0,
    36708792.0,
    37587125.0,
    38691083.0,
    39448375.0,
    40418542.0,
    41421291.0,
    42856042.0,
    43881167.0,
    44340208.0,
    45618500.0,
    46556125.0,
    47787625.0,
    48746916.0,
    49643208.0,
    50455916.0,
    52011625.0,
    52835584.0,
    54110375.0,
    54708834.0,
    55452500.0,
    56656959.0,
    57439333.0,
    58328041.0,
    59540666.0,
    60788375.0,
    61219750.0,
    62421209.0,
    63255875.0,
    64301916.0,
    65001458.0,
    66207375.0,
    67161792.0,
    67944875.0,
    69020250.0,
    70091584.0,
    71398583.0,
    72457292.0,
    73526209.0,
    73986708.0,
    75449542.0,
    76543125.0,
    76870125.0,
    78348542.0,
    78852875.0,
    80051708.0,
    85340500.0,
    83623375.0,
    83008625.0,
    83347750.0,
    85392959.0,
    85879209.0,
    87191459.0,
    88502417.0,
    89918458.0,
    91415542.0,
    90957750.0,
    92368000.0,
    93181625.0,
    94717875.0,
    94520625.0,
    96061041.0,
    96804958.0,
    99633875.0,
    99788541.0
  ],
  "throughput": [],
  "iteration_count": [
    1963,
    3926,
    5889,
    7852,
    9815,
    11778,
    13741,
    15704,
    17667,
    19630,
    21593,
    23556,
    25519,
    27482,
    29445,
    31408,
    33371,
    35334,
    37297,
    39260,
    41223,
    43186,
    45149,
    47112,
    49075,
    51038,
    53001,
    54964,
    56927,
    58890,
    60853,
    62816,
    64779,
    66742,
    68705,
    70668,
    72631,
    74594,
    76557,
    78520,
    80483,
    82446,
    84409,
    86372,
    88335,
    90298,
    92261,
    94224,
    96187,
    98150,
    100113,
    102076,
    104039,
    106002,
    107965,
    109928,
    111891,
    113854,
    115817,
    117780,
    119743,
    121706,
    123669,
    125632,
    127595,
    129558,
    131521,
    133484,
    135447,
    137410,
    139373,
    141336,
    143299,
    145262,
    147225,
    149188,
    151151,
    153114,
    155077,
    157040,
    159003,
    160966,
    162929,
    164892,
    166855,
    168818,
    170781,
    172744,
    174707,
    176670,
    178633,
    180596,
    182559,
    184522,
    186485,
    188448,
    190411,
    192374,
    194337,
    196300
  ],
  "mean": {
    "estimate": 506.9547303672555,
    "lower_bound": 504.9135556632989,
    "unit": "ns",
    "upper_bound": 509.7037083362176
  }
}