{
  "iteration_count": [
    2863,
    5726,
    8589,
    11452,
    14315,
    17178,
    20041,
    22904,
    25767,
    28630,
    31493,
    34356,
    37219,
    40082,
    42945,
    45808,
    48671,
    51534,
    54397,
    57260,
    60123,
    62986,
    65849,
    68712,
    71575,
    74438,
    77301,
    80164,
    83027,
    85890,
    88753,
    91616,
    94479,
    97342,
    100205,
    103068,
    105931,
    108794,
    111657,
    114520,
    117383,
    120246,
    123109,
    125972,
    128835,
    131698,
    134561,
    137424,
    140287,
    143150,
    146013,
    148876,
    151739,
    154602,
    157465,
    160328,
    163191,
    166054,
    168917,
    171780,
    174643,
    177506,
    180369,
    183232,
    186095,
    188958,
    191821,
    194684,
    197547,
    200410,
    203273,
    206136,
    208999,
    211862,
    214725,
    217588,
    220451,
    223314,
    226177,
    229040,
    231903,
    234766,
    237629,
    240492,
    243355,
    246218,
    249081,
    251944,
    254807,
    257670,
    260533,
    263396,
    266259,
    269122,
    271985,
    274848,
    277711,
    280574,
    283437,
    286300
  ],
  "typical": {
    "estimate": 348.2889650215875,
    "lower_bound": 347.11114604592217,
    "unit": "ns",
    "upper_bound": 349.5780315931836
  },
  "mean": {
    "estimate": 348.37105714612875,
    "lower_bound": 347.4038356118908,
    "unit": "ns",
    "upper_bound": 349.4014433938008
  },
  "report_directory": "/Volumes/Files/_ranim/ranim-bench/ranim/target/criterion/reports/extract/rectangle",
  "change": {
    "change": "Improved",
    "mean": {
      "estimate": -0.021869956301231785,
      "lower_bound": -0.025391059747200604,
      "unit": "%",
      "upper_bound": -0.017838021858124078
    },
    "median": {
      "estimate": -0.024744871818398573,
      "lower_bound": -0.03015338179212227,
      "unit": "%",
      "upper_bound": -0.018066562817116716
    }
  },
  "throughput": [],
  "unit": "ns",
  "median_abs_dev": {
    "estimate": 4.759688809033188,
    "lower_bound": 3.0318597283775306,
    "unit": "ns",
    "upper_bound": 5.722249100112686
  },
  "measured_values": [
    1043208.0,
    2010500.0,
    2950458.0,
    3986000.0,
    4994666.0,
    5988125.0,
    7108417.0,
    8000000.0,
    9030834.0,
    9785500.0,
    11014291.0,
    12270583.0,
    13134000.0,
    14038875.0,
    14966875.0,
    16098958.0,
    17178542.0,
    18164833.0,
    18998916.0,
    19838583.0,
    20928292.0,
    21645542.0,
    22707500.0,
    23650000.0,
    24734416.0,
    25584792.0,
    26601375.0,
    27602250.0,
    29051666.0,
    29542250.0,
    30572417.0,
    31521709.0,
    32986209.0,
    33296292.0,
    34360000.0,
    35637292.0,
    36359750.0,
    37424583.0,
    38345084.0,
    39366625.0,
    40422958.0,
    41303583.0,
    43308500.0,
    44159917.0,
    45289000.0,
    46244042.0,
    47188375.0,
    49872583.0,
    51022000.0,
    49574083.0,
    50197333.0,
    51803334.0,
    52357500.0,
    52831875.0,
    54217000.0,
    55718584.0,
    58258042.0,
    57136000.0,
    58135333.0,
    59064125.0,
    61289250.0,
    62202416.0,
    63349250.0,
    63551041.0,
    64292167.0,
    65206167.0,
    66628625.0,
    68402958.0,
    69362166.0,
    70454958.0,
    71505042.0,
    72261959.0,
    73464500.0,
    75455625.0,
    76994250.0,
    74281625.0,
    76006000.0,
    78984875.0,
    82081125.0,
    82853750.0,
    79810625.0,
    80869583.0,
    81674750.0,
    82647458.0,
    83960625.0,
    84680542.0,
    86233250.0,
    86992459.0,
    87957333.0,
    91302791.0,
    91190667.0,
    90792958.0,
    93346250.0,
    93152875.0,
    95502000.0,
    95069958.0,
    96176500.0,
    97228834.0,
    97603125.0,
    99634584.0
  ],
  "slope": {
    "estimate": 348.2889650215875,
    "lower_bound": 347.11114604592217,
    "unit": "ns",
    "upper_bound": 349.5780315931836
  },
  "median": {
    "estimate": 347.0908322000068,
    "lower_bound": 345.5733985330073,
    "unit": "ns",
    "upper_bound": 349.13799892039503
  }
}