{
  "slope": {
    "estimate": 356.61852330776156,
    "lower_bound": 355.24228319862397,
    "unit": "ns",
    "upper_bound": 358.22005753448036
  },
  "unit": "ns",
  "mean": {
    "estimate": 358.18492606207855,
    "lower_bound": 356.80694182009887,
    "unit": "ns",
    "upper_bound": 359.65508728641953
  },
  "median": {
    "estimate": 355.5828907093986,
    "lower_bound": 354.86182974606385,
    "unit": "ns",
    "upper_bound": 355.8973772523269
  },
  "median_abs_dev": {
    "estimate": 4.337855422627543,
    "lower_bound": 2.897182669972616,
    "unit": "ns",
    "upper_bound": 5.040988897775597
  },
  "typical": {
    "estimate": 356.61852330776156,
    "lower_bound": 355.24228319862397,
    "unit": "ns",
    "upper_bound": 358.22005753448036
  },
  "change": {
    "change": "Improved",
    "mean": {
      "estimate": -0.01900298878990414,
      "lower_bound": -0.023351373546150977,
      "unit": "%",
      "upper_bound": -0.014594450362874182
    },
    "median": {
      "estimate": -0.02561216473123673,
      "lower_bound": -0.02834589020511924,
      "unit": "%",
      "upper_bound": -0.023304081650402982
    }
  },
  "iteration_count": [
    2777,
    5554,
    8331,
    11108,
    13885,
    16662,
    19439,
    22216,
    24993,
    27770,
    30547,
    33324,
    36101,
    38878,
    41655,
    44432,
    47209,
    49986,
    52763,
    55540,
    58317,
    61094,
    63871,
    66648,
    69425,
    72202,
    74979,
    77756,
    80533,
    83310,
    86087,
    88864,
    91641,
    94418,
    97195,
    99972,
    102749,
    105526,
    108303,
    111080,
    113857,
    116634,
    119411,
    122188,
    124965,
    127742,
    130519,
    133296,
    136073,
    138850,
    141627,
    144404,
    147181,
    149958,
    152735,
    155512,
    158289,
    161066,
    163843,
    166620,
    169397,
    172174,
    174951,
    177728,
    180505,
    183282,
    186059,
    188836,
    191613,
    194390,
    197167,
    199944,
    202721,
    205498,
    208275,
    211052,
    213829,
    216606,
    219383,
    222160,
    224937,
    227714,
    230491,
    233268,
    236045,
    238822,
    241599,
    244376,
    247153,
    249930,
    252707,
    255484,
    258261,
    261038,
    263815,
    266592,
    269369,
    272146,
    274923,
    277700
  ],
  "measured_values": [
    1011958.0,
    1992917.0,
    2916708.0,
    3891375.0,
    4885917.0,
    5902209.0,
    6837542.0,
    7900459.0,
    8964333.0,
    9861000.0,
    10732000.0,
    11718084.0,
    13259125.0,
    14506333.0,
    15622375.0,
    16533917.0,
    17531625.0,
    18643625.0,
    19648125.0,
    20629791.0,
    21653958.0,
    22688375.0,
    23759834.0,
    24788792.0,
    25788791.0,
    26429417.0,
    26626542.0,
    27410792.0,
    28474750.0,
    29338333.0,
    30314334.0,
    31321500.0,
    32614583.0,
    35121416.0,
    36137375.0,
    35737625.0,
    37266459.0,
    37462209.0,
    38523250.0,
    39652875.0,
    40527167.0,
    41421250.0,
    42544291.0,
    43480208.0,
    44225041.0,
    44859833.0,
    46255333.0,
    46546792.0,
    48129500.0,
    50263041.0,
    52856000.0,
    52183500.0,
    52343875.0,
    53156916.0,
    54508208.0,
    54922208.0,
    56452875.0,
    57412708.0,
    58246583.0,
    58765208.0,
    59893375.0,
    61016750.0,
    62880208.0,
    63184417.0,
    64177750.0,
    64452875.0,
    65600458.0,
    66611291.0,
    67640750.0,
    69663459.0,
    69482833.0,
    70479208.0,
    72030625.0,
    73085750.0,
    74074667.0,
    75057375.0,
    75639541.0,
    76489750.0,
    76973000.0,
    78059833.0,
    79617375.0,
    81200583.0,
    81792458.0,
    82255917.0,
    83177583.0,
    84329459.0,
    88223292.0,
    90586125.0,
    88012333.0,
    88828209.0,
    89053125.0,
    91088750.0,
    96158667.0,
    96744500.0,
    93172500.0,
    93943750.0,
    96478792.0,
    96548291.0,
    97779083.0,
    98768250.0
  ],
  "throughput": [],
  "report_directory": "/Volumes/Files/_ranim/ranim-bench/ranim/target/criterion/reports/extract/square"
}