{
  "change": {
    "change": "Improved",
    "mean": {
      "estimate": -0.023771896091102414,
      "lower_bound": -0.02412973926650806,
      "unit": "%",
      "upper_bound": -0.02338472345419767
    },
    "median": {
      "estimate": -0.0236112104307572,
      "lower_bound": -0.0239549478729818,
      "unit": "%",
      "upper_bound": -0.023297055485574925
    }
  },
  "mean": {
    "estimate": 294.9999162845509,
    "lower_bound": 294.91715055077776,
    "unit": "ns",
    "upper_bound": 295.09912660961317
  },
  "slope": {
    "estimate": 295.0648456878505,
    "lower_bound": 295.00838451499203,
    "unit": "ns",
    "upper_bound": 295.12528280137695
  },
  "median_abs_dev": {
    "estimate": 0.27979214290035065,
    "lower_bound": 0.1969214882040346,
    "unit": "ns",
    "upper_bound": 0.37139475138879136
  },
  "iteration_count": [
    3391,
    6782,
    10173,
    13564,
    16955,
    20346,
    23737,
    27128,
    30519,
    33910,
    37301,
    40692,
    44083,
    47474,
    50865,
    54256,
    57647,
    61038,
    64429,
    67820,
    71211,
    74602,
    77993,
    81384,
    84775,
    88166,
    91557,
    94948,
    98339,
    101730,
    105121,
    108512,
    111903,
    115294,
    118685,
    122076,
    125467,
    128858,
    132249,
    135640,
    139031,
    142422,
    145813,
    149204,
    152595,
    155986,
    159377,
    162768,
    166159,
    169550,
    172941,
    176332,
    179723,
    183114,
    186505,
    189896,
    193287,
    196678,
    200069,
    203460,
    206851,
    210242,
    213633,
    217024,
    220415,
    223806,
    227197,
    230588,
    233979,
    237370,
    240761,
    244152,
    247543,
    250934,
    254325,
    257716,
    261107,
    264498,
    267889,
    271280,
    274671,
    278062,
    281453,
    284844,
    288235,
    291626,
    295017,
    298408,
    301799,
    305190,
    308581,
    311972,
    315363,
    318754,
    322145,
    325536,
    328927,
    332318,
    335709,
    339100
  ],
  "unit": "ns",
  "throughput": [],
  "typical": {
    "estimate": 295.0648456878505,
    "lower_bound": 295.00838451499203,
    "unit": "ns",
    "upper_bound": 295.12528280137695
  },
  "report_directory": "/home/user/workspaces/ranim-bench/ranim/target/criterion/reports/extract/arc",
  "measured_values": [
    1003148.0,
    1998389.0,
    2995676.0,
    3997220.0,
    5000738.0,
    5990270.0,
    6995761.0,
    8002185.0,
    8998929.0,
    9993902.0,
    11002268.0,
    11991920.0,
    12979869.0,
    13989569.0,
    14994429.0,
    16187784.0,
    16991546.0,
    17951402.0,
    19012619.0,
    20064457.0,
    21044501.0,
    21981604.0,
    22978029.0,
    23977008.0,
    24977379.0,
    25972962.0,
    27016776.0,
    27973807.0,
    28986803.0,
    29974371.0,
    30980203.0,
    32006484.0,
    32999331.0,
    33958686.0,
    34973436.0,
    35957837.0,
    37024174.0,
    38075491.0,
    38966878.0,
    39974815.0,
    40950139.0,
    41950120.0,
    42984736.0,
    44020996.0,
    45003575.0,
    45938784.0,
    46994620.0,
    48070384.0,
    49037284.0,
    50036463.0,
    50989026.0,
    51992463.0,
    53023933.0,
    53995071.0,
    55000321.0,
    56017264.0,
    56996547.0,
    58079945.0,
    59187840.0,
    60019735.0,
    61061083.0,
    62033172.0,
    63131830.0,
    64057791.0,
    65006947.0,
    66107958.0,
    67104012.0,
    68049050.0,
    69014105.0,
    70077225.0,
    71030779.0,
    72026232.0,
    73035791.0,
    74229126.0,
    75059347.0,
    76029593.0,
    77030967.0,
    78200818.0,
    79097425.0,
    80075765.0,
    81052323.0,
    82056131.0,
    82967165.0,
    84076852.0,
    85048590.0,
    86186571.0,
    87019598.0,
    88028135.0,
    89039508.0,
    90069495.0,
    91055420.0,
    92033772.0,
    92972407.0,
    94017643.0,
    94956981.0,
    96044947.0,
    97125410.0,
    98006497.0,
    98986150.0,
    100066012.0
  ],
  "median": {
    "estimate": 294.9618764650543,
    "lower_bound": 294.89018835391744,
    "unit": "ns",
    "upper_bound": 295.0261005727672
  }
}