{
  "unit": "ns",
  "iteration_count": [
    5396,
    10792,
    16188,
    21584,
    26980,
    32376,
    37772,
    43168,
    48564,
    53960,
    59356,
    64752,
    70148,
    75544,
    80940,
    86336,
    91732,
    97128,
    102524,
    107920,
    113316,
    118712,
    124108,
    129504,
    134900,
    140296,
    145692,
    151088,
    156484,
    161880,
    167276,
    172672,
    178068,
    183464,
    188860,
    194256,
    199652,
    205048,
    210444,
    215840,
    221236,
    226632,
    232028,
    237424,
    242820,
    248216,
    253612,
    259008,
    264404,
    269800,
    275196,
    280592,
    285988,
    291384,
    296780,
    302176,
    307572,
    312968,
    318364,
    323760,
    329156,
    334552,
    339948,
    345344,
    350740,
    356136,
    361532,
    366928,
    372324,
    377720,
    383116,
    388512,
    393908,
    399304,
    404700,
    410096,
    415492,
    420888,
    426284,
    431680,
    437076,
    442472,
    447868,
    453264,
    458660,
    464056,
    469452,
    474848,
    480244,
    485640,
    491036,
    496432,
    501828,
    507224,
    512620,
    518016,
    523412,
    528808,
    534204,
    539600
  ],
  "mean": {
    "estimate": 181.6316345491785,
    "lower_bound": 181.4676309510949,
    "unit": "ns",
    "upper_bound": 181.78039469744763
  },
  "slope": {
    "estimate": 181.6857426350548,
    "lower_bound": 181.5864322890173,
    "unit": "ns",
    "upper_bound": 181.7938045883051
  },
  "change": {
    "change": "Regressed",
    "mean": {
      "estimate": 0.031230006154997048,
      "lower_bound": 0.03022278923378612,
      "unit": "%",
      "upper_bound": 0.0322564172245136
    },
    "median": {
      "estimate": 0.031970624273109705,
      "lower_bound": 0.031064605918179167,
      "unit": "%",
      "upper_bound": 0.032572227332186676
    }
  },
  "measured_values": [
    967621.0,
    1935552.0,
    2915144.0,
    3824145.0,
    4854834.0,
    5837082.0,
    6942632.0,
    7913849.0,
    8848738.0,
    9843520.0,
    10813705.0,
    11780615.0,
    12739929.0,
    13681140.0,
    14703924.0,
    15665564.0,
    16742950.0,
    17515594.0,
    18536995.0,
    19621877.0,
    20555864.0,
    21563890.0,
    22533194.0,
    23488952.0,
    24473645.0,
    25459419.0,
    26574879.0,
    27536658.0,
    28346151.0,
    29480204.0,
    30519579.0,
    31384106.0,
    32412251.0,
    33381354.0,
    34333926.0,
    35330331.0,
    36280930.0,
    37366271.0,
    38242550.0,
    39161028.0,
    40192008.0,
    41069408.0,
    42163737.0,
    43093567.0,
    44160114.0,
    45097667.0,
    46140710.0,
    47099964.0,
    48015427.0,
    49102522.0,
    50170972.0,
    51113285.0,
    52047452.0,
    53077090.0,
    53933391.0,
    54831521.0,
    56075100.0,
    56963833.0,
    57985464.0,
    58976129.0,
    59724175.0,
    60733755.0,
    62159307.0,
    62960284.0,
    63422865.0,
    64989541.0,
    65927657.0,
    66677528.0,
    67793707.0,
    68833294.0,
    69434574.0,
    70812236.0,
    71575753.0,
    72526913.0,
    73447935.0,
    74426636.0,
    75120252.0,
    76400771.0,
    77283421.0,
    78486514.0,
    79302630.0,
    80423600.0,
    81272366.0,
    82160206.0,
    83530805.0,
    84343895.0,
    85152045.0,
    86231647.0,
    87066387.0,
    88242199.0,
    88957614.0,
    90245297.0,
    90964540.0,
    92104074.0,
    92935729.0,
    94089640.0,
    95085133.0,
    96021064.0,
    97489576.0,
    97799840.0
  ],
  "throughput": [],
  "report_directory": "/home/user/workspaces/ranim-bench/ranim/target/criterion/reports/extract/rectangle",
  "median": {
    "estimate": 181.6950466081513,
    "lower_bound": 181.5984209683941,
    "unit": "ns",
    "upper_bound": 181.7717247780159
  },
  "median_abs_dev": {
    "estimate": 0.4637814770938124,
    "lower_bound": 0.336948757505333,
    "unit": "ns",
    "upper_bound": 0.6282168604603734
  },
  "typical": {
    "estimate": 181.6857426350548,
    "lower_bound": 181.5864322890173,
    "unit": "ns",
    "upper_bound": 181.7938045883051
  }
}