{
  "measured_values": [
    1034208.0,
    1992500.0,
    2949000.0,
    3947709.0,
    4901833.0,
    5934500.0,
    6930833.0,
    7867500.0,
    8829416.0,
    9897708.0,
    10816875.0,
    11830958.0,
    12802667.0,
    13796500.0,
    14621292.0,
    15860167.0,
    16766917.0,
    17824333.0,
    18734208.0,
    19728959.0,
    20744958.0,
    21718458.0,
    22720625.0,
    23720958.0,
    24706500.0,
    25672750.0,
    26661209.0,
    27661708.0,
    28650500.0,
    29668125.0,
    30575250.0,
    31617083.0,
    32570959.0,
    33536708.0,
    34576083.0,
    35538000.0,
    36545416.0,
    37511041.0,
    38578625.0,
    39441041.0,
    40530417.0,
    41441667.0,
    42453292.0,
    43419250.0,
    44483042.0,
    45371291.0,
    46438042.0,
    47371667.0,
    48327459.0,
    49353542.0,
    50252125.0,
    51677542.0,
    53219625.0,
    54172083.0,
    55259500.0,
    56188125.0,
    57134583.0,
    58209625.0,
    58917417.0,
    60231375.0,
    61403584.0,
    62531375.0,
    63019375.0,
    63267458.0,
    64300916.0,
    65629625.0,
    66552292.0,
    67863500.0,
    69488333.0,
    70537542.0,
    71523083.0,
    72692416.0,
    73539250.0,
    74483000.0,
    75547333.0,
    76462958.0,
    77797667.0,
    78632500.0,
    79093750.0,
    79018458.0,
    80210667.0,
    81085584.0,
    84674375.0,
    84456875.0,
    85335083.0,
    86438041.0,
    87435750.0,
    88713958.0,
    89464250.0,
    90717834.0,
    91587417.0,
    92545250.0,
    92839041.0,
    92964583.0,
    94065042.0,
    94954292.0,
    96059166.0,
    97023625.0,
    97940584.0,
    99035458.0
  ],
  "slope": {
    "estimate": 1073.5223982800785,
    "lower_bound": 1071.026838263355,
    "unit": "ns",
    "upper_bound": 1075.9720989171997
  },
  "typical": {
    "estimate": 1073.5223982800785,
    "lower_bound": 1071.026838263355,
    "unit": "ns",
    "upper_bound": 1075.9720989171997
  },
  "throughput": [],
  "mean": {
    "estimate": 1069.0391424319075,
    "lower_bound": 1066.988026482412,
    "unit": "ns",
    "upper_bound": 1071.2039586359963
  },
  "report_directory": "/Volumes/Files/_ranim/ranim-bench/ranim/target/criterion/reports/extract/polygon/40",
  "iteration_count": [
    930,
    1860,
    2790,
    3720,
    4650,
    5580,
    6510,
    7440,
    8370,
    9300,
    10230,
    11160,
    12090,
    13020,
    13950,
    14880,
    15810,
    16740,
    17670,
    18600,
    19530,
    20460,
    21390,
    22320,
    23250,
    24180,
    25110,
    26040,
    26970,
    27900,
    28830,
    29760,
    30690,
    31620,
    32550,
    33480,
    34410,
    35340,
    36270,
    37200,
    38130,
    39060,
    39990,
    40920,
    41850,
    42780,
    43710,
    44640,
    45570,
    46500,
    47430,
    48360,
    49290,
    50220,
    51150,
    52080,
    53010,
    53940,
    54870,
    55800,
    56730,
    57660,
    58590,
    59520,
    60450,
    61380,
    62310,
    63240,
    64170,
    65100,
    66030,
    66960,
    67890,
    68820,
    69750,
    70680,
    71610,
    72540,
    73470,
    74400,
    75330,
    76260,
    77190,
    78120,
    79050,
    79980,
    80910,
    81840,
    82770,
    83700,
    84630,
    85560,
    86490,
    87420,
    88350,
    89280,
    90210,
    91140,
    92070,
    93000
  ],
  "median_abs_dev": {
    "estimate": 5.104130979917829,
    "lower_bound": 3.167873922144688,
    "unit": "ns",
    "upper_bound": 10.782248926187767
  },
  "change": {
    "change": "Improved",
    "mean": {
      "estimate": -0.027843479461585052,
      "lower_bound": -0.03117882542390195,
      "unit": "%",
      "upper_bound": -0.024695546484413373
    },
    "median": {
      "estimate": -0.03196245378251972,
      "lower_bound": -0.03450236222647396,
      "unit": "%",
      "upper_bound": -0.028753325235615912
    }
  },
  "median": {
    "estimate": 1063.6776206231043,
    "lower_bound": 1062.766935483871,
    "unit": "ns",
    "upper_bound": 1065.355439737834
  },
  "unit": "ns"
}