{
  "throughput": [],
  "median": {
    "estimate": 363.9260276835172,
    "lower_bound": 363.8168536559894,
    "unit": "ns",
    "upper_bound": 364.0524123822544
  },
  "slope": {
    "estimate": 363.7975449364061,
    "lower_bound": 363.48339955748224,
    "unit": "ns",
    "upper_bound": 364.0532688234365
  },
  "change": {
    "change": "NoChange",
    "mean": {
      "estimate": -0.00188158287203688,
      "lower_bound": -0.005464291158118375,
      "unit": "%",
      "upper_bound": 0.0017760285235779432
    },
    "median": {
      "estimate": 0.0032328286846374787,
      "lower_bound": -0.0009877424697567472,
      "unit": "%",
      "upper_bound": 0.006353976113727233
    }
  },
  "iteration_count": [
    2764,
    5528,
    8292,
    11056,
    13820,
    16584,
    19348,
    22112,
    24876,
    27640,
    30404,
    33168,
    35932,
    38696,
    41460,
    44224,
    46988,
    49752,
    52516,
    55280,
    58044,
    60808,
    63572,
    66336,
    69100,
    71864,
    74628,
    77392,
    80156,
    82920,
    85684,
    88448,
    91212,
    93976,
    96740,
    99504,
    102268,
    105032,
    107796,
    110560,
    113324,
    116088,
    118852,
    121616,
    124380,
    127144,
    129908,
    132672,
    135436,
    138200,
    140964,
    143728,
    146492,
    149256,
    152020,
    154784,
    157548,
    160312,
    163076,
    165840,
    168604,
    171368,
    174132,
    176896,
    179660,
    182424,
    185188,
    187952,
    190716,
    193480,
    196244,
    199008,
    201772,
    204536,
    207300,
    210064,
    212828,
    215592,
    218356,
    221120,
    223884,
    226648,
    229412,
    232176,
    234940,
    237704,
    240468,
    243232,
    245996,
    248760,
    251524,
    254288,
    257052,
    259816,
    262580,
    265344,
    268108,
    270872,
    273636,
    276400
  ],
  "mean": {
    "estimate": 363.2485928974018,
    "lower_bound": 362.5313052715438,
    "unit": "ns",
    "upper_bound": 364.0087119986184
  },
  "measured_values": [
    1025750.0,
    2012625.0,
    2929375.0,
    3900583.0,
    4880833.0,
    5848250.0,
    6873750.0,
    7819041.0,
    8985333.0,
    9828708.0,
    10852958.0,
    12821542.0,
    13024250.0,
    13896916.0,
    15023958.0,
    15923042.0,
    16988750.0,
    18135625.0,
    19109583.0,
    20093875.0,
    21178792.0,
    22123625.0,
    23088209.0,
    24163291.0,
    25158334.0,
    26268250.0,
    27156084.0,
    28152125.0,
    29169416.0,
    30181708.0,
    31221542.0,
    32093208.0,
    33214209.0,
    34164791.0,
    35097291.0,
    36217667.0,
    37215958.0,
    38242292.0,
    39248500.0,
    40193334.0,
    41296875.0,
    42226166.0,
    43269167.0,
    44237500.0,
    45289334.0,
    46268208.0,
    47502959.0,
    48349333.0,
    49278500.0,
    50130583.0,
    51314875.0,
    52368625.0,
    53335250.0,
    54403208.0,
    55298125.0,
    56251750.0,
    56897542.0,
    58237958.0,
    59302334.0,
    60408417.0,
    61413209.0,
    62417000.0,
    63215292.0,
    64391666.0,
    65301708.0,
    66332959.0,
    67412083.0,
    68645625.0,
    69539083.0,
    70389833.0,
    71461875.0,
    72259625.0,
    73651292.0,
    74718584.0,
    75502416.0,
    76477041.0,
    77509292.0,
    78616375.0,
    79491541.0,
    80475292.0,
    81565875.0,
    82507166.0,
    83645791.0,
    84719625.0,
    85070375.0,
    86419666.0,
    87571541.0,
    88559750.0,
    89542459.0,
    90592750.0,
    91652292.0,
    92379917.0,
    92468541.0,
    94586125.0,
    94901916.0,
    96666541.0,
    97542209.0,
    98561416.0,
    99506000.0,
    100571791.0
  ],
  "report_directory": "/Volumes/Files/_ranim/ranim-bench/ranim/target/criterion/reports/extract/polygon/5",
  "unit": "ns",
  "typical": {
    "estimate": 363.7975449364061,
    "lower_bound": 363.48339955748224,
    "unit": "ns",
    "upper_bound": 364.0532688234365
  },
  "median_abs_dev": {
    "estimate": 0.5658407748222533,
    "lower_bound": 0.37660462737163114,
    "unit": "ns",
    "upper_bound": 0.820880734068983
  }
}