{
  "typical": {
    "estimate": 7663830.12,
    "lower_bound": 7636507.019357144,
    "unit": "ns",
    "upper_bound": 7689820.308821429
  },
  "measured_values": [
    105876583.0,
    104171375.0,
    107693959.0,
    107672750.0,
    107170834.0,
    107660625.0,
    107093417.0,
    104775583.0,
    107372542.0,
    105103000.0,
    104933333.0,
    109482666.0,
    108053667.0,
    108013792.0,
    107737625.0,
    108118417.0,
    107700583.0,
    107589084.0,
    107381625.0,
    104055875.0,
    104402959.0,
    107021500.0,
    107765500.0,
    107597417.0,
    108229375.0,
    108489708.0,
    108610583.0,
    108918708.0,
    105562708.0,
    106792333.0,
    108868291.0,
    107804500.0,
    108663750.0,
    108362750.0,
    108176292.0,
    107937709.0,
    107757000.0,
    106933917.0,
    110022291.0,
    105981167.0,
    107134750.0,
    107488292.0,
    108515833.0,
    108047542.0,
    107085958.0,
    107805875.0,
    106713875.0,
    104771750.0,
    107753958.0,
    107807458.0
  ],
  "slope": null,
  "report_directory": "/Volumes/Files/_ranim/ranim-bench/ranim/target/criterion/reports/gpu_render/submit/100",
  "median_abs_dev": {
    "estimate": 60285.797829714225,
    "lower_bound": 35741.24936546647,
    "unit": "ns",
    "upper_bound": 92971.30274942904
  },
  "throughput": [],
  "mean": {
    "estimate": 7663830.12,
    "lower_bound": 7636507.019357144,
    "unit": "ns",
    "upper_bound": 7689820.308821429
  },
  "change": null,
  "unit": "ns",
  "median": {
    "estimate": 7691668.178571429,
    "lower_bound": 7662587.821428572,
    "unit": "ns",
    "upper_bound": 7700321.428571428
  },
  "iteration_count": [
    14,
    14,
    14,
    14,
    14,
    14,
    14,
    14,
    14,
    14,
    14,
    14,
    14,
    14,
    14,
    14,
    14,
    14,
    14,
    14,
    14,
    14,
    14,
    14,
    14,
    14,
    14,
    14,
    14,
    14,
    14,
    14,
    14,
    14,
    14,
    14,
    14,
    14,
    14,
    14,
    14,
    14,
    14,
    14,
    14,
    14,
    14,
    14,
    14,
    14
  ]
}