{
  "report_directory": "/Volumes/Files/_ranim/ranim-bench/ranim/target/criterion/reports/gpu_render/submit/1600",
  "change": null,
  "unit": "ns",
  "typical": {
    "estimate": 69463692.53,
    "lower_bound": 69179263.12775001,
    "unit": "ns",
    "upper_bound": 69738826.574
  },
  "mean": {
    "estimate": 69463692.53,
    "lower_bound": 69179263.12775001,
    "unit": "ns",
    "upper_bound": 69738826.574
  },
  "throughput": [],
  "measured_values": [
    137383250.0,
    140117917.0,
    133664000.0,
    140912667.0,
    139253333.0,
    138773167.0,
    139644459.0,
    140966958.0,
    139680042.0,
    135992083.0,
    141023291.0,
    138609292.0,
    141468542.0,
    138617625.0,
    139555750.0,
    141676209.0,
    139579375.0,
    136099542.0,
    140055000.0,
    139526708.0,
    140651708.0,
    137151792.0,
    140833167.0,
    139104958.0,
    136662375.0,
    140674500.0,
    136490500.0,
    137889875.0,
    136197250.0,
    138712750.0,
    136055750.0,
    135822875.0,
    139605250.0,
    139707625.0,
    139051667.0,
    137205625.0,
    140699125.0,
    138705709.0,
    136453417.0,
    141345167.0,
    139832875.0,
    136876875.0,
    140045750.0,
    134828500.0,
    142232125.0,
    138883125.0,
    139334667.0,
    138348666.0,
    141697417.0,
    142668958.0
  ],
  "iteration_count": [
    2,
    2,
    2,
    2,
    2,
    2,
    2,
    2,
    2,
    2,
    2,
    2,
    2,
    2,
    2,
    2,
    2,
    2,
    2,
    2,
    2,
    2,
    2,
    2,
    2,
    2,
    2,
    2,
    2,
    2,
    2,
    2,
    2,
    2,
    2,
    2,
    2,
    2,
    2,
    2,
    2,
    2,
    2,
    2,
    2,
    2,
    2,
    2,
    2,
    2
  ],
  "median": {
    "estimate": 69647000.0,
    "lower_bound": 69332593.75,
    "unit": "ns",
    "upper_bound": 69846916.75
  },
  "median_abs_dev": {
    "estimate": 1041248.494014144,
    "lower_bound": 559171.8463227153,
    "unit": "ns",
    "upper_bound": 1490383.6235404017
  },
  "slope": null
}