{
  "change": null,
  "unit": "ns",
  "typical": {
    "estimate": 4864500.321904762,
    "lower_bound": 4848598.599666667,
    "unit": "ns",
    "upper_bound": 4881441.424833333
  },
  "measured_values": [
    104876667.0,
    102298042.0,
    102593667.0,
    101012417.0,
    101620041.0,
    101948875.0,
    104772250.0,
    102022708.0,
    100918750.0,
    101263959.0,
    102388000.0,
    101588375.0,
    101018041.0,
    101064500.0,
    104146708.0,
    102491375.0,
    101006000.0,
    101150084.0,
    102581042.0,
    105819291.0,
    103567875.0,
    101014833.0,
    102118959.0,
    103457084.0,
    100474708.0,
    100927667.0,
    102016459.0,
    102666042.0,
    101792250.0,
    101573792.0,
    102149833.0,
    102797792.0,
    103260416.0,
    100930459.0,
    101063542.0,
    100648333.0,
    100151416.0,
    100815583.0,
    101664084.0,
    103284875.0,
    103700375.0,
    103580459.0,
    103301417.0,
    102268917.0,
    100792167.0,
    100652667.0,
    102502584.0,
    102418125.0,
    103517250.0,
    102034583.0
  ],
  "iteration_count": [
    21,
    21,
    21,
    21,
    21,
    21,
    21,
    21,
    21,
    21,
    21,
    21,
    21,
    21,
    21,
    21,
    21,
    21,
    21,
    21,
    21,
    21,
    21,
    21,
    21,
    21,
    21,
    21,
    21,
    21,
    21,
    21,
    21,
    21,
    21,
    21,
    21,
    21,
    21,
    21,
    21,
    21,
    21,
    21,
    21,
    21,
    21,
    21,
    21,
    21
  ],
  "median": {
    "estimate": 4858506.928571429,
    "lower_bound": 4837541.666666667,
    "unit": "ns",
    "upper_bound": 4878080.357142857
  },
  "mean": {
    "estimate": 4864500.321904762,
    "lower_bound": 4848598.599666667,
    "unit": "ns",
    "upper_bound": 4881441.424833333
  },
  "report_directory": "/Volumes/Files/_ranim/ranim-bench/ranim/target/criterion/reports/gpu_render/submit/25",
  "median_abs_dev": {
    "estimate": 69742.49116182374,
    "lower_bound": 39047.69440676442,
    "unit": "ns",
    "upper_bound": 84731.75339571027
  },
  "throughput": [],
  "slope": null
}