{
  "report_directory": "E:\\_ranim\\ranim-bench\\ranim\\target\\criterion\\reports\\extract\\arc",
  "median": {
    "estimate": 1261.2576700388931,
    "lower_bound": 1258.1108745496233,
    "unit": "ns",
    "upper_bound": 1264.2868117797696
  },
  "change": {
    "change": "NoChange",
    "mean": {
      "estimate": -0.01978973581326815,
      "lower_bound": -0.032409830172964685,
      "unit": "%",
      "upper_bound": -0.007655704446067046
    },
    "median": {
      "estimate": -0.010695339202379197,
      "lower_bound": -0.018037475087402832,
      "unit": "%",
      "upper_bound": -0.006006808311241439
    }
  },
  "mean": {
    "estimate": 1273.1442570668548,
    "lower_bound": 1265.490333459339,
    "unit": "ns",
    "upper_bound": 1282.5282511997034
  },
  "typical": {
    "estimate": 1267.2020071042211,
    "lower_bound": 1262.082444935244,
    "unit": "ns",
    "upper_bound": 1273.1340187920289
  },
  "median_abs_dev": {
    "estimate": 16.600965735691968,
    "lower_bound": 11.53282560128984,
    "unit": "ns",
    "upper_bound": 20.06136652209175
  },
  "slope": {
    "estimate": 1267.2020071042211,
    "lower_bound": 1262.082444935244,
    "unit": "ns",
    "upper_bound": 1273.1340187920289
  },
  "iteration_count": [
    781,
    1562,
    2343,
    3124,
    3905,
    4686,
    5467,
    6248,
    7029,
    7810,
    8591,
    9372,
    10153,
    10934,
    11715,
    12496,
    13277,
    14058,
    14839,
    15620,
    16401,
    17182,
    17963,
    18744,
    19525,
    20306,
    21087,
    21868,
    22649,
    23430,
    24211,
    24992,
    25773,
    26554,
    27335,
    28116,
    28897,
    29678,
    30459,
    31240,
    32021,
    32802,
    33583,
    34364,
    35145,
    35926,
    36707,
    37488,
    38269,
    39050,
    39831,
    40612,
    41393,
    42174,
    42955,
    43736,
    44517,
    45298,
    46079,
    46860,
    47641,
    48422,
    49203,
    49984,
    50765,
    51546,
    52327,
    53108,
    53889,
    54670,
    55451,
    56232,
    57013,
    57794,
    58575,
    59356,
    60137,
    60918,
    61699,
    62480,
    63261,
    64042,
    64823,
    65604,
    66385,
    67166,
    67947,
    68728,
    69509,
    70290,
    71071,
    71852,
    72633,
    73414,
    74195,
    74976,
    75757,
    76538,
    77319,
    78100
  ],
  "measured_values": [
    966400.0,
    2053800.0,
    2920700.0,
    3904800.0,
    4965800.0,
    5926600.0,
    6791700.0,
    7857000.0,
    8731600.0,
    9735300.0,
    10689300.0,
    11775100.0,
    15494300.0,
    13683800.0,
    14641800.0,
    15614000.0,
    18368100.0,
    17600300.0,
    19457100.0,
    20154100.0,
    20533000.0,
    21550600.0,
    22437500.0,
    28631100.0,
    24685200.0,
    26348500.0,
    26933300.0,
    27807600.0,
    29616500.0,
    29488300.0,
    30425700.0,
    32069800.0,
    32295900.0,
    33491100.0,
    34293400.0,
    35549100.0,
    37312500.0,
    37763000.0,
    38546400.0,
    39432500.0,
    40939000.0,
    41311500.0,
    42270900.0,
    45069200.0,
    44096100.0,
    46347000.0,
    46224800.0,
    47774300.0,
    48016300.0,
    50074200.0,
    52590200.0,
    50730500.0,
    52497200.0,
    52651700.0,
    54223000.0,
    54927900.0,
    55792200.0,
    56442100.0,
    58303400.0,
    60372500.0,
    62457000.0,
    64286600.0,
    62109400.0,
    62523800.0,
    64715300.0,
    64994200.0,
    65410300.0,
    68368500.0,
    68059500.0,
    68188500.0,
    70053000.0,
    71033500.0,
    71518700.0,
    73146800.0,
    79399800.0,
    74806400.0,
    79647500.0,
    79169300.0,
    78641300.0,
    78420300.0,
    80235800.0,
    80676500.0,
    80655900.0,
    82818800.0,
    83164600.0,
    83557700.0,
    84599700.0,
    86674700.0,
    87492400.0,
    89580500.0,
    88885200.0,
    89479300.0,
    90588800.0,
    92594900.0,
    93860000.0,
    95645100.0,
    94661500.0,
    95687100.0,
    97645700.0,
    100823600.0
  ],
  "throughput": [],
  "unit": "ns"
}