{
  "report_directory": "E:\\_ranim\\ranim-bench\\ranim\\target\\criterion\\reports\\extract\\circle",
  "throughput": [],
  "typical": {
    "estimate": 1359.8380237507813,
    "lower_bound": 1354.8986058737032,
    "unit": "ns",
    "upper_bound": 1365.295515077375
  },
  "median": {
    "estimate": 1352.885258941676,
    "lower_bound": 1350.3363247227594,
    "unit": "ns",
    "upper_bound": 1357.199675308837
  },
  "unit": "ns",
  "change": {
    "change": "Improved",
    "mean": {
      "estimate": -0.04201706641449998,
      "lower_bound": -0.05816006285549855,
      "unit": "%",
      "upper_bound": -0.027839906565351024
    },
    "median": {
      "estimate": -0.02573988247934178,
      "lower_bound": -0.03555189424960381,
      "unit": "%",
      "upper_bound": -0.014975782751726396
    }
  },
  "slope": {
    "estimate": 1359.8380237507813,
    "lower_bound": 1354.8986058737032,
    "unit": "ns",
    "upper_bound": 1365.295515077375
  },
  "measured_values": [
    975700.0,
    1955300.0,
    2951200.0,
    3909000.0,
    5056000.0,
    5984600.0,
    6900000.0,
    7973100.0,
    8937400.0,
    9766100.0,
    10872500.0,
    11989800.0,
    12623400.0,
    13846200.0,
    14865500.0,
    16308300.0,
    18588900.0,
    17876400.0,
    18502800.0,
    19442300.0,
    20615200.0,
    21787900.0,
    22570900.0,
    24757800.0,
    24600100.0,
    25977800.0,
    26506700.0,
    30078700.0,
    29859700.0,
    29570900.0,
    30451800.0,
    31736800.0,
    32745900.0,
    34294800.0,
    34628900.0,
    35936600.0,
    36600800.0,
    36988400.0,
    38527300.0,
    39971900.0,
    40682600.0,
    43505400.0,
    42195900.0,
    42981300.0,
    45186000.0,
    45120700.0,
    46355300.0,
    47019600.0,
    49173500.0,
    49985500.0,
    49811800.0,
    53067500.0,
    51863200.0,
    52697800.0,
    53512100.0,
    54910200.0,
    55546900.0,
    60226600.0,
    58187200.0,
    63732700.0,
    59676900.0,
    61151600.0,
    62515400.0,
    62634800.0,
    64010300.0,
    64851800.0,
    65645900.0,
    67231000.0,
    68232700.0,
    68727300.0,
    69316800.0,
    70957400.0,
    71716400.0,
    72619000.0,
    73621000.0,
    77535700.0,
    76667300.0,
    76791800.0,
    78020900.0,
    77841500.0,
    83436400.0,
    80755300.0,
    81704800.0,
    83818900.0,
    86693700.0,
    85681100.0,
    85740600.0,
    86619700.0,
    87546400.0,
    88164900.0,
    90727800.0,
    92162000.0,
    91676200.0,
    95066900.0,
    94010700.0,
    95784100.0,
    94754900.0,
    95803200.0,
    98525100.0,
    98138000.0
  ],
  "iteration_count": [
    729,
    1458,
    2187,
    2916,
    3645,
    4374,
    5103,
    5832,
    6561,
    7290,
    8019,
    8748,
    9477,
    10206,
    10935,
    11664,
    12393,
    13122,
    13851,
    14580,
    15309,
    16038,
    16767,
    17496,
    18225,
    18954,
    19683,
    20412,
    21141,
    21870,
    22599,
    23328,
    24057,
    24786,
    25515,
    26244,
    26973,
    27702,
    28431,
    29160,
    29889,
    30618,
    31347,
    32076,
    32805,
    33534,
    34263,
    34992,
    35721,
    36450,
    37179,
    37908,
    38637,
    39366,
    40095,
    40824,
    41553,
    42282,
    43011,
    43740,
    44469,
    45198,
    45927,
    46656,
    47385,
    48114,
    48843,
    49572,
    50301,
    51030,
    51759,
    52488,
    53217,
    53946,
    54675,
    55404,
    56133,
    56862,
    57591,
    58320,
    59049,
    59778,
    60507,
    61236,
    61965,
    62694,
    63423,
    64152,
    64881,
    65610,
    66339,
    67068,
    67797,
    68526,
    69255,
    69984,
    70713,
    71442,
    72171,
    72900
  ],
  "mean": {
    "estimate": 1362.074634228803,
    "lower_bound": 1356.787343366721,
    "unit": "ns",
    "upper_bound": 1367.9988113364486
  },
  "median_abs_dev": {
    "estimate": 15.54494290993233,
    "lower_bound": 11.33605803152015,
    "unit": "ns",
    "upper_bound": 19.90033429461794
  }
}