{
  "iteration_count": [
    1009,
    2018,
    3027,
    4036,
    5045,
    6054,
    7063,
    8072,
    9081,
    10090,
    11099,
    12108,
    13117,
    14126,
    15135,
    16144,
    17153,
    18162,
    19171,
    20180,
    21189,
    22198,
    23207,
    24216,
    25225,
    26234,
    27243,
    28252,
    29261,
    30270,
    31279,
    32288,
    33297,
    34306,
    35315,
    36324,
    37333,
    38342,
    39351,
    40360,
    41369,
    42378,
    43387,
    44396,
    45405,
    46414,
    47423,
    48432,
    49441,
    50450,
    51459,
    52468,
    53477,
    54486,
    55495,
    56504,
    57513,
    58522,
    59531,
    60540,
    61549,
    62558,
    63567,
    64576,
    65585,
    66594,
    67603,
    68612,
    69621,
    70630,
    71639,
    72648,
    73657,
    74666,
    75675,
    76684,
    77693,
    78702,
    79711,
    80720,
    81729,
    82738,
    83747,
    84756,
    85765,
    86774,
    87783,
    88792,
    89801,
    90810,
    91819,
    92828,
    93837,
    94846,
    95855,
    96864,
    97873,
    98882,
    99891,
    100900
  ],
  "unit": "ns",
  "slope": {
    "estimate": 983.5355390959712,
    "lower_bound": 979.7144511595124,
    "unit": "ns",
    "upper_bound": 987.7514926202036
  },
  "measured_values": [
    1054100.0,
    1940700.0,
    2926000.0,
    3931500.0,
    4831700.0,
    5958100.0,
    6889900.0,
    8075000.0,
    9089800.0,
    9896100.0,
    10674800.0,
    11580900.0,
    12687800.0,
    13620600.0,
    14664800.0,
    15787400.0,
    16625500.0,
    17761400.0,
    18701400.0,
    19556700.0,
    20480400.0,
    21449900.0,
    23303100.0,
    23954600.0,
    24265100.0,
    25974000.0,
    26523300.0,
    29672100.0,
    28214700.0,
    29325300.0,
    31774000.0,
    32151200.0,
    32484300.0,
    33535700.0,
    34287200.0,
    35655500.0,
    36564300.0,
    37287600.0,
    38364100.0,
    39510300.0,
    39972300.0,
    41237600.0,
    42224800.0,
    43261500.0,
    44973400.0,
    46389800.0,
    46296300.0,
    47026400.0,
    48248300.0,
    49048200.0,
    50232400.0,
    51857600.0,
    54256500.0,
    54289100.0,
    53711200.0,
    55418900.0,
    55301100.0,
    57675000.0,
    58862800.0,
    58529900.0,
    60005600.0,
    61438000.0,
    62400500.0,
    63577500.0,
    65117200.0,
    65307000.0,
    66684600.0,
    66855900.0,
    67711700.0,
    70967800.0,
    72295700.0,
    71187400.0,
    71242300.0,
    72219700.0,
    73471800.0,
    75594800.0,
    76026500.0,
    76725500.0,
    78880300.0,
    82719600.0,
    79426600.0,
    80284900.0,
    82702100.0,
    82517800.0,
    85501400.0,
    84440300.0,
    86507100.0,
    91840200.0,
    87797600.0,
    87882900.0,
    90472400.0,
    92189400.0,
    91203400.0,
    94617500.0,
    93176000.0,
    95072000.0,
    98645500.0,
    97408500.0,
    98007600.0,
    97859800.0
  ],
  "change": {
    "change": "NoChange",
    "mean": {
      "estimate": -0.003029502782473048,
      "lower_bound": -0.009548801623037373,
      "unit": "%",
      "upper_bound": 0.0031697470742702454
    },
    "median": {
      "estimate": 0.00388735219496339,
      "lower_bound": -0.004859922071510425,
      "unit": "%",
      "upper_bound": 0.009236726522779293
    }
  },
  "report_directory": "E:\\_ranim\\ranim-bench\\ranim\\target\\criterion\\reports\\extract\\square",
  "throughput": [],
  "mean": {
    "estimate": 981.5923160514062,
    "lower_bound": 978.3744587275734,
    "unit": "ns",
    "upper_bound": 985.0739042451946
  },
  "median": {
    "estimate": 976.8938440146316,
    "lower_bound": 974.4458960266692,
    "unit": "ns",
    "upper_bound": 980.7829534192268
  },
  "typical": {
    "estimate": 983.5355390959712,
    "lower_bound": 979.7144511595124,
    "unit": "ns",
    "upper_bound": 987.7514926202036
  },
  "median_abs_dev": {
    "estimate": 12.088762917195226,
    "lower_bound": 8.625726868263406,
    "unit": "ns",
    "upper_bound": 15.076507413634578
  }
}