{
  "iteration_count": [
    2515,
    5030,
    7545,
    10060,
    12575,
    15090,
    17605,
    20120,
    22635,
    25150,
    27665,
    30180,
    32695,
    35210,
    37725,
    40240,
    42755,
    45270,
    47785,
    50300,
    52815,
    55330,
    57845,
    60360,
    62875,
    65390,
    67905,
    70420,
    72935,
    75450,
    77965,
    80480,
    82995,
    85510,
    88025,
    90540,
    93055,
    95570,
    98085,
    100600,
    103115,
    105630,
    108145,
    110660,
    113175,
    115690,
    118205,
    120720,
    123235,
    125750,
    128265,
    130780,
    133295,
    135810,
    138325,
    140840,
    143355,
    145870,
    148385,
    150900,
    153415,
    155930,
    158445,
    160960,
    163475,
    165990,
    168505,
    171020,
    173535,
    176050,
    178565,
    181080,
    183595,
    186110,
    188625,
    191140,
    193655,
    196170,
    198685,
    201200,
    203715,
    206230,
    208745,
    211260,
    213775,
    216290,
    218805,
    221320,
    223835,
    226350,
    228865,
    231380,
    233895,
    236410,
    238925,
    241440,
    243955,
    246470,
    248985,
    251500
  ],
  "change": {
    "change": "Improved",
    "mean": {
      "estimate": -0.01264823823889305,
      "lower_bound": -0.0136849295014889,
      "unit": "%",
      "upper_bound": -0.011602841857400202
    },
    "median": {
      "estimate": -0.012410447643357192,
      "lower_bound": -0.013943562838885535,
      "unit": "%",
      "upper_bound": -0.01124448976664627
    }
  },
  "typical": {
    "estimate": 390.62907600297433,
    "lower_bound": 390.17338477887057,
    "unit": "ns",
    "upper_bound": 391.0638243501094
  },
  "measured_values": [
    976242.0,
    1953647.0,
    2935229.0,
    3921481.0,
    4893084.0,
    5874576.0,
    6850337.0,
    7827200.0,
    8800146.0,
    9780618.0,
    10761438.0,
    11741147.0,
    12730354.0,
    13705023.0,
    14682908.0,
    15656256.0,
    16633910.0,
    17684733.0,
    18662118.0,
    19633641.0,
    20624591.0,
    21592247.0,
    22579019.0,
    23558127.0,
    24534880.0,
    25533625.0,
    26576954.0,
    27500426.0,
    28493179.0,
    29459664.0,
    30423102.0,
    31429200.0,
    32451951.0,
    33364442.0,
    34324143.0,
    35241354.0,
    36212858.0,
    37288537.0,
    38209255.0,
    39160450.0,
    40115422.0,
    41165634.0,
    42163778.0,
    43064598.0,
    44020802.0,
    45072226.0,
    46050892.0,
    47019540.0,
    47943093.0,
    48864453.0,
    49815687.0,
    50804965.0,
    51865295.0,
    52757419.0,
    53759680.0,
    54784114.0,
    55931999.0,
    56725356.0,
    57722618.0,
    58634128.0,
    59637181.0,
    60841955.0,
    61611457.0,
    62571588.0,
    63545116.0,
    64588475.0,
    65594573.0,
    66543814.0,
    67617241.0,
    68505496.0,
    69457473.0,
    70741135.0,
    71758454.0,
    72605784.0,
    73513396.0,
    74547046.0,
    75577511.0,
    76486136.0,
    77420549.0,
    78401180.0,
    79386759.0,
    80906628.0,
    81927915.0,
    82887796.0,
    83927608.0,
    85184420.0,
    85910639.0,
    86874058.0,
    87983812.0,
    88828776.0,
    89773940.0,
    90791560.0,
    91783602.0,
    92791785.0,
    93645105.0,
    94685128.0,
    95898206.0,
    95865303.0,
    96886069.0,
    97861540.0
  ],
  "throughput": [],
  "median": {
    "estimate": 389.65546001189705,
    "lower_bound": 389.2366657199659,
    "unit": "ns",
    "upper_bound": 390.02963086346784
  },
  "median_abs_dev": {
    "estimate": 0.97414209994742,
    "lower_bound": 0.6687382693368559,
    "unit": "ns",
    "upper_bound": 1.3390805100608862
  },
  "slope": {
    "estimate": 390.62907600297433,
    "lower_bound": 390.17338477887057,
    "unit": "ns",
    "upper_bound": 391.0638243501094
  },
  "report_directory": "/home/user/workspaces/ranim-bench/ranim/target/criterion/reports/extract/arc",
  "unit": "ns",
  "mean": {
    "estimate": 390.0044419821672,
    "lower_bound": 389.7569953007437,
    "unit": "ns",
    "upper_bound": 390.2667620984448
  }
}