{
  "throughput": [],
  "median_abs_dev": {
    "estimate": 5.2715641032857725,
    "lower_bound": 2.291823056257834,
    "unit": "ns",
    "upper_bound": 7.467804140834298
  },
  "mean": {
    "estimate": 460.5932175619645,
    "lower_bound": 459.6699635244431,
    "unit": "ns",
    "upper_bound": 461.5237236288624
  },
  "measured_values": [
    1004075.0,
    2005846.0,
    3014028.0,
    4012813.0,
    5022319.0,
    6022626.0,
    7023666.0,
    8026458.0,
    9030112.0,
    10044226.0,
    11035747.0,
    12041395.0,
    13042304.0,
    14033915.0,
    15047178.0,
    16047246.0,
    17034969.0,
    18230876.0,
    19249850.0,
    20246650.0,
    21234856.0,
    22287261.0,
    23212699.0,
    24150297.0,
    25132321.0,
    26230474.0,
    27165318.0,
    28155256.0,
    29092324.0,
    30088535.0,
    31193961.0,
    32225497.0,
    33166424.0,
    33373213.0,
    34360005.0,
    35385881.0,
    36355952.0,
    37327276.0,
    38287458.0,
    39283668.0,
    40293534.0,
    41277270.0,
    42360124.0,
    43313784.0,
    44285868.0,
    45178392.0,
    46160726.0,
    47165392.0,
    48127718.0,
    49382577.0,
    50363197.0,
    51347555.0,
    52297639.0,
    53259222.0,
    54333520.0,
    55201849.0,
    56204411.0,
    57251277.0,
    58196871.0,
    59159448.0,
    60222935.0,
    61286071.0,
    62250160.0,
    63217065.0,
    64129246.0,
    65154241.0,
    66187942.0,
    67192597.0,
    68169431.0,
    69101810.0,
    70101057.0,
    71070265.0,
    72054623.0,
    73076292.0,
    74007458.0,
    75026231.0,
    76242466.0,
    77061060.0,
    77985476.0,
    78981665.0,
    80043780.0,
    82372695.0,
    83375137.0,
    84531248.0,
    85424414.0,
    86404183.0,
    87408288.0,
    88380132.0,
    89538347.0,
    90406034.0,
    91379682.0,
    92500878.0,
    93496537.0,
    94461709.0,
    95464911.0,
    96567101.0,
    97495013.0,
    96253670.0,
    97225514.0,
    98478448.0
  ],
  "report_directory": "/home/user/workspaces/ranim-bench/ranim/target/criterion/reports/extract/circle",
  "typical": {
    "estimate": 459.9972271168977,
    "lower_bound": 458.7751658087175,
    "unit": "ns",
    "upper_bound": 461.14944504802025
  },
  "median": {
    "estimate": 457.80817034542537,
    "lower_bound": 457.0301018242618,
    "unit": "ns",
    "upper_bound": 464.2525346009844
  },
  "unit": "ns",
  "slope": {
    "estimate": 459.9972271168977,
    "lower_bound": 458.7751658087175,
    "unit": "ns",
    "upper_bound": 461.14944504802025
  },
  "iteration_count": [
    2161,
    4322,
    6483,
    8644,
    10805,
    12966,
    15127,
    17288,
    19449,
    21610,
    23771,
    25932,
    28093,
    30254,
    32415,
    34576,
    36737,
    38898,
    41059,
    43220,
    45381,
    47542,
    49703,
    51864,
    54025,
    56186,
    58347,
    60508,
    62669,
    64830,
    66991,
    69152,
    71313,
    73474,
    75635,
    77796,
    79957,
    82118,
    84279,
    86440,
    88601,
    90762,
    92923,
    95084,
    97245,
    99406,
    101567,
    103728,
    105889,
    108050,
    110211,
    112372,
    114533,
    116694,
    118855,
    121016,
    123177,
    125338,
    127499,
    129660,
    131821,
    133982,
    136143,
    138304,
    140465,
    142626,
    144787,
    146948,
    149109,
    151270,
    153431,
    155592,
    157753,
    159914,
    162075,
    164236,
    166397,
    168558,
    170719,
    172880,
    175041,
    177202,
    179363,
    181524,
    183685,
    185846,
    188007,
    190168,
    192329,
    194490,
    196651,
    198812,
    200973,
    203134,
    205295,
    207456,
    209617,
    211778,
    213939,
    216100
  ],
  "change": {
    "change": "Improved",
    "mean": {
      "estimate": -0.01772101335352838,
      "lower_bound": -0.02039043462025493,
      "unit": "%",
      "upper_bound": -0.015724867293295322
    },
    "median": {
      "estimate": -0.023473068110606565,
      "lower_bound": -0.026839236960453317,
      "unit": "%",
      "upper_bound": -0.0089153022015791
    }
  }
}