{
  "id": "eval/eval_transform_squares/10",
  "iteration_count": [
    946,
    1892,
    2838,
    3784,
    4730,
    5676,
    6622,
    7568,
    8514,
    9460
  ],
  "measured_values": [
    78493500.0,
    192701600.0,
    233733500.0,
    385954800.0,
    383897500.0,
    583353800.0,
    545594300.0,
    771262000.0,
    696089900.0,
    981031000.0
  ],
  "unit": "ns",
  "typical": {
    "estimate": 93882.38076933638,
    "lower_bound": 84797.4111683414,
    "upper_bound": 101462.16978336289,
    "unit": "ns"
  },
  "mean": {
    "estimate": 92288.10941642338,
    "lower_bound": 86102.71007416355,
    "upper_bound": 98484.12734697472,
    "unit": "ns"
  },
  "median": {
    "estimate": 92412.42071881608,
    "lower_bound": 82074.71727239169,
    "upper_bound": 102343.225863284,
    "unit": "ns"
  },
  "median_abs_dev": {
    "estimate": 14881.707315078083,
    "lower_bound": 108.06053719359856,
    "upper_bound": 15444.428858998972,
    "unit": "ns"
  }
}