{
  "id": "eval/eval_static_squares/100",
  "iteration_count": [
    8,
    16,
    24,
    32,
    40,
    48,
    56,
    64,
    72,
    80
  ],
  "measured_values": [
    99863500.0,
    202843500.0,
    338404300.0,
    427732800.0,
    501613800.0,
    590664700.0,
    681644500.0,
    807277200.0,
    849303500.0,
    928734500.0
  ],
  "unit": "ns",
  "typical": {
    "estimate": 12157323.83116883,
    "lower_bound": 11858123.78202849,
    "upper_bound": 12675603.294301614,
    "unit": "ns"
  },
  "mean": {
    "estimate": 12566433.765873017,
    "lower_bound": 12167843.285218254,
    "upper_bound": 13021406.02777778,
    "unit": "ns"
  },
  "median": {
    "estimate": 12511641.25,
    "lower_bound": 12050698.263888888,
    "upper_bound": 12990178.125,
    "unit": "ns"
  },
  "median_abs_dev": {
    "estimate": 404412.2806952461,
    "lower_bound": 96938.87265399098,
    "upper_bound": 1164410.3389109178,
    "unit": "ns"
  }
}