{
  "id": "eval/eval_static_squares/1000",
  "iteration_count": [
    1,
    2,
    3,
    4,
    5,
    6,
    7,
    8,
    9,
    10
  ],
  "measured_values": [
    1274420700.0,
    2820402900.0,
    3829393300.0,
    5013919800.0,
    6260826200.0,
    7673758700.0,
    8887891700.0,
    9934705800.0,
    11223459800.0,
    12670144000.0
  ],
  "unit": "ns",
  "typical": {
    "estimate": 1260288922.857143,
    "lower_bound": 1250485167.4486804,
    "upper_bound": 1272514886.2073092,
    "unit": "ns"
  },
  "mean": {
    "estimate": 1277129408.484127,
    "lower_bound": 1256236676.857143,
    "upper_bound": 1309580374.2063491,
    "unit": "ns"
  },
  "median": {
    "estimate": 1268356607.142857,
    "lower_bound": 1250265519.4444444,
    "upper_bound": 1276690241.6666665,
    "unit": "ns"
  },
  "median_abs_dev": {
    "estimate": 18888200.114667356,
    "lower_bound": 3364822.4152625785,
    "upper_bound": 35051388.890713334,
    "unit": "ns"
  }
}