{
  "throughput": [],
  "change": {
    "change": "NoChange",
    "mean": {
      "estimate": 0.007322534935918279,
      "lower_bound": 0.005553742503651349,
      "unit": "%",
      "upper_bound": 0.009043984929712638
    },
    "median": {
      "estimate": 0.008775542430571326,
      "lower_bound": 0.006760440085059161,
      "unit": "%",
      "upper_bound": 0.010662801327925964
    }
  },
  "report_directory": "/home/user/workspaces/ranim-bench/ranim/target/criterion/reports/extract/arc",
  "median": {
    "estimate": 393.49379061709226,
    "lower_bound": 393.1990156618564,
    "unit": "ns",
    "upper_bound": 393.8876244126244
  },
  "median_abs_dev": {
    "estimate": 1.542823103441827,
    "lower_bound": 0.9981560817009316,
    "unit": "ns",
    "upper_bound": 1.7949976008098136
  },
  "measured_values": [
    992211.0,
    2031541.0,
    2951276.0,
    3940371.0,
    4933374.0,
    5973715.0,
    6928957.0,
    7948018.0,
    8906436.0,
    9908715.0,
    10831547.0,
    11924367.0,
    12947305.0,
    13892799.0,
    14861205.0,
    15835704.0,
    16828335.0,
    17964567.0,
    18890463.0,
    19826409.0,
    20883993.0,
    21898425.0,
    22912868.0,
    23886484.0,
    24924591.0,
    25888029.0,
    26860262.0,
    27957590.0,
    28814368.0,
    29889785.0,
    30911111.0,
    31827549.0,
    32829960.0,
    33688049.0,
    34674190.0,
    35615955.0,
    36538917.0,
    37634452.0,
    38718565.0,
    39606330.0,
    40642805.0,
    41589340.0,
    42667973.0,
    43666036.0,
    44702018.0,
    45580006.0,
    46482538.0,
    47598502.0,
    48500924.0,
    49308819.0,
    50362346.0,
    51391666.0,
    52362487.0,
    53318591.0,
    54496340.0,
    55308523.0,
    56333626.0,
    57337098.0,
    58337945.0,
    59368839.0,
    60299235.0,
    61292788.0,
    62522154.0,
    63314560.0,
    64344362.0,
    65264117.0,
    66387174.0,
    67425261.0,
    68418554.0,
    69354700.0,
    70394991.0,
    71421987.0,
    72413487.0,
    73302185.0,
    74297701.0,
    75305732.0,
    76375980.0,
    77450455.0,
    78345054.0,
    79228581.0,
    80261498.0,
    81792711.0,
    82563015.0,
    83672286.0,
    86686811.0,
    85518679.0,
    86641455.0,
    87676115.0,
    88596412.0,
    89744346.0,
    90759119.0,
    91523833.0,
    92639125.0,
    93484791.0,
    94551412.0,
    95951589.0,
    96637125.0,
    97165816.0,
    98028564.0,
    99287857.0
  ],
  "iteration_count": [
    2520,
    5040,
    7560,
    10080,
    12600,
    15120,
    17640,
    20160,
    22680,
    25200,
    27720,
    30240,
    32760,
    35280,
    37800,
    40320,
    42840,
    45360,
    47880,
    50400,
    52920,
    55440,
    57960,
    60480,
    63000,
    65520,
    68040,
    70560,
    73080,
    75600,
    78120,
    80640,
    83160,
    85680,
    88200,
    90720,
    93240,
    95760,
    98280,
    100800,
    103320,
    105840,
    108360,
    110880,
    113400,
    115920,
    118440,
    120960,
    123480,
    126000,
    128520,
    131040,
    133560,
    136080,
    138600,
    141120,
    143640,
    146160,
    148680,
    151200,
    153720,
    156240,
    158760,
    161280,
    163800,
    166320,
    168840,
    171360,
    173880,
    176400,
    178920,
    181440,
    183960,
    186480,
    189000,
    191520,
    194040,
    196560,
    199080,
    201600,
    204120,
    206640,
    209160,
    211680,
    214200,
    216720,
    219240,
    221760,
    224280,
    226800,
    229320,
    231840,
    234360,
    236880,
    239400,
    241920,
    244440,
    246960,
    249480,
    252000
  ],
  "slope": {
    "estimate": 394.1855982604657,
    "lower_bound": 393.70493518748503,
    "unit": "ns",
    "upper_bound": 394.77153924849546
  },
  "unit": "ns",
  "typical": {
    "estimate": 394.1855982604657,
    "lower_bound": 393.70493518748503,
    "unit": "ns",
    "upper_bound": 394.77153924849546
  },
  "mean": {
    "estimate": 393.866639270959,
    "lower_bound": 393.5109069052891,
    "unit": "ns",
    "upper_bound": 394.2700054372957
  }
}