{
  "mean": {
    "estimate": 250.430519951839,
    "lower_bound": 250.15583670870416,
    "unit": "ns",
    "upper_bound": 250.7204165425926
  },
  "change": {
    "change": "NoChange",
    "mean": {
      "estimate": 0.001967793765865977,
      "lower_bound": 0.00031693836427358916,
      "unit": "%",
      "upper_bound": 0.003597757497132492
    },
    "median": {
      "estimate": -0.0011468270124245228,
      "lower_bound": -0.0032142969135745547,
      "unit": "%",
      "upper_bound": 0.0008053576724409428
    }
  },
  "report_directory": "/home/user/workspaces/ranim-bench/ranim/target/criterion/reports/extract/polygon/10",
  "median": {
    "estimate": 250.16545486002423,
    "lower_bound": 249.76583652867987,
    "unit": "ns",
    "upper_bound": 250.45415064572305
  },
  "median_abs_dev": {
    "estimate": 1.322256556641195,
    "lower_bound": 0.9950601002599466,
    "unit": "ns",
    "upper_bound": 1.6173346940761393
  },
  "unit": "ns",
  "typical": {
    "estimate": 250.51144481003425,
    "lower_bound": 250.18142346583136,
    "unit": "ns",
    "upper_bound": 250.8588458188589
  },
  "iteration_count": [
    3932,
    7864,
    11796,
    15728,
    19660,
    23592,
    27524,
    31456,
    35388,
    39320,
    43252,
    47184,
    51116,
    55048,
    58980,
    62912,
    66844,
    70776,
    74708,
    78640,
    82572,
    86504,
    90436,
    94368,
    98300,
    102232,
    106164,
    110096,
    114028,
    117960,
    121892,
    125824,
    129756,
    133688,
    137620,
    141552,
    145484,
    149416,
    153348,
    157280,
    161212,
    165144,
    169076,
    173008,
    176940,
    180872,
    184804,
    188736,
    192668,
    196600,
    200532,
    204464,
    208396,
    212328,
    216260,
    220192,
    224124,
    228056,
    231988,
    235920,
    239852,
    243784,
    247716,
    251648,
    255580,
    259512,
    263444,
    267376,
    271308,
    275240,
    279172,
    283104,
    287036,
    290968,
    294900,
    298832,
    302764,
    306696,
    310628,
    314560,
    318492,
    322424,
    326356,
    330288,
    334220,
    338152,
    342084,
    346016,
    349948,
    353880,
    357812,
    361744,
    365676,
    369608,
    373540,
    377472,
    381404,
    385336,
    389268,
    393200
  ],
  "measured_values": [
    981509.0,
    2013873.0,
    2927415.0,
    3900037.0,
    4898528.0,
    5922907.0,
    6851487.0,
    7860007.0,
    8862345.0,
    9843233.0,
    10764779.0,
    11842229.0,
    12802608.0,
    13696672.0,
    14756299.0,
    15778534.0,
    16684431.0,
    17640722.0,
    18601542.0,
    19677128.0,
    20573337.0,
    21588047.0,
    22608931.0,
    23547570.0,
    24499643.0,
    25523262.0,
    26463763.0,
    27465530.0,
    28499417.0,
    29383964.0,
    30340727.0,
    31366369.0,
    32332508.0,
    33726294.0,
    34749452.0,
    35739126.0,
    36788593.0,
    37754673.0,
    38733617.0,
    39891589.0,
    40835988.0,
    41778133.0,
    42665234.0,
    43790704.0,
    44639533.0,
    45703086.0,
    46530245.0,
    47386799.0,
    48370491.0,
    49223408.0,
    50261814.0,
    51183079.0,
    52119704.0,
    53102435.0,
    54163183.0,
    55228530.0,
    56175574.0,
    56991842.0,
    58100571.0,
    59024762.0,
    60318649.0,
    61260954.0,
    62074016.0,
    62951418.0,
    63939540.0,
    64615243.0,
    65576674.0,
    66668991.0,
    67753855.0,
    68627891.0,
    69576008.0,
    70404969.0,
    71411064.0,
    72472184.0,
    73352833.0,
    74627674.0,
    75349775.0,
    76602183.0,
    77445462.0,
    78378189.0,
    79456861.0,
    80535423.0,
    81324058.0,
    82451612.0,
    83387756.0,
    84257324.0,
    85557934.0,
    86883311.0,
    87903963.0,
    88824898.0,
    89839500.0,
    90712053.0,
    91762682.0,
    92863756.0,
    93688029.0,
    94697761.0,
    95724305.0,
    97376316.0,
    98588050.0,
    99509195.0
  ],
  "throughput": [],
  "slope": {
    "estimate": 250.51144481003425,
    "lower_bound": 250.18142346583136,
    "unit": "ns",
    "upper_bound": 250.8588458188589
  }
}