{
  "median": {
    "estimate": 405.40300218593194,
    "lower_bound": 404.7631165731085,
    "unit": "ns",
    "upper_bound": 406.0417758026557
  },
  "unit": "ns",
  "mean": {
    "estimate": 405.00611887232634,
    "lower_bound": 404.1632713012796,
    "unit": "ns",
    "upper_bound": 405.8305446678187
  },
  "slope": {
    "estimate": 403.46833350455057,
    "lower_bound": 402.7148587017183,
    "unit": "ns",
    "upper_bound": 404.2408850302912
  },
  "measured_values": [
    1031709.0,
    2043584.0,
    3043792.0,
    4025167.0,
    5107875.0,
    6099208.0,
    7056750.0,
    8069416.0,
    9091416.0,
    10145875.0,
    11051833.0,
    12099250.0,
    13128500.0,
    14142083.0,
    15164834.0,
    16183875.0,
    17174209.0,
    18162333.0,
    19193916.0,
    20224875.0,
    21145083.0,
    21974375.0,
    23084000.0,
    24065291.0,
    25026000.0,
    26130458.0,
    27064125.0,
    28041750.0,
    28997750.0,
    30005458.0,
    31058250.0,
    32001542.0,
    32937250.0,
    34035875.0,
    35001667.0,
    35950333.0,
    37050500.0,
    37873917.0,
    38910167.0,
    39730042.0,
    40566375.0,
    41047333.0,
    42057959.0,
    42940583.0,
    43974458.0,
    44938291.0,
    45887708.0,
    47701417.0,
    49497417.0,
    49638334.0,
    50621625.0,
    51637000.0,
    52751333.0,
    53593750.0,
    54602959.0,
    55547417.0,
    55628792.0,
    57323834.0,
    58455250.0,
    59708458.0,
    61072750.0,
    61427833.0,
    63513959.0,
    64501708.0,
    65551000.0,
    66731125.0,
    67102583.0,
    68306292.0,
    68987708.0,
    69965583.0,
    70962042.0,
    71972959.0,
    73005583.0,
    74161625.0,
    75121875.0,
    75748000.0,
    76634417.0,
    77234125.0,
    78434958.0,
    80285875.0,
    81193375.0,
    82180792.0,
    83098042.0,
    84199334.0,
    85203875.0,
    86244500.0,
    87217250.0,
    86954833.0,
    87995875.0,
    88898792.0,
    89939292.0,
    90885167.0,
    91971917.0,
    92919834.0,
    93755208.0,
    94889833.0,
    95737000.0,
    96809958.0,
    98828333.0,
    100068375.0
  ],
  "iteration_count": [
    2467,
    4934,
    7401,
    9868,
    12335,
    14802,
    17269,
    19736,
    22203,
    24670,
    27137,
    29604,
    32071,
    34538,
    37005,
    39472,
    41939,
    44406,
    46873,
    49340,
    51807,
    54274,
    56741,
    59208,
    61675,
    64142,
    66609,
    69076,
    71543,
    74010,
    76477,
    78944,
    81411,
    83878,
    86345,
    88812,
    91279,
    93746,
    96213,
    98680,
    101147,
    103614,
    106081,
    108548,
    111015,
    113482,
    115949,
    118416,
    120883,
    123350,
    125817,
    128284,
    130751,
    133218,
    135685,
    138152,
    140619,
    143086,
    145553,
    148020,
    150487,
    152954,
    155421,
    157888,
    160355,
    162822,
    165289,
    167756,
    170223,
    172690,
    175157,
    177624,
    180091,
    182558,
    185025,
    187492,
    189959,
    192426,
    194893,
    197360,
    199827,
    202294,
    204761,
    207228,
    209695,
    212162,
    214629,
    217096,
    219563,
    222030,
    224497,
    226964,
    229431,
    231898,
    234365,
    236832,
    239299,
    241766,
    244233,
    246700
  ],
  "report_directory": "/Volumes/Files/_ranim/ranim-bench/ranim/target/criterion/reports/extract/rectangle",
  "typical": {
    "estimate": 403.46833350455057,
    "lower_bound": 402.7148587017183,
    "unit": "ns",
    "upper_bound": 404.2408850302912
  },
  "median_abs_dev": {
    "estimate": 4.420353509314256,
    "lower_bound": 2.8875914230379065,
    "unit": "ns",
    "upper_bound": 5.25196406696179
  },
  "throughput": [],
  "change": {
    "change": "Regressed",
    "mean": {
      "estimate": 0.01907040432689744,
      "lower_bound": 0.01645492255418699,
      "unit": "%",
      "upper_bound": 0.021404998984305045
    },
    "median": {
      "estimate": 0.020809577310892505,
      "lower_bound": 0.0189150343619644,
      "unit": "%",
      "upper_bound": 0.02269416974116978
    }
  }
}