{
  "mean": {
    "estimate": 402.0886434633787,
    "lower_bound": 401.33965965249536,
    "unit": "ns",
    "upper_bound": 402.9195559766436
  },
  "median": {
    "estimate": 401.1457318645971,
    "lower_bound": 400.8900390999746,
    "unit": "ns",
    "upper_bound": 401.3699828779714
  },
  "unit": "ns",
  "measured_values": [
    984625.0,
    1946042.0,
    2940042.0,
    3975208.0,
    4886875.0,
    5875208.0,
    6893708.0,
    7824958.0,
    8806333.0,
    9849417.0,
    10789917.0,
    11810458.0,
    12719292.0,
    13757625.0,
    14681791.0,
    15745209.0,
    16657208.0,
    17595833.0,
    18618375.0,
    19558000.0,
    20609334.0,
    21527583.0,
    22351167.0,
    23280459.0,
    24410375.0,
    25289708.0,
    26195000.0,
    27258833.0,
    28230042.0,
    29228875.0,
    30092041.0,
    31128708.0,
    32270208.0,
    33397875.0,
    34296917.0,
    35324459.0,
    36093542.0,
    37008209.0,
    37968583.0,
    39009458.0,
    39975166.0,
    40902458.0,
    41897875.0,
    42834083.0,
    43761917.0,
    44798375.0,
    45730625.0,
    47058875.0,
    48033875.0,
    48955792.0,
    50062958.0,
    50877500.0,
    51995917.0,
    52876375.0,
    53848541.0,
    54628625.0,
    55801625.0,
    56804834.0,
    57717958.0,
    58764542.0,
    60649583.0,
    62529500.0,
    63470666.0,
    64532958.0,
    65490333.0,
    66647417.0,
    67645500.0,
    68599083.0,
    68080458.0,
    68512000.0,
    69696250.0,
    70502833.0,
    71421792.0,
    74393084.0,
    74119041.0,
    76146625.0,
    75774583.0,
    76420042.0,
    77310875.0,
    78137166.0,
    79324125.0,
    80322792.0,
    81225333.0,
    82314541.0,
    83211750.0,
    84212500.0,
    85156333.0,
    86240166.0,
    86792083.0,
    87487458.0,
    88477917.0,
    89763125.0,
    91086459.0,
    91969625.0,
    93220583.0,
    94365834.0,
    95151000.0,
    96000375.0,
    97054917.0,
    101280208.0
  ],
  "median_abs_dev": {
    "estimate": 1.598574386590759,
    "lower_bound": 0.9878009448886904,
    "unit": "ns",
    "upper_bound": 2.6305331214795276
  },
  "report_directory": "/Volumes/Files/_ranim/ranim-bench/ranim/target/criterion/reports/extract/square",
  "slope": {
    "estimate": 402.8514365319758,
    "lower_bound": 401.7603839384001,
    "unit": "ns",
    "upper_bound": 404.1115136181908
  },
  "iteration_count": [
    2441,
    4882,
    7323,
    9764,
    12205,
    14646,
    17087,
    19528,
    21969,
    24410,
    26851,
    29292,
    31733,
    34174,
    36615,
    39056,
    41497,
    43938,
    46379,
    48820,
    51261,
    53702,
    56143,
    58584,
    61025,
    63466,
    65907,
    68348,
    70789,
    73230,
    75671,
    78112,
    80553,
    82994,
    85435,
    87876,
    90317,
    92758,
    95199,
    97640,
    100081,
    102522,
    104963,
    107404,
    109845,
    112286,
    114727,
    117168,
    119609,
    122050,
    124491,
    126932,
    129373,
    131814,
    134255,
    136696,
    139137,
    141578,
    144019,
    146460,
    148901,
    151342,
    153783,
    156224,
    158665,
    161106,
    163547,
    165988,
    168429,
    170870,
    173311,
    175752,
    178193,
    180634,
    183075,
    185516,
    187957,
    190398,
    192839,
    195280,
    197721,
    200162,
    202603,
    205044,
    207485,
    209926,
    212367,
    214808,
    217249,
    219690,
    222131,
    224572,
    227013,
    229454,
    231895,
    234336,
    236777,
    239218,
    241659,
    244100
  ],
  "throughput": [],
  "change": {
    "change": "NoChange",
    "mean": {
      "estimate": -0.0015429090935502598,
      "lower_bound": -0.005663381835338505,
      "unit": "%",
      "upper_bound": 0.0027590276664930446
    },
    "median": {
      "estimate": 0.0032860765245754653,
      "lower_bound": -0.0020377093555586923,
      "unit": "%",
      "upper_bound": 0.010335178369717646
    }
  },
  "typical": {
    "estimate": 402.8514365319758,
    "lower_bound": 401.7603839384001,
    "unit": "ns",
    "upper_bound": 404.1115136181908
  }
}