{
  "throughput": [],
  "iteration_count": [
    728,
    1456,
    2184,
    2912,
    3640,
    4368,
    5096,
    5824,
    6552,
    7280,
    8008,
    8736,
    9464,
    10192,
    10920,
    11648,
    12376,
    13104,
    13832,
    14560,
    15288,
    16016,
    16744,
    17472,
    18200,
    18928,
    19656,
    20384,
    21112,
    21840,
    22568,
    23296,
    24024,
    24752,
    25480,
    26208,
    26936,
    27664,
    28392,
    29120,
    29848,
    30576,
    31304,
    32032,
    32760,
    33488,
    34216,
    34944,
    35672,
    36400,
    37128,
    37856,
    38584,
    39312,
    40040,
    40768,
    41496,
    42224,
    42952,
    43680,
    44408,
    45136,
    45864,
    46592,
    47320,
    48048,
    48776,
    49504,
    50232,
    50960,
    51688,
    52416,
    53144,
    53872,
    54600,
    55328,
    56056,
    56784,
    57512,
    58240,
    58968,
    59696,
    60424,
    61152,
    61880,
    62608,
    63336,
    64064,
    64792,
    65520,
    66248,
    66976,
    67704,
    68432,
    69160,
    69888,
    70616,
    71344,
    72072,
    72800
  ],
  "unit": "ns",
  "report_directory": "E:\\_ranim\\ranim-bench\\ranim\\target\\criterion\\reports\\extract\\circle",
  "median_abs_dev": {
    "estimate": 20.23777423390294,
    "lower_bound": 14.10142080228124,
    "unit": "ns",
    "upper_bound": 25.841168357937544
  },
  "change": {
    "change": "NoChange",
    "mean": {
      "estimate": -0.0007145816010497574,
      "lower_bound": -0.006572582434899662,
      "unit": "%",
      "upper_bound": 0.005226883194485174
    },
    "median": {
      "estimate": 0.00001788903825006294,
      "lower_bound": -0.004923359542794659,
      "unit": "%",
      "upper_bound": 0.004429395221622334
    }
  },
  "slope": {
    "estimate": 1366.494883459971,
    "lower_bound": 1359.2282857801936,
    "unit": "ns",
    "upper_bound": 1374.2312939947751
  },
  "measured_values": [
    991000.0,
    1935000.0,
    2936000.0,
    3936400.0,
    4927700.0,
    5770600.0,
    6831000.0,
    7726100.0,
    8810800.0,
    9780200.0,
    10888900.0,
    11748300.0,
    12588500.0,
    14173700.0,
    14581800.0,
    15563900.0,
    16552200.0,
    17701400.0,
    18593300.0,
    19445000.0,
    20823500.0,
    22029500.0,
    22668300.0,
    23876500.0,
    24701200.0,
    25671100.0,
    27871600.0,
    27718500.0,
    28116500.0,
    29538200.0,
    30462500.0,
    31441700.0,
    32111900.0,
    33038100.0,
    35314900.0,
    35335100.0,
    37780000.0,
    38227200.0,
    38024200.0,
    39914200.0,
    40350700.0,
    41205600.0,
    43315800.0,
    42892900.0,
    43654800.0,
    47857500.0,
    46521000.0,
    46711100.0,
    48573300.0,
    49472400.0,
    50504900.0,
    50881800.0,
    52058500.0,
    52362700.0,
    53921800.0,
    56547300.0,
    56536500.0,
    57241600.0,
    57402100.0,
    59997300.0,
    60099000.0,
    65709700.0,
    66087000.0,
    67154700.0,
    65272600.0,
    65555600.0,
    68527000.0,
    67489600.0,
    67858300.0,
    68296400.0,
    69978000.0,
    74040900.0,
    71099800.0,
    73820600.0,
    73593600.0,
    76554000.0,
    74807800.0,
    80568700.0,
    76985600.0,
    77885100.0,
    84565900.0,
    82209700.0,
    81416400.0,
    82332200.0,
    84693000.0,
    83775100.0,
    84938500.0,
    89106500.0,
    88461500.0,
    88444900.0,
    89098800.0,
    90186200.0,
    91047600.0,
    92784500.0,
    95145600.0,
    94694600.0,
    95093400.0,
    99414800.0,
    102689900.0,
    99785900.0
  ],
  "typical": {
    "estimate": 1366.494883459971,
    "lower_bound": 1359.2282857801936,
    "unit": "ns",
    "upper_bound": 1374.2312939947751
  },
  "median": {
    "estimate": 1352.9094607578213,
    "lower_bound": 1348.2562576312575,
    "unit": "ns",
    "upper_bound": 1359.131868131868
  },
  "mean": {
    "estimate": 1361.1013207559265,
    "lower_bound": 1355.8317796742117,
    "unit": "ns",
    "upper_bound": 1366.786839960405
  }
}