{
  "change": {
    "change": "NoChange",
    "mean": {
      "estimate": 0.012505483363923986,
      "lower_bound": 0.005654213839479084,
      "unit": "%",
      "upper_bound": 0.021891144090585256
    },
    "median": {
      "estimate": 0.009805094438870563,
      "lower_bound": 0.0030806771765850005,
      "unit": "%",
      "upper_bound": 0.01521531395591369
    }
  },
  "median_abs_dev": {
    "estimate": 17.728117552499974,
    "lower_bound": 13.194423033646144,
    "unit": "ns",
    "upper_bound": 22.024006942278103
  },
  "mean": {
    "estimate": 993.8676024299428,
    "lower_bound": 987.8655694112936,
    "unit": "ns",
    "upper_bound": 1001.0793253788124
  },
  "typical": {
    "estimate": 993.0841253240028,
    "lower_bound": 988.40094749829,
    "unit": "ns",
    "upper_bound": 998.1309993431925
  },
  "iteration_count": [
    1007,
    2014,
    3021,
    4028,
    5035,
    6042,
    7049,
    8056,
    9063,
    10070,
    11077,
    12084,
    13091,
    14098,
    15105,
    16112,
    17119,
    18126,
    19133,
    20140,
    21147,
    22154,
    23161,
    24168,
    25175,
    26182,
    27189,
    28196,
    29203,
    30210,
    31217,
    32224,
    33231,
    34238,
    35245,
    36252,
    37259,
    38266,
    39273,
    40280,
    41287,
    42294,
    43301,
    44308,
    45315,
    46322,
    47329,
    48336,
    49343,
    50350,
    51357,
    52364,
    53371,
    54378,
    55385,
    56392,
    57399,
    58406,
    59413,
    60420,
    61427,
    62434,
    63441,
    64448,
    65455,
    66462,
    67469,
    68476,
    69483,
    70490,
    71497,
    72504,
    73511,
    74518,
    75525,
    76532,
    77539,
    78546,
    79553,
    80560,
    81567,
    82574,
    83581,
    84588,
    85595,
    86602,
    87609,
    88616,
    89623,
    90630,
    91637,
    92644,
    93651,
    94658,
    95665,
    96672,
    97679,
    98686,
    99693,
    100700
  ],
  "median": {
    "estimate": 986.4723804119463,
    "lower_bound": 980.7067331955004,
    "unit": "ns",
    "upper_bound": 990.4005296259515
  },
  "throughput": [],
  "slope": {
    "estimate": 993.0841253240028,
    "lower_bound": 988.40094749829,
    "unit": "ns",
    "upper_bound": 998.1309993431925
  },
  "report_directory": "E:\\_ranim\\ranim-bench\\ranim\\target\\criterion\\reports\\extract\\square",
  "measured_values": [
    961700.0,
    2010700.0,
    2934900.0,
    3903400.0,
    4866600.0,
    6015400.0,
    6909600.0,
    7948000.0,
    8760400.0,
    12315200.0,
    10821100.0,
    11648100.0,
    12720200.0,
    13698200.0,
    14901800.0,
    15732000.0,
    16713600.0,
    18853800.0,
    18497900.0,
    19746900.0,
    20806000.0,
    21681800.0,
    22810500.0,
    23670200.0,
    24271100.0,
    25681700.0,
    26447300.0,
    28940700.0,
    29086800.0,
    30761900.0,
    30368800.0,
    34442700.0,
    32467700.0,
    33415000.0,
    34062700.0,
    35692400.0,
    36896300.0,
    39874600.0,
    43794200.0,
    40098100.0,
    41061100.0,
    43695600.0,
    42319500.0,
    44412900.0,
    44830200.0,
    45087800.0,
    46352600.0,
    46928500.0,
    48671800.0,
    48934100.0,
    50895100.0,
    52501700.0,
    55099800.0,
    58106000.0,
    55313000.0,
    54819200.0,
    57227400.0,
    58109300.0,
    59025100.0,
    59840000.0,
    60255700.0,
    62126800.0,
    62157500.0,
    67453400.0,
    63782400.0,
    65825900.0,
    65553000.0,
    68942700.0,
    67681700.0,
    68926300.0,
    70658800.0,
    72543600.0,
    72584200.0,
    72290300.0,
    74297700.0,
    76879900.0,
    77806100.0,
    79073700.0,
    79601500.0,
    79867100.0,
    83139500.0,
    83277900.0,
    81526300.0,
    84108100.0,
    86592000.0,
    84286900.0,
    86694400.0,
    86504900.0,
    88156900.0,
    88937300.0,
    90987800.0,
    93975600.0,
    95317500.0,
    93454300.0,
    92731500.0,
    95661300.0,
    95393900.0,
    95517600.0,
    102160700.0,
    98864600.0
  ],
  "unit": "ns"
}