{
  "change": {
    "change": "Improved",
    "mean": {
      "estimate": -0.2576714514809809,
      "lower_bound": -0.26391269803167533,
      "unit": "%",
      "upper_bound": -0.2519899906429753
    },
    "median": {
      "estimate": -0.2553211021575056,
      "lower_bound": -0.262890523172728,
      "unit": "%",
      "upper_bound": -0.24793560474598708
    }
  },
  "unit": "ns",
  "typical": {
    "estimate": 1252142380.92987,
    "lower_bound": 1249795134.0293398,
    "unit": "ns",
    "upper_bound": 1254969495.145038
  },
  "median": {
    "estimate": 1253371076.7063494,
    "lower_bound": 1246829707.275,
    "unit": "ns",
    "upper_bound": 1256427111.0
  },
  "report_directory": "/Volumes/Files/_ranim/ranim-bench/ranim/target/criterion/reports/render/static_squares/20",
  "measured_values": [
    1241111250.0,
    2512463167.0,
    3769281333.0,
    4979091125.0,
    6287010500.0,
    7493224291.0,
    8784274792.0,
    10051509917.0,
    11266611791.0,
    12488866333.0
  ],
  "throughput": [],
  "mean": {
    "estimate": 1251688306.7254364,
    "lower_bound": 1248247998.3417847,
    "unit": "ns",
    "upper_bound": 1254781755.0707676
  },
  "slope": {
    "estimate": 1252142380.92987,
    "lower_bound": 1249795134.0293398,
    "unit": "ns",
    "upper_bound": 1254969495.145038
  },
  "iteration_count": [
    1,
    2,
    3,
    4,
    5,
    6,
    7,
    8,
    9,
    10
  ],
  "median_abs_dev": {
    "estimate": 5262255.9957552,
    "lower_bound": 153564.83273617923,
    "unit": "ns",
    "upper_bound": 9911650.727043051
  }
}