{
  "throughput": [],
  "report_directory": "/Volumes/Files/_ranim/ranim-bench/ranim/target/criterion/reports/render/static_squares/40",
  "iteration_count": [
    1,
    2,
    3,
    4,
    5,
    6,
    7,
    8,
    9,
    10
  ],
  "typical": {
    "estimate": 4533599678.571428,
    "lower_bound": 4528919724.099099,
    "unit": "ns",
    "upper_bound": 4538446014.9939575
  },
  "median_abs_dev": {
    "estimate": 8154955.922194145,
    "lower_bound": 1918650.7136568576,
    "unit": "ns",
    "upper_bound": 13958559.007526416
  },
  "median": {
    "estimate": 4533220506.233334,
    "lower_bound": 4527050730.347222,
    "unit": "ns",
    "upper_bound": 4538160034.666667
  },
  "slope": {
    "estimate": 4533599678.571428,
    "lower_bound": 4528919724.099099,
    "unit": "ns",
    "upper_bound": 4538446014.9939575
  },
  "change": {
    "change": "Improved",
    "mean": {
      "estimate": -0.2072099849133101,
      "lower_bound": -0.21085011187467537,
      "unit": "%",
      "upper_bound": -0.20365442856726795
    },
    "median": {
      "estimate": -0.206629636182994,
      "lower_bound": -0.21223186210243927,
      "unit": "%",
      "upper_bound": -0.2011366824670099
    }
  },
  "measured_values": [
    4536305708.0,
    9054341792.0,
    13594288250.0,
    18103328917.0,
    22742507542.0,
    27228960208.0,
    31668993417.0,
    36316810792.0,
    40754423083.0,
    45350115958.0
  ],
  "unit": "ns",
  "mean": {
    "estimate": 4533442388.594206,
    "lower_bound": 4529238585.318214,
    "unit": "ns",
    "upper_bound": 4538040062.816112
  }
}