{
  "slope": {
    "estimate": 504.0446137565613,
    "lower_bound": 503.00843555325,
    "unit": "ns",
    "upper_bound": 505.1638329074592
  },
  "measured_values": [
    1026625.0,
    2048666.0,
    3140750.0,
    4205208.0,
    5134500.0,
    6107583.0,
    7009583.0,
    7865291.0,
    8893541.0,
    9880167.0,
    11424834.0,
    12293250.0,
    13277667.0,
    13804792.0,
    14861625.0,
    15875292.0,
    16852959.0,
    17811792.0,
    18782625.0,
    19767125.0,
    20595875.0,
    21660458.0,
    22724000.0,
    23625375.0,
    24634458.0,
    26030250.0,
    26642917.0,
    28167042.0,
    29122334.0,
    29712834.0,
    31001458.0,
    32207541.0,
    33108750.0,
    34847041.0,
    34992000.0,
    35614042.0,
    35920667.0,
    37244583.0,
    38735042.0,
    39632625.0,
    40704917.0,
    41265041.0,
    42558208.0,
    44642709.0,
    45089833.0,
    45513959.0,
    46791625.0,
    47878750.0,
    48954042.0,
    50721666.0,
    51289500.0,
    52960292.0,
    53099625.0,
    53650000.0,
    55153041.0,
    55443708.0,
    56857250.0,
    56540833.0,
    57928000.0,
    59416250.0,
    61178500.0,
    61635166.0,
    63272916.0,
    64492083.0,
    64800416.0,
    64999708.0,
    67562750.0,
    66801083.0,
    68450667.0,
    69709125.0,
    70250084.0,
    71770542.0,
    71977667.0,
    72093667.0,
    74692833.0,
    75832708.0,
    76073625.0,
    77185250.0,
    78522000.0,
    79320167.0,
    80064250.0,
    82928166.0,
    83249333.0,
    83943584.0,
    84236250.0,
    84520167.0,
    85542125.0,
    86873792.0,
    87614584.0,
    88762500.0,
    89643042.0,
    91578500.0,
    91559333.0,
    93212917.0,
    94243542.0,
    94894666.0,
    95039250.0,
    96423708.0,
    98780375.0,
    98482042.0
  ],
  "change": {
    "change": "Regressed",
    "mean": {
      "estimate": 0.045944773551075624,
      "lower_bound": 0.043044509766505944,
      "unit": "%",
      "upper_bound": 0.04921282113765768
    },
    "median": {
      "estimate": 0.04176330420456176,
      "lower_bound": 0.039405630399120595,
      "unit": "%",
      "upper_bound": 0.04614618667450232
    }
  },
  "iteration_count": [
    1968,
    3936,
    5904,
    7872,
    9840,
    11808,
    13776,
    15744,
    17712,
    19680,
    21648,
    23616,
    25584,
    27552,
    29520,
    31488,
    33456,
    35424,
    37392,
    39360,
    41328,
    43296,
    45264,
    47232,
    49200,
    51168,
    53136,
    55104,
    57072,
    59040,
    61008,
    62976,
    64944,
    66912,
    68880,
    70848,
    72816,
    74784,
    76752,
    78720,
    80688,
    82656,
    84624,
    86592,
    88560,
    90528,
    92496,
    94464,
    96432,
    98400,
    100368,
    102336,
    104304,
    106272,
    108240,
    110208,
    112176,
    114144,
    116112,
    118080,
    120048,
    122016,
    123984,
    125952,
    127920,
    129888,
    131856,
    133824,
    135792,
    137760,
    139728,
    141696,
    143664,
    145632,
    147600,
    149568,
    151536,
    153504,
    155472,
    157440,
    159408,
    161376,
    163344,
    165312,
    167280,
    169248,
    171216,
    173184,
    175152,
    177120,
    179088,
    181056,
    183024,
    184992,
    186960,
    188928,
    190896,
    192864,
    194832,
    196800
  ],
  "median": {
    "estimate": 504.0843334310059,
    "lower_bound": 503.0479168636163,
    "unit": "ns",
    "upper_bound": 506.0186193379791
  },
  "median_abs_dev": {
    "estimate": 5.428461371365457,
    "lower_bound": 3.985135111640692,
    "unit": "ns",
    "upper_bound": 6.696132197245191
  },
  "report_directory": "/Volumes/Files/_ranim/ranim-bench/ranim/target/criterion/reports/extract/arc",
  "unit": "ns",
  "typical": {
    "estimate": 504.0446137565613,
    "lower_bound": 503.00843555325,
    "unit": "ns",
    "upper_bound": 505.1638329074592
  },
  "throughput": [],
  "mean": {
    "estimate": 506.3210473202354,
    "lower_bound": 504.9140268784282,
    "unit": "ns",
    "upper_bound": 507.8356139841098
  }
}