{
  "unit": "ns",
  "change": {
    "change": "Regressed",
    "mean": {
      "estimate": 0.04238045476631558,
      "lower_bound": 0.03827508699682734,
      "unit": "%",
      "upper_bound": 0.04644963610172596
    },
    "median": {
      "estimate": 0.04993991951629906,
      "lower_bound": 0.04229439447348749,
      "unit": "%",
      "upper_bound": 0.05328485903761426
    }
  },
  "median": {
    "estimate": 371.64022627109534,
    "lower_bound": 371.151700960815,
    "unit": "ns",
    "upper_bound": 372.4049240010878
  },
  "throughput": [],
  "typical": {
    "estimate": 370.7541633450431,
    "lower_bound": 370.1406888664581,
    "unit": "ns",
    "upper_bound": 371.4292019927694
  },
  "median_abs_dev": {
    "estimate": 3.1425349184107185,
    "lower_bound": 2.31554855301572,
    "unit": "ns",
    "upper_bound": 3.8671301987075744
  },
  "report_directory": "/Volumes/Files/_ranim/ranim-bench/ranim/target/criterion/reports/extract/square",
  "mean": {
    "estimate": 372.27206109848225,
    "lower_bound": 371.5087782476901,
    "unit": "ns",
    "upper_bound": 373.07607887621015
  },
  "iteration_count": [
    2658,
    5316,
    7974,
    10632,
    13290,
    15948,
    18606,
    21264,
    23922,
    26580,
    29238,
    31896,
    34554,
    37212,
    39870,
    42528,
    45186,
    47844,
    50502,
    53160,
    55818,
    58476,
    61134,
    63792,
    66450,
    69108,
    71766,
    74424,
    77082,
    79740,
    82398,
    85056,
    87714,
    90372,
    93030,
    95688,
    98346,
    101004,
    103662,
    106320,
    108978,
    111636,
    114294,
    116952,
    119610,
    122268,
    124926,
    127584,
    130242,
    132900,
    135558,
    138216,
    140874,
    143532,
    146190,
    148848,
    151506,
    154164,
    156822,
    159480,
    162138,
    164796,
    167454,
    170112,
    172770,
    175428,
    178086,
    180744,
    183402,
    186060,
    188718,
    191376,
    194034,
    196692,
    199350,
    202008,
    204666,
    207324,
    209982,
    212640,
    215298,
    217956,
    220614,
    223272,
    225930,
    228588,
    231246,
    233904,
    236562,
    239220,
    241878,
    244536,
    247194,
    249852,
    252510,
    255168,
    257826,
    260484,
    263142,
    265800
  ],
  "measured_values": [
    1036958.0,
    2021834.0,
    3039792.0,
    3849917.0,
    4827417.0,
    5855750.0,
    6939959.0,
    7890750.0,
    9138958.0,
    9993917.0,
    11061667.0,
    11787750.0,
    12827083.0,
    13985125.0,
    14948833.0,
    15771083.0,
    16709625.0,
    18049167.0,
    19131625.0,
    19755666.0,
    20736625.0,
    21688917.0,
    22582583.0,
    23871250.0,
    24805208.0,
    26124250.0,
    26729375.0,
    27933333.0,
    28635792.0,
    29526042.0,
    30658500.0,
    32120959.0,
    32643375.0,
    33515583.0,
    34607583.0,
    35778084.0,
    36589125.0,
    37909209.0,
    38603083.0,
    39492083.0,
    40724208.0,
    42008042.0,
    42712041.0,
    44140125.0,
    44724583.0,
    45875958.0,
    46773000.0,
    48615667.0,
    48593750.0,
    49720875.0,
    50325041.0,
    52030208.0,
    52680000.0,
    53602625.0,
    54501000.0,
    55208917.0,
    56511875.0,
    57404208.0,
    58659375.0,
    59360666.0,
    59974709.0,
    61419083.0,
    61901041.0,
    63206583.0,
    64127167.0,
    65959125.0,
    66387541.0,
    66922542.0,
    67327667.0,
    68525083.0,
    70050375.0,
    69997417.0,
    72183791.0,
    72941292.0,
    73773166.0,
    74407250.0,
    75941209.0,
    77089750.0,
    77523000.0,
    78652834.0,
    79372916.0,
    80021875.0,
    81032208.0,
    82979916.0,
    83452709.0,
    85478291.0,
    85119125.0,
    86745166.0,
    87516084.0,
    88146667.0,
    88921875.0,
    91736708.0,
    91649333.0,
    91394750.0,
    93046917.0,
    94770041.0,
    95142792.0,
    96241791.0,
    97483792.0,
    98181334.0
  ],
  "slope": {
    "estimate": 370.7541633450431,
    "lower_bound": 370.1406888664581,
    "unit": "ns",
    "upper_bound": 371.4292019927694
  }
}