{
  "typical": {
    "estimate": 1108.1521027769636,
    "lower_bound": 1105.7303511770338,
    "unit": "ns",
    "upper_bound": 1110.5897374864016
  },
  "change": {
    "change": "Improved",
    "mean": {
      "estimate": -0.01780844090353073,
      "lower_bound": -0.02081161030323517,
      "unit": "%",
      "upper_bound": -0.014727539427175728
    },
    "median": {
      "estimate": -0.015622476274171126,
      "lower_bound": -0.01989998912156965,
      "unit": "%",
      "upper_bound": -0.013042589521421788
    }
  },
  "unit": "ns",
  "slope": {
    "estimate": 1108.1521027769636,
    "lower_bound": 1105.7303511770338,
    "unit": "ns",
    "upper_bound": 1110.5897374864016
  },
  "mean": {
    "estimate": 1108.9316991400046,
    "lower_bound": 1106.3394799074294,
    "unit": "ns",
    "upper_bound": 1111.5378029318158
  },
  "median": {
    "estimate": 1110.319457285677,
    "lower_bound": 1106.5907704450246,
    "unit": "ns",
    "upper_bound": 1112.570927280872
  },
  "iteration_count": [
    905,
    1810,
    2715,
    3620,
    4525,
    5430,
    6335,
    7240,
    8145,
    9050,
    9955,
    10860,
    11765,
    12670,
    13575,
    14480,
    15385,
    16290,
    17195,
    18100,
    19005,
    19910,
    20815,
    21720,
    22625,
    23530,
    24435,
    25340,
    26245,
    27150,
    28055,
    28960,
    29865,
    30770,
    31675,
    32580,
    33485,
    34390,
    35295,
    36200,
    37105,
    38010,
    38915,
    39820,
    40725,
    41630,
    42535,
    43440,
    44345,
    45250,
    46155,
    47060,
    47965,
    48870,
    49775,
    50680,
    51585,
    52490,
    53395,
    54300,
    55205,
    56110,
    57015,
    57920,
    58825,
    59730,
    60635,
    61540,
    62445,
    63350,
    64255,
    65160,
    66065,
    66970,
    67875,
    68780,
    69685,
    70590,
    71495,
    72400,
    73305,
    74210,
    75115,
    76020,
    76925,
    77830,
    78735,
    79640,
    80545,
    81450,
    82355,
    83260,
    84165,
    85070,
    85975,
    86880,
    87785,
    88690,
    89595,
    90500
  ],
  "report_directory": "/Volumes/Files/_ranim/ranim-bench/ranim/target/criterion/reports/extract/polygon/40",
  "measured_values": [
    1041666.0,
    2081917.0,
    3034125.0,
    4099417.0,
    5065167.0,
    6075333.0,
    7100583.0,
    7749875.0,
    8897875.0,
    9876250.0,
    10877542.0,
    12038500.0,
    12549750.0,
    13823750.0,
    14889292.0,
    15908167.0,
    16879791.0,
    18136958.0,
    19473000.0,
    20644292.0,
    21107791.0,
    22272625.0,
    23423834.0,
    23638625.0,
    25465375.0,
    26354500.0,
    27190042.0,
    28127292.0,
    28793666.0,
    29886541.0,
    30860041.0,
    32164125.0,
    33156583.0,
    33931500.0,
    34949083.0,
    36187666.0,
    37394625.0,
    38601291.0,
    39627250.0,
    40537209.0,
    41335333.0,
    42086334.0,
    42754250.0,
    43538792.0,
    45231292.0,
    46420375.0,
    46650583.0,
    47994625.0,
    49234541.0,
    50360125.0,
    50633334.0,
    52223583.0,
    53506292.0,
    54425208.0,
    55309792.0,
    55683625.0,
    57669458.0,
    58421875.0,
    58842125.0,
    59425916.0,
    60834584.0,
    61495917.0,
    62824958.0,
    64506209.0,
    65056792.0,
    67174875.0,
    67620541.0,
    68583042.0,
    69438541.0,
    70178334.0,
    71058958.0,
    71826292.0,
    73268208.0,
    74508875.0,
    74569542.0,
    76133084.0,
    77404375.0,
    78572666.0,
    78524209.0,
    80785875.0,
    81854417.0,
    82784875.0,
    83480584.0,
    83964083.0,
    84181625.0,
    85487250.0,
    87993417.0,
    87492084.0,
    89867625.0,
    90440250.0,
    89951500.0,
    93844000.0,
    93064709.0,
    93210250.0,
    94025333.0,
    95564167.0,
    98182458.0,
    99419541.0,
    99755958.0,
    100254083.0
  ],
  "throughput": [],
  "median_abs_dev": {
    "estimate": 12.17709006430426,
    "lower_bound": 8.60293463915609,
    "unit": "ns",
    "upper_bound": 14.778162564104266
  }
}