{
  "report_directory": "/Volumes/Files/_ranim/ranim-bench/ranim/target/criterion/reports/gpu_render/submit/1600",
  "throughput": [],
  "change": {
    "change": "Improved",
    "mean": {
      "estimate": -0.8894745720028187,
      "lower_bound": -0.8912897065312683,
      "unit": "%",
      "upper_bound": -0.8877637423906554
    },
    "median": {
      "estimate": -0.8878575259112791,
      "lower_bound": -0.8886919629396405,
      "unit": "%",
      "upper_bound": -0.8867106314306035
    }
  },
  "mean": {
    "estimate": 7677504.347142857,
    "lower_bound": 7547846.20307143,
    "unit": "ns",
    "upper_bound": 7790929.857571429
  },
  "unit": "ns",
  "typical": {
    "estimate": 7677504.347142857,
    "lower_bound": 7547846.20307143,
    "unit": "ns",
    "upper_bound": 7790929.857571429
  },
  "measured_values": [
    111374416.0,
    109288500.0,
    112199834.0,
    109765834.0,
    112038417.0,
    108814084.0,
    109062541.0,
    109494958.0,
    112428958.0,
    109402333.0,
    108774708.0,
    108314709.0,
    108714250.0,
    108584417.0,
    107620917.0,
    111526000.0,
    108531792.0,
    103801625.0,
    90396291.0,
    108539083.0,
    110362000.0,
    111293500.0,
    111558041.0,
    110754542.0,
    108501833.0,
    90527125.0,
    95563167.0,
    110693042.0,
    110290875.0,
    109998542.0,
    93460125.0,
    97586541.0,
    111493625.0,
    109897667.0,
    111468291.0,
    86996000.0,
    96533708.0,
    111366875.0,
    107295959.0,
    108779167.0,
    111450834.0,
    110597333.0,
    111199042.0,
    108996875.0,
    110468917.0,
    111919667.0,
    108500166.0,
    107999542.0,
    111412541.0,
    108613834.0
  ],
  "median": {
    "estimate": 7810386.892857143,
    "lower_bound": 7763876.5,
    "unit": "ns",
    "upper_bound": 7884278.285714285
  },
  "iteration_count": [
    14,
    14,
    14,
    14,
    14,
    14,
    14,
    14,
    14,
    14,
    14,
    14,
    14,
    14,
    14,
    14,
    14,
    14,
    14,
    14,
    14,
    14,
    14,
    14,
    14,
    14,
    14,
    14,
    14,
    14,
    14,
    14,
    14,
    14,
    14,
    14,
    14,
    14,
    14,
    14,
    14,
    14,
    14,
    14,
    14,
    14,
    14,
    14,
    14,
    14
  ],
  "median_abs_dev": {
    "estimate": 145969.96285851562,
    "lower_bound": 97862.6648125901,
    "unit": "ns",
    "upper_bound": 250323.2915058732
  },
  "slope": null
}