{
  "unit": "ns",
  "throughput": [],
  "measured_values": [
    97690417.0,
    119631458.0,
    125126166.0,
    121295875.0,
    124728958.0,
    124079750.0,
    123199125.0,
    125420833.0,
    125485833.0,
    124662000.0,
    123673791.0,
    125790125.0,
    124719041.0,
    126212875.0,
    138644625.0,
    118942542.0,
    121411583.0,
    123493875.0,
    124054292.0,
    124088500.0,
    123013042.0,
    122739833.0,
    103303292.0,
    126831209.0,
    125891375.0,
    98903709.0,
    105256167.0,
    129802709.0,
    124304625.0,
    127735417.0,
    125524083.0,
    126038125.0,
    125853083.0,
    134469041.0,
    120564459.0,
    126966958.0,
    119979792.0,
    120034041.0,
    121311833.0,
    119325750.0,
    122053917.0,
    119790750.0,
    98080458.0,
    114204958.0,
    93526209.0,
    111661250.0,
    124869833.0,
    124258084.0,
    122857417.0,
    123737750.0
  ],
  "iteration_count": [
    17,
    17,
    17,
    17,
    17,
    17,
    17,
    17,
    17,
    17,
    17,
    17,
    17,
    17,
    17,
    17,
    17,
    17,
    17,
    17,
    17,
    17,
    17,
    17,
    17,
    17,
    17,
    17,
    17,
    17,
    17,
    17,
    17,
    17,
    17,
    17,
    17,
    17,
    17,
    17,
    17,
    17,
    17,
    17,
    17,
    17,
    17,
    17,
    17,
    17
  ],
  "typical": {
    "estimate": 7112048.038823529,
    "lower_bound": 6957944.144117645,
    "unit": "ns",
    "upper_bound": 7250299.139205884
  },
  "mean": {
    "estimate": 7112048.038823529,
    "lower_bound": 6957944.144117645,
    "unit": "ns",
    "upper_bound": 7250299.139205884
  },
  "median_abs_dev": {
    "estimate": 201744.44257126143,
    "lower_bound": 121086.2073561726,
    "unit": "ns",
    "upper_bound": 291476.0391849716
  },
  "slope": null,
  "median": {
    "estimate": 7276810.029411765,
    "lower_bound": 7179642.176470588,
    "unit": "ns",
    "upper_bound": 7333058.823529412
  },
  "report_directory": "/Volumes/Files/_ranim/ranim-bench/ranim/target/criterion/reports/gpu_render/submit/25",
  "change": {
    "change": "Regressed",
    "mean": {
      "estimate": 0.4620305413072128,
      "lower_bound": 0.4293668346852604,
      "unit": "%",
      "upper_bound": 0.4925801680641185
    },
    "median": {
      "estimate": 0.49774614637657866,
      "lower_bound": 0.481299521645604,
      "unit": "%",
      "upper_bound": 0.510148271737282
    }
  }
}