{
  "median": {
    "estimate": 816.3761030974201,
    "lower_bound": 812.7039196582477,
    "unit": "ns",
    "upper_bound": 817.4124313558
  },
  "unit": "ns",
  "report_directory": "/Volumes/Files/_ranim/ranim-bench/ranim/target/criterion/reports/extract/polygon/20",
  "slope": {
    "estimate": 815.610388458319,
    "lower_bound": 814.6159225306169,
    "unit": "ns",
    "upper_bound": 816.5829322340726
  },
  "iteration_count": [
    1213,
    2426,
    3639,
    4852,
    6065,
    7278,
    8491,
    9704,
    10917,
    12130,
    13343,
    14556,
    15769,
    16982,
    18195,
    19408,
    20621,
    21834,
    23047,
    24260,
    25473,
    26686,
    27899,
    29112,
    30325,
    31538,
    32751,
    33964,
    35177,
    36390,
    37603,
    38816,
    40029,
    41242,
    42455,
    43668,
    44881,
    46094,
    47307,
    48520,
    49733,
    50946,
    52159,
    53372,
    54585,
    55798,
    57011,
    58224,
    59437,
    60650,
    61863,
    63076,
    64289,
    65502,
    66715,
    67928,
    69141,
    70354,
    71567,
    72780,
    73993,
    75206,
    76419,
    77632,
    78845,
    80058,
    81271,
    82484,
    83697,
    84910,
    86123,
    87336,
    88549,
    89762,
    90975,
    92188,
    93401,
    94614,
    95827,
    97040,
    98253,
    99466,
    100679,
    101892,
    103105,
    104318,
    105531,
    106744,
    107957,
    109170,
    110383,
    111596,
    112809,
    114022,
    115235,
    116448,
    117661,
    118874,
    120087,
    121300
  ],
  "mean": {
    "estimate": 816.3281432620538,
    "lower_bound": 815.1999594144643,
    "unit": "ns",
    "upper_bound": 817.4821165016309
  },
  "throughput": [],
  "measured_values": [
    1016458.0,
    1988375.0,
    2955917.0,
    3922958.0,
    4907583.0,
    5989292.0,
    6917542.0,
    7880250.0,
    8940708.0,
    9817709.0,
    10902375.0,
    11870500.0,
    12762208.0,
    13839125.0,
    14758875.0,
    15678083.0,
    16743791.0,
    17717000.0,
    18694083.0,
    19952125.0,
    20899541.0,
    21968334.0,
    22979875.0,
    23939792.0,
    25106625.0,
    26029500.0,
    26904542.0,
    27953000.0,
    28991542.0,
    29918583.0,
    31136417.0,
    31975334.0,
    33021666.0,
    33884500.0,
    35000459.0,
    35969042.0,
    36939583.0,
    37970291.0,
    38977875.0,
    39989000.0,
    40618917.0,
    41335292.0,
    42319500.0,
    43313875.0,
    44256958.0,
    45221292.0,
    46810208.0,
    47784542.0,
    48844375.0,
    49821709.0,
    50463792.0,
    50863916.0,
    52072792.0,
    53069167.0,
    54219542.0,
    55113292.0,
    56029334.0,
    57059083.0,
    57977542.0,
    59201667.0,
    60272292.0,
    61018500.0,
    61903000.0,
    62851750.0,
    63959625.0,
    64920333.0,
    65937834.0,
    66890542.0,
    67827291.0,
    68850833.0,
    69834083.0,
    70780417.0,
    71705542.0,
    72669875.0,
    73605666.0,
    74687625.0,
    75897458.0,
    77321458.0,
    78298083.0,
    79353167.0,
    80369708.0,
    81340625.0,
    82278625.0,
    83277416.0,
    84297375.0,
    85199666.0,
    86306042.0,
    87343917.0,
    88731167.0,
    89711833.0,
    90304583.0,
    91865375.0,
    92305209.0,
    93020625.0,
    94118334.0,
    95024125.0,
    95984041.0,
    96583875.0,
    98132833.0,
    99101709.0
  ],
  "median_abs_dev": {
    "estimate": 7.763984237250062,
    "lower_bound": 4.936204068141432,
    "unit": "ns",
    "upper_bound": 8.726170445092471
  },
  "change": {
    "change": "Regressed",
    "mean": {
      "estimate": 0.019488445551526956,
      "lower_bound": 0.0172939806642034,
      "unit": "%",
      "upper_bound": 0.021738642047527068
    },
    "median": {
      "estimate": 0.019202379633997513,
      "lower_bound": 0.014847426042719604,
      "unit": "%",
      "upper_bound": 0.021256089449908533
    }
  },
  "typical": {
    "estimate": 815.610388458319,
    "lower_bound": 814.6159225306169,
    "unit": "ns",
    "upper_bound": 816.5829322340726
  }
}