{
  "median": {
    "estimate": 1288937638.8888888,
    "lower_bound": 1264731200.0,
    "unit": "ns",
    "upper_bound": 1297649660.0
  },
  "report_directory": "E:\\_ranim\\ranim-bench\\ranim\\target\\criterion\\reports\\render\\transform_squares\\10",
  "slope": {
    "estimate": 1289902696.3636365,
    "lower_bound": 1284382557.142857,
    "unit": "ns",
    "upper_bound": 1297645467.101656
  },
  "median_abs_dev": {
    "estimate": 13655242.222654402,
    "lower_bound": 1972389.2299831505,
    "unit": "ns",
    "upper_bound": 38254785.82084197
  },
  "iteration_count": [
    1,
    2,
    3,
    4,
    5,
    6,
    7,
    8,
    9,
    10
  ],
  "measured_values": [
    1264731200.0,
    2524223100.0,
    3794070400.0,
    5306631000.0,
    6488248300.0,
    7743079000.0,
    9035418800.0,
    10389170300.0,
    11586259000.0,
    12815328500.0
  ],
  "throughput": [],
  "change": {
    "change": "NoChange",
    "mean": {
      "estimate": 0.011875202262097597,
      "lower_bound": 0.003705734001352381,
      "unit": "%",
      "upper_bound": 0.021500476213788183
    },
    "median": {
      "estimate": 0.012812580272729024,
      "lower_bound": -0.00532897564868362,
      "unit": "%",
      "upper_bound": 0.01984932286754515
    }
  },
  "unit": "ns",
  "typical": {
    "estimate": 1289902696.3636365,
    "lower_bound": 1284382557.142857,
    "unit": "ns",
    "upper_bound": 1297645467.101656
  },
  "mean": {
    "estimate": 1286466882.2896826,
    "lower_bound": 1275333195.684127,
    "unit": "ns",
    "upper_bound": 1298404224.3521824
  }
}