{
  "throughput": [],
  "mean": {
    "estimate": 856.7102438275222,
    "lower_bound": 854.8332110512273,
    "unit": "ns",
    "upper_bound": 858.4201909577715
  },
  "iteration_count": [
    1145,
    2290,
    3435,
    4580,
    5725,
    6870,
    8015,
    9160,
    10305,
    11450,
    12595,
    13740,
    14885,
    16030,
    17175,
    18320,
    19465,
    20610,
    21755,
    22900,
    24045,
    25190,
    26335,
    27480,
    28625,
    29770,
    30915,
    32060,
    33205,
    34350,
    35495,
    36640,
    37785,
    38930,
    40075,
    41220,
    42365,
    43510,
    44655,
    45800,
    46945,
    48090,
    49235,
    50380,
    51525,
    52670,
    53815,
    54960,
    56105,
    57250,
    58395,
    59540,
    60685,
    61830,
    62975,
    64120,
    65265,
    66410,
    67555,
    68700,
    69845,
    70990,
    72135,
    73280,
    74425,
    75570,
    76715,
    77860,
    79005,
    80150,
    81295,
    82440,
    83585,
    84730,
    85875,
    87020,
    88165,
    89310,
    90455,
    91600,
    92745,
    93890,
    95035,
    96180,
    97325,
    98470,
    99615,
    100760,
    101905,
    103050,
    104195,
    105340,
    106485,
    107630,
    108775,
    109920,
    111065,
    112210,
    113355,
    114500
  ],
  "median": {
    "estimate": 857.6980349344979,
    "lower_bound": 856.267600521749,
    "unit": "ns",
    "upper_bound": 858.9610430264044
  },
  "slope": {
    "estimate": 858.6702042496239,
    "lower_bound": 857.1609271991657,
    "unit": "ns",
    "upper_bound": 860.1346392508906
  },
  "typical": {
    "estimate": 858.6702042496239,
    "lower_bound": 857.1609271991657,
    "unit": "ns",
    "upper_bound": 860.1346392508906
  },
  "report_directory": "/Volumes/Files/_ranim/ranim-bench/ranim/target/criterion/reports/extract/polygon/20",
  "median_abs_dev": {
    "estimate": 7.04479978461608,
    "lower_bound": 5.324414033951747,
    "unit": "ns",
    "upper_bound": 8.371524890561824
  },
  "change": {
    "change": "Regressed",
    "mean": {
      "estimate": 0.04696280248165596,
      "lower_bound": 0.044119354708310375,
      "unit": "%",
      "upper_bound": 0.04961524870983144
    },
    "median": {
      "estimate": 0.04939483590503291,
      "lower_bound": 0.04679915218745562,
      "unit": "%",
      "upper_bound": 0.05166499056405294
    }
  },
  "measured_values": [
    922041.0,
    2006167.0,
    2946292.0,
    3864708.0,
    4790000.0,
    5958125.0,
    6847333.0,
    7767417.0,
    8886292.0,
    9681417.0,
    10834917.0,
    11636459.0,
    12785167.0,
    13897042.0,
    14891917.0,
    15608125.0,
    16887250.0,
    17245709.0,
    19100875.0,
    19765208.0,
    20733167.0,
    21462833.0,
    22606208.0,
    23569584.0,
    24292209.0,
    25755625.0,
    25988041.0,
    27550500.0,
    28187292.0,
    29461625.0,
    30241666.0,
    31417958.0,
    31925416.0,
    33199750.0,
    33910833.0,
    35354250.0,
    36128416.0,
    37380916.0,
    38124750.0,
    39253333.0,
    40683291.0,
    41165541.0,
    41605500.0,
    42573792.0,
    44698209.0,
    45217333.0,
    46277084.0,
    47362375.0,
    47947750.0,
    48710750.0,
    49801291.0,
    50750292.0,
    51725542.0,
    52941958.0,
    53882541.0,
    54803208.0,
    56012291.0,
    56925167.0,
    58376875.0,
    59343750.0,
    59687042.0,
    60794125.0,
    61746875.0,
    63263250.0,
    64202917.0,
    65174958.0,
    65575458.0,
    67332792.0,
    68068709.0,
    68498083.0,
    68661833.0,
    69665292.0,
    71390375.0,
    72959000.0,
    73834959.0,
    75117500.0,
    75492833.0,
    76840333.0,
    77185083.0,
    79257834.0,
    80146500.0,
    80437959.0,
    81851792.0,
    82462208.0,
    83446250.0,
    83832042.0,
    85528292.0,
    86900917.0,
    88077250.0,
    88528000.0,
    89788917.0,
    90453417.0,
    91454000.0,
    94048542.0,
    93740875.0,
    93273292.0,
    95537375.0,
    97048959.0,
    98011500.0,
    98306583.0
  ],
  "unit": "ns"
}