{
  "slope": {
    "estimate": 1164.5407429572829,
    "lower_bound": 1162.3041338278338,
    "unit": "ns",
    "upper_bound": 1166.6808191108416
  },
  "iteration_count": [
    843,
    1686,
    2529,
    3372,
    4215,
    5058,
    5901,
    6744,
    7587,
    8430,
    9273,
    10116,
    10959,
    11802,
    12645,
    13488,
    14331,
    15174,
    16017,
    16860,
    17703,
    18546,
    19389,
    20232,
    21075,
    21918,
    22761,
    23604,
    24447,
    25290,
    26133,
    26976,
    27819,
    28662,
    29505,
    30348,
    31191,
    32034,
    32877,
    33720,
    34563,
    35406,
    36249,
    37092,
    37935,
    38778,
    39621,
    40464,
    41307,
    42150,
    42993,
    43836,
    44679,
    45522,
    46365,
    47208,
    48051,
    48894,
    49737,
    50580,
    51423,
    52266,
    53109,
    53952,
    54795,
    55638,
    56481,
    57324,
    58167,
    59010,
    59853,
    60696,
    61539,
    62382,
    63225,
    64068,
    64911,
    65754,
    66597,
    67440,
    68283,
    69126,
    69969,
    70812,
    71655,
    72498,
    73341,
    74184,
    75027,
    75870,
    76713,
    77556,
    78399,
    79242,
    80085,
    80928,
    81771,
    82614,
    83457,
    84300
  ],
  "unit": "ns",
  "mean": {
    "estimate": 1166.44029446915,
    "lower_bound": 1164.2279992658107,
    "unit": "ns",
    "upper_bound": 1168.7348999036717
  },
  "median": {
    "estimate": 1166.987878113879,
    "lower_bound": 1164.9597562598983,
    "unit": "ns",
    "upper_bound": 1169.088544314523
  },
  "throughput": [],
  "change": {
    "change": "Regressed",
    "mean": {
      "estimate": 0.051859456604716136,
      "lower_bound": 0.048681336453827696,
      "unit": "%",
      "upper_bound": 0.05513744931455523
    },
    "median": {
      "estimate": 0.051037942689697635,
      "lower_bound": 0.04856377891656205,
      "unit": "%",
      "upper_bound": 0.05508360847728966
    }
  },
  "median_abs_dev": {
    "estimate": 7.445764311248094,
    "lower_bound": 5.130164507082784,
    "unit": "ns",
    "upper_bound": 11.432879071442487
  },
  "report_directory": "/Volumes/Files/_ranim/ranim-bench/ranim/target/criterion/reports/extract/polygon/40",
  "typical": {
    "estimate": 1164.5407429572829,
    "lower_bound": 1162.3041338278338,
    "unit": "ns",
    "upper_bound": 1166.6808191108416
  },
  "measured_values": [
    999334.0,
    1952750.0,
    2928000.0,
    4081667.0,
    4865041.0,
    5930083.0,
    6828500.0,
    8141958.0,
    8757125.0,
    9666542.0,
    10670625.0,
    12158250.0,
    12800166.0,
    13797583.0,
    14539792.0,
    15785500.0,
    16573125.0,
    17897958.0,
    18515000.0,
    19794333.0,
    20693542.0,
    21676667.0,
    22702417.0,
    23635084.0,
    24396250.0,
    25202958.0,
    26034708.0,
    27498292.0,
    28357416.0,
    29440708.0,
    30364458.0,
    31475042.0,
    32336167.0,
    33470666.0,
    33994833.0,
    35734750.0,
    36491709.0,
    37223875.0,
    38854250.0,
    39491500.0,
    40135042.0,
    41434041.0,
    42556208.0,
    43438083.0,
    45035000.0,
    45227667.0,
    46480916.0,
    47382250.0,
    48646833.0,
    49622792.0,
    50671667.0,
    50301167.0,
    52072625.0,
    52996625.0,
    54216708.0,
    55351167.0,
    56241041.0,
    57588541.0,
    58008375.0,
    59191042.0,
    60166916.0,
    60957917.0,
    62218000.0,
    63026959.0,
    63681208.0,
    65112666.0,
    66425333.0,
    66760250.0,
    66766042.0,
    68462084.0,
    70499417.0,
    71022750.0,
    72367833.0,
    72812041.0,
    73668750.0,
    74914167.0,
    75957541.0,
    76830667.0,
    77569083.0,
    78921375.0,
    79846958.0,
    80087875.0,
    80276292.0,
    81805417.0,
    82793833.0,
    83994416.0,
    85777917.0,
    86243167.0,
    87418917.0,
    87904375.0,
    88761750.0,
    90314375.0,
    90483333.0,
    90218458.0,
    92731084.0,
    94178833.0,
    95471334.0,
    96266791.0,
    97633208.0,
    98345333.0
  ]
}