{
  "id": "render/transform_squares/10",
  "iteration_count": [
    1,
    2,
    3,
    4,
    5,
    6,
    7,
    8,
    9,
    10
  ],
  "measured_values": [
    1438296750.0,
    2716898250.0,
    4073397041.0,
    5169845333.0,
    7135908166.0,
    8499117750.0,
    9749045625.0,
    11332925792.0,
    12797610417.0,
    13913997458.0
  ],
  "unit": "ns",
  "typical": {
    "estimate": 1401743135.27013,
    "lower_bound": 1382063938.6476822,
    "upper_bound": 1415741827.5326786,
    "unit": "ns"
  },
  "mean": {
    "estimate": 1391340046.6488094,
    "lower_bound": 1363255652.589857,
    "upper_bound": 1414851346.1771429,
    "unit": "ns"
  },
  "median": {
    "estimate": 1404620214.285714,
    "lower_bound": 1358449125.0,
    "upper_bound": 1421956713.0,
    "unit": "ns"
  },
  "median_abs_dev": {
    "estimate": 29576325.812975492,
    "lower_bound": 4030513.2628440857,
    "upper_bound": 69730053.53180395,
    "unit": "ns"
  }
}