{
  "id": "render/transform_squares/40",
  "iteration_count": [
    1,
    2,
    3,
    4,
    5,
    6,
    7,
    8,
    9,
    10
  ],
  "measured_values": [
    12217731833.0,
    24349695542.0,
    36335153750.0,
    48486381375.0,
    60594135250.0,
    67153841750.0,
    80916138791.0,
    96898927791.0,
    108265531708.0,
    115341353208.0
  ],
  "unit": "ns",
  "typical": {
    "estimate": 11790050773.335066,
    "lower_bound": 11557977806.120548,
    "upper_bound": 12058970677.877527,
    "unit": "ns"
  },
  "mean": {
    "estimate": 11917248008.92504,
    "lower_bound": 11690905033.485825,
    "upper_bound": 12108884918.852316,
    "unit": "ns"
  },
  "median": {
    "estimate": 12112041945.270832,
    "lower_bound": 11559448398.714285,
    "upper_bound": 12146837410.5,
    "unit": "ns"
  },
  "median_abs_dev": {
    "estimate": 107743689.0472008,
    "lower_bound": 5270000.446440674,
    "upper_bound": 525559305.52039367,
    "unit": "ns"
  }
}