{
  "id": "render/transform_squares/5",
  "iteration_count": [
    1,
    2,
    3,
    4,
    5,
    6,
    7,
    8,
    9,
    10
  ],
  "measured_values": [
    790404167.0,
    1708483959.0,
    2402920666.0,
    3392495292.0,
    4269823167.0,
    5225929083.0,
    5861818542.0,
    6397391375.0,
    7625315291.0,
    8285502291.0
  ],
  "unit": "ns",
  "typical": {
    "estimate": 834767602.3558441,
    "lower_bound": 819181295.870371,
    "upper_bound": 851051280.8843538,
    "unit": "ns"
  },
  "mean": {
    "estimate": 833158039.3121032,
    "lower_bound": 816670650.9005764,
    "upper_bound": 848575136.5946031,
    "unit": "ns"
  },
  "median": {
    "estimate": 842329951.7063491,
    "lower_bound": 800973555.3333334,
    "upper_bound": 853964633.4,
    "unit": "ns"
  },
  "median_abs_dev": {
    "estimate": 19045294.23339842,
    "lower_bound": 4535389.332930744,
    "upper_bound": 44078808.055494726,
    "unit": "ns"
  }
}