{
  "change": {
    "change": "Improved",
    "mean": {
      "estimate": -0.04144058712449616,
      "lower_bound": -0.06038695143244383,
      "unit": "%",
      "upper_bound": -0.023739394008666183
    },
    "median": {
      "estimate": -0.03453871991369306,
      "lower_bound": -0.05745773212121741,
      "unit": "%",
      "upper_bound": -0.01739461915972551
    }
  },
  "iteration_count": [
    913,
    1826,
    2739,
    3652,
    4565,
    5478,
    6391,
    7304,
    8217,
    9130,
    10043,
    10956,
    11869,
    12782,
    13695,
    14608,
    15521,
    16434,
    17347,
    18260,
    19173,
    20086,
    20999,
    21912,
    22825,
    23738,
    24651,
    25564,
    26477,
    27390,
    28303,
    29216,
    30129,
    31042,
    31955,
    32868,
    33781,
    34694,
    35607,
    36520,
    37433,
    38346,
    39259,
    40172,
    41085,
    41998,
    42911,
    43824,
    44737,
    45650,
    46563,
    47476,
    48389,
    49302,
    50215,
    51128,
    52041,
    52954,
    53867,
    54780,
    55693,
    56606,
    57519,
    58432,
    59345,
    60258,
    61171,
    62084,
    62997,
    63910,
    64823,
    65736,
    66649,
    67562,
    68475,
    69388,
    70301,
    71214,
    72127,
    73040,
    73953,
    74866,
    75779,
    76692,
    77605,
    78518,
    79431,
    80344,
    81257,
    82170,
    83083,
    83996,
    84909,
    85822,
    86735,
    87648,
    88561,
    89474,
    90387,
    91300
  ],
  "measured_values": [
    952700.0,
    1864200.0,
    2925400.0,
    3865000.0,
    4968000.0,
    5561100.0,
    6641000.0,
    7478400.0,
    8502700.0,
    9278900.0,
    10416600.0,
    11210600.0,
    12327500.0,
    13238900.0,
    14106500.0,
    14911900.0,
    15918200.0,
    16980900.0,
    17948900.0,
    18949300.0,
    21215100.0,
    25286600.0,
    22063700.0,
    22814900.0,
    24320400.0,
    27254500.0,
    27096000.0,
    26011600.0,
    27454000.0,
    27983300.0,
    30082500.0,
    29945200.0,
    37959600.0,
    32796100.0,
    33592500.0,
    33736300.0,
    34808700.0,
    35495200.0,
    39895600.0,
    37626700.0,
    40517700.0,
    42298500.0,
    40739600.0,
    42640300.0,
    42519100.0,
    47630000.0,
    49708000.0,
    45401900.0,
    50034000.0,
    48755200.0,
    48369900.0,
    50639400.0,
    50058100.0,
    51879800.0,
    51580200.0,
    54973900.0,
    57396800.0,
    56550400.0,
    59373300.0,
    56824700.0,
    62783000.0,
    59358700.0,
    61593900.0,
    64361300.0,
    63229000.0,
    68104500.0,
    66574000.0,
    64452600.0,
    67367800.0,
    65447800.0,
    68182300.0,
    67372500.0,
    72966700.0,
    77339500.0,
    70114900.0,
    73754500.0,
    76405200.0,
    73519200.0,
    74456400.0,
    75294000.0,
    76989800.0,
    77713800.0,
    77797400.0,
    89153500.0,
    80164700.0,
    83773200.0,
    87678500.0,
    82434200.0,
    83929100.0,
    86690300.0,
    92012200.0,
    90228400.0,
    93599400.0,
    92356000.0,
    90275700.0,
    91099500.0,
    103543900.0,
    97395000.0,
    101392400.0,
    101169000.0
  ],
  "report_directory": "E:\\_ranim\\ranim-bench\\ranim\\target\\criterion\\reports\\extract\\polygon\\5",
  "unit": "ns",
  "typical": {
    "estimate": 1072.1361047451626,
    "lower_bound": 1061.498174563724,
    "unit": "ns",
    "upper_bound": 1083.3874638922152
  },
  "median_abs_dev": {
    "estimate": 32.72936462680473,
    "lower_bound": 20.922413161472537,
    "unit": "ns",
    "upper_bound": 48.2971850737141
  },
  "throughput": [],
  "median": {
    "estimate": 1050.9731755933956,
    "lower_bound": 1038.4785129824108,
    "unit": "ns",
    "upper_bound": 1065.4478052068414
  },
  "slope": {
    "estimate": 1072.1361047451626,
    "lower_bound": 1061.498174563724,
    "unit": "ns",
    "upper_bound": 1083.3874638922152
  },
  "mean": {
    "estimate": 1065.6026748747247,
    "lower_bound": 1056.7865947372368,
    "unit": "ns",
    "upper_bound": 1075.1320043289495
  }
}