{
  "iteration_count": [
    1,
    2,
    3,
    4,
    5,
    6,
    7,
    8,
    9,
    10
  ],
  "throughput": [],
  "mean": {
    "estimate": 534325500.3645239,
    "lower_bound": 531433082.3061905,
    "unit": "ns",
    "upper_bound": 536825423.0373809
  },
  "change": {
    "change": "NoChange",
    "mean": {
      "estimate": -0.0059488402037266574,
      "lower_bound": -0.013607758652284604,
      "unit": "%",
      "upper_bound": 0.001009829674714559
    },
    "median": {
      "estimate": -0.005032445458472479,
      "lower_bound": -0.013502457622440732,
      "unit": "%",
      "upper_bound": 0.0018664247696906775
    }
  },
  "unit": "ns",
  "measured_values": [
    532219655.0,
    1068698097.0,
    1572727838.0,
    2149029959.0,
    2673914705.0,
    3177669527.0,
    3779378739.0,
    4290777312.0,
    4821501201.0,
    5388109008.0
  ],
  "median_abs_dev": {
    "estimate": 3734546.83387354,
    "lower_bound": 1018032.5845763236,
    "unit": "ns",
    "upper_bound": 7228484.883118732
  },
  "median": {
    "estimate": 535252648.3333334,
    "lower_bound": 531980318.1666666,
    "unit": "ns",
    "upper_bound": 537579032.4
  },
  "typical": {
    "estimate": 536301247.9064935,
    "lower_bound": 533464157.0075696,
    "unit": "ns",
    "upper_bound": 538052683.8555555
  },
  "report_directory": "/home/user/workspaces/ranim-bench/ranim/target/criterion/reports/render/transform_squares/5",
  "slope": {
    "estimate": 536301247.9064935,
    "lower_bound": 533464157.0075696,
    "unit": "ns",
    "upper_bound": 538052683.8555555
  }
}