{
  "typical": {
    "estimate": 541.2773038253666,
    "lower_bound": 540.9539945717038,
    "unit": "ns",
    "upper_bound": 541.5560976594363
  },
  "median_abs_dev": {
    "estimate": 0.7909990724393697,
    "lower_bound": 0.560474614114781,
    "unit": "ns",
    "upper_bound": 1.0700469489587905
  },
  "iteration_count": [
    1819,
    3638,
    5457,
    7276,
    9095,
    10914,
    12733,
    14552,
    16371,
    18190,
    20009,
    21828,
    23647,
    25466,
    27285,
    29104,
    30923,
    32742,
    34561,
    36380,
    38199,
    40018,
    41837,
    43656,
    45475,
    47294,
    49113,
    50932,
    52751,
    54570,
    56389,
    58208,
    60027,
    61846,
    63665,
    65484,
    67303,
    69122,
    70941,
    72760,
    74579,
    76398,
    78217,
    80036,
    81855,
    83674,
    85493,
    87312,
    89131,
    90950,
    92769,
    94588,
    96407,
    98226,
    100045,
    101864,
    103683,
    105502,
    107321,
    109140,
    110959,
    112778,
    114597,
    116416,
    118235,
    120054,
    121873,
    123692,
    125511,
    127330,
    129149,
    130968,
    132787,
    134606,
    136425,
    138244,
    140063,
    141882,
    143701,
    145520,
    147339,
    149158,
    150977,
    152796,
    154615,
    156434,
    158253,
    160072,
    161891,
    163710,
    165529,
    167348,
    169167,
    170986,
    172805,
    174624,
    176443,
    178262,
    180081,
    181900
  ],
  "slope": {
    "estimate": 541.2773038253666,
    "lower_bound": 540.9539945717038,
    "unit": "ns",
    "upper_bound": 541.5560976594363
  },
  "mean": {
    "estimate": 541.6223450817192,
    "lower_bound": 541.3016979122668,
    "unit": "ns",
    "upper_bound": 541.9492803274405
  },
  "measured_values": [
    1000208.0,
    1968959.0,
    2945208.0,
    3937666.0,
    4953333.0,
    5892584.0,
    6947917.0,
    7913875.0,
    8862916.0,
    9889208.0,
    10850125.0,
    11888459.0,
    12816375.0,
    13793834.0,
    14829917.0,
    15779125.0,
    16760417.0,
    17700875.0,
    18723917.0,
    19727959.0,
    20687583.0,
    21649041.0,
    22653833.0,
    23683000.0,
    24635125.0,
    25671292.0,
    26705167.0,
    27534583.0,
    28536750.0,
    29519708.0,
    30473334.0,
    31481875.0,
    32534167.0,
    33459958.0,
    34391500.0,
    35481125.0,
    36415459.0,
    37388875.0,
    37872250.0,
    39424084.0,
    40478958.0,
    41412458.0,
    42386416.0,
    43371583.0,
    44417459.0,
    45358167.0,
    46354792.0,
    47079875.0,
    48234000.0,
    49118084.0,
    50183041.0,
    51362333.0,
    52308833.0,
    53257500.0,
    54275500.0,
    55186709.0,
    56290958.0,
    57188375.0,
    58128458.0,
    58836917.0,
    60163208.0,
    60912667.0,
    62000875.0,
    63049334.0,
    63964500.0,
    64705375.0,
    66082875.0,
    67071625.0,
    68028583.0,
    68949917.0,
    69979667.0,
    70999708.0,
    71954625.0,
    72974542.0,
    73913583.0,
    74923083.0,
    75914791.0,
    76848125.0,
    77855708.0,
    78832000.0,
    79859958.0,
    80683834.0,
    81799292.0,
    82703333.0,
    83665625.0,
    84663375.0,
    85700792.0,
    86711542.0,
    87746834.0,
    88578584.0,
    89274708.0,
    90461833.0,
    91545292.0,
    92671250.0,
    93578458.0,
    94431083.0,
    95494125.0,
    95800500.0,
    97587667.0,
    98216958.0
  ],
  "change": {
    "change": "NoChange",
    "mean": {
      "estimate": -0.00885076157097564,
      "lower_bound": -0.009677737063720642,
      "unit": "%",
      "upper_bound": -0.008045150623288094
    },
    "median": {
      "estimate": -0.008383328249317867,
      "lower_bound": -0.009004297191183674,
      "unit": "%",
      "upper_bound": -0.007942466906328938
    }
  },
  "unit": "ns",
  "report_directory": "/Volumes/Files/_ranim/ranim-bench/ranim/target/criterion/reports/extract/arc",
  "median": {
    "estimate": 541.7466508492231,
    "lower_bound": 541.5242960413299,
    "unit": "ns",
    "upper_bound": 541.9009320805637
  },
  "throughput": []
}