{
  "change": {
    "change": "Improved",
    "mean": {
      "estimate": -0.011972889229064587,
      "lower_bound": -0.014167048607652293,
      "unit": "%",
      "upper_bound": -0.010009902316224104
    },
    "median": {
      "estimate": -0.010480742968087651,
      "lower_bound": -0.011157861311303696,
      "unit": "%",
      "upper_bound": -0.009590616605994471
    }
  },
  "unit": "ns",
  "throughput": [],
  "report_directory": "/Volumes/Files/_ranim/ranim-bench/ranim/target/criterion/reports/extract/circle",
  "typical": {
    "estimate": 580.1073577621665,
    "lower_bound": 579.306558267291,
    "unit": "ns",
    "upper_bound": 580.9532630357886
  },
  "median_abs_dev": {
    "estimate": 0.8313812298474282,
    "lower_bound": 0.6289719826208786,
    "unit": "ns",
    "upper_bound": 1.2006002849974198
  },
  "mean": {
    "estimate": 579.550374539104,
    "lower_bound": 579.0595271076531,
    "unit": "ns",
    "upper_bound": 580.1206082024544
  },
  "measured_values": [
    1016583.0,
    1975500.0,
    3002084.0,
    3943375.0,
    4948541.0,
    5911666.0,
    6927041.0,
    7941750.0,
    8877375.0,
    9898709.0,
    10887417.0,
    11907167.0,
    12866625.0,
    13840667.0,
    14862000.0,
    15867875.0,
    16747583.0,
    17797875.0,
    18769917.0,
    19767667.0,
    20788417.0,
    21734333.0,
    22602959.0,
    23709792.0,
    24719500.0,
    25726250.0,
    26669208.0,
    27675542.0,
    28695375.0,
    29670416.0,
    30652250.0,
    31690875.0,
    32619667.0,
    33598584.0,
    34522000.0,
    35620833.0,
    36563125.0,
    37612625.0,
    38549042.0,
    39551708.0,
    40492333.0,
    41466042.0,
    42433000.0,
    43508958.0,
    44250792.0,
    45522667.0,
    47168167.0,
    47390375.0,
    48495083.0,
    49446375.0,
    50408667.0,
    51395500.0,
    52398000.0,
    53308916.0,
    54374166.0,
    55265125.0,
    56224917.0,
    57160958.0,
    58339667.0,
    59356625.0,
    60421666.0,
    61320875.0,
    62457083.0,
    63397458.0,
    64310750.0,
    65293250.0,
    66310375.0,
    67240958.0,
    68259834.0,
    68862708.0,
    70313292.0,
    70993792.0,
    72200709.0,
    73367709.0,
    74313958.0,
    75129958.0,
    76098500.0,
    77096083.0,
    78020250.0,
    79230416.0,
    79994125.0,
    81115542.0,
    82017208.0,
    83055000.0,
    84108500.0,
    84859959.0,
    86076709.0,
    86873417.0,
    87996833.0,
    89116291.0,
    90053416.0,
    91248041.0,
    91964084.0,
    93082042.0,
    95208625.0,
    96119125.0,
    97138750.0,
    98315292.0,
    98624334.0,
    99725375.0
  ],
  "iteration_count": [
    1708,
    3416,
    5124,
    6832,
    8540,
    10248,
    11956,
    13664,
    15372,
    17080,
    18788,
    20496,
    22204,
    23912,
    25620,
    27328,
    29036,
    30744,
    32452,
    34160,
    35868,
    37576,
    39284,
    40992,
    42700,
    44408,
    46116,
    47824,
    49532,
    51240,
    52948,
    54656,
    56364,
    58072,
    59780,
    61488,
    63196,
    64904,
    66612,
    68320,
    70028,
    71736,
    73444,
    75152,
    76860,
    78568,
    80276,
    81984,
    83692,
    85400,
    87108,
    88816,
    90524,
    92232,
    93940,
    95648,
    97356,
    99064,
    100772,
    102480,
    104188,
    105896,
    107604,
    109312,
    111020,
    112728,
    114436,
    116144,
    117852,
    119560,
    121268,
    122976,
    124684,
    126392,
    128100,
    129808,
    131516,
    133224,
    134932,
    136640,
    138348,
    140056,
    141764,
    143472,
    145180,
    146888,
    148596,
    150304,
    152012,
    153720,
    155428,
    157136,
    158844,
    160552,
    162260,
    163968,
    165676,
    167384,
    169092,
    170800
  ],
  "slope": {
    "estimate": 580.1073577621665,
    "lower_bound": 579.306558267291,
    "unit": "ns",
    "upper_bound": 580.9532630357886
  },
  "median": {
    "estimate": 578.9523046911664,
    "lower_bound": 578.829923556184,
    "unit": "ns",
    "upper_bound": 579.266662628873
  }
}