{
  "unit": "ns",
  "typical": {
    "estimate": 397.8035123728147,
    "lower_bound": 396.75225821338626,
    "unit": "ns",
    "upper_bound": 398.9885328526173
  },
  "median_abs_dev": {
    "estimate": 1.8121227913537548,
    "lower_bound": 1.1518291526009032,
    "unit": "ns",
    "upper_bound": 2.243659896329329
  },
  "change": {
    "change": "NoChange",
    "mean": {
      "estimate": -0.004685287217347178,
      "lower_bound": -0.007369225246383717,
      "unit": "%",
      "upper_bound": -0.0023415856837524524
    },
    "median": {
      "estimate": -0.003086133191203211,
      "lower_bound": -0.0040992992362889336,
      "unit": "%",
      "upper_bound": -0.0022052390873509298
    }
  },
  "throughput": [],
  "measured_values": [
    1007875.0,
    1976500.0,
    2983625.0,
    3978250.0,
    4955542.0,
    5936459.0,
    6930167.0,
    7999667.0,
    8907459.0,
    9944000.0,
    10891292.0,
    11942375.0,
    12848250.0,
    13875083.0,
    14916916.0,
    15880916.0,
    16842541.0,
    17872875.0,
    18867792.0,
    19901166.0,
    20881708.0,
    21899375.0,
    22798416.0,
    23878500.0,
    24877541.0,
    25842042.0,
    26842208.0,
    27869917.0,
    28904667.0,
    29887041.0,
    30923041.0,
    31823708.0,
    32860291.0,
    33975375.0,
    34826083.0,
    35921708.0,
    36825167.0,
    37935125.0,
    38915250.0,
    39917292.0,
    40852292.0,
    41975917.0,
    42918750.0,
    43841958.0,
    44344792.0,
    45817792.0,
    46834833.0,
    47726916.0,
    48820125.0,
    49625333.0,
    50739083.0,
    51784875.0,
    52931708.0,
    53969083.0,
    54790917.0,
    55597708.0,
    56972125.0,
    57660625.0,
    58670167.0,
    59678709.0,
    60549167.0,
    61513417.0,
    62920209.0,
    63553583.0,
    64586250.0,
    65479542.0,
    66538334.0,
    66988334.0,
    68611833.0,
    69396542.0,
    70465041.0,
    71385583.0,
    72240041.0,
    73696833.0,
    74806959.0,
    75696500.0,
    76519750.0,
    76779750.0,
    78061708.0,
    79084542.0,
    80094459.0,
    81292375.0,
    83548542.0,
    84515125.0,
    85537125.0,
    86465791.0,
    87427708.0,
    89444333.0,
    91338791.0,
    88979000.0,
    90082500.0,
    91028792.0,
    91983709.0,
    93036167.0,
    93947125.0,
    94932208.0,
    95793666.0,
    96852333.0,
    101201708.0,
    100470834.0
  ],
  "report_directory": "/Volumes/Files/_ranim/ranim-bench/ranim/target/criterion/reports/extract/rectangle",
  "median": {
    "estimate": 397.1387134257504,
    "lower_bound": 396.73970640965535,
    "unit": "ns",
    "upper_bound": 397.4153787273696
  },
  "slope": {
    "estimate": 397.8035123728147,
    "lower_bound": 396.75225821338626,
    "unit": "ns",
    "upper_bound": 398.9885328526173
  },
  "mean": {
    "estimate": 397.42702481859976,
    "lower_bound": 396.9339449569985,
    "unit": "ns",
    "upper_bound": 397.9734759366221
  },
  "iteration_count": [
    2504,
    5008,
    7512,
    10016,
    12520,
    15024,
    17528,
    20032,
    22536,
    25040,
    27544,
    30048,
    32552,
    35056,
    37560,
    40064,
    42568,
    45072,
    47576,
    50080,
    52584,
    55088,
    57592,
    60096,
    62600,
    65104,
    67608,
    70112,
    72616,
    75120,
    77624,
    80128,
    82632,
    85136,
    87640,
    90144,
    92648,
    95152,
    97656,
    100160,
    102664,
    105168,
    107672,
    110176,
    112680,
    115184,
    117688,
    120192,
    122696,
    125200,
    127704,
    130208,
    132712,
    135216,
    137720,
    140224,
    142728,
    145232,
    147736,
    150240,
    152744,
    155248,
    157752,
    160256,
    162760,
    165264,
    167768,
    170272,
    172776,
    175280,
    177784,
    180288,
    182792,
    185296,
    187800,
    190304,
    192808,
    195312,
    197816,
    200320,
    202824,
    205328,
    207832,
    210336,
    212840,
    215344,
    217848,
    220352,
    222856,
    225360,
    227864,
    230368,
    232872,
    235376,
    237880,
    240384,
    242888,
    245392,
    247896,
    250400
  ]
}