{
  "typical": {
    "estimate": 459.08433155343874,
    "lower_bound": 458.5888110344094,
    "unit": "ns",
    "upper_bound": 459.58947706937874
  },
  "median_abs_dev": {
    "estimate": 1.7578574580103856,
    "lower_bound": 1.211929699874425,
    "unit": "ns",
    "upper_bound": 2.1481483552318523
  },
  "change": {
    "change": "Improved",
    "mean": {
      "estimate": -0.020374367766396895,
      "lower_bound": -0.021770219764722532,
      "unit": "%",
      "upper_bound": -0.0189100949602686
    },
    "median": {
      "estimate": -0.021021658077461147,
      "lower_bound": -0.023664461935562108,
      "unit": "%",
      "upper_bound": -0.01996833888852889
    }
  },
  "report_directory": "/home/user/workspaces/ranim-bench/ranim/target/criterion/reports/extract/circle",
  "measured_values": [
    988694.0,
    1981305.0,
    2980559.0,
    3985222.0,
    4978685.0,
    5954014.0,
    6978013.0,
    7943694.0,
    8935123.0,
    9906705.0,
    10915305.0,
    11916162.0,
    12889447.0,
    13891176.0,
    14886912.0,
    15871709.0,
    16888846.0,
    17948754.0,
    18929983.0,
    19966947.0,
    20935503.0,
    21912825.0,
    22899886.0,
    23879754.0,
    24892101.0,
    25965414.0,
    26987290.0,
    27903668.0,
    28911217.0,
    29897186.0,
    30882333.0,
    31924077.0,
    32870952.0,
    33889251.0,
    34908141.0,
    35967487.0,
    36892633.0,
    37864945.0,
    38904835.0,
    39859475.0,
    40862726.0,
    41861669.0,
    42856725.0,
    44020136.0,
    46432809.0,
    45905390.0,
    46838791.0,
    47928414.0,
    48840354.0,
    49463562.0,
    50517749.0,
    51666413.0,
    52485448.0,
    53516251.0,
    54477593.0,
    55492396.0,
    56485278.0,
    57451169.0,
    58447588.0,
    59461368.0,
    60378978.0,
    61401325.0,
    62387624.0,
    63532391.0,
    64411859.0,
    65546216.0,
    66507198.0,
    67447111.0,
    68648223.0,
    69492837.0,
    70472323.0,
    71573628.0,
    72418242.0,
    73433736.0,
    74368909.0,
    75442732.0,
    76315780.0,
    77593695.0,
    78412681.0,
    79387649.0,
    81218592.0,
    82934439.0,
    82922707.0,
    83831892.0,
    84807060.0,
    85836641.0,
    86757337.0,
    87815521.0,
    88833270.0,
    89938842.0,
    90831896.0,
    91840217.0,
    92869888.0,
    93950845.0,
    94840613.0,
    95808348.0,
    96861432.0,
    97776327.0,
    98842276.0,
    99829267.0
  ],
  "slope": {
    "estimate": 459.08433155343874,
    "lower_bound": 458.5888110344094,
    "unit": "ns",
    "upper_bound": 459.58947706937874
  },
  "mean": {
    "estimate": 458.74577176401226,
    "lower_bound": 458.33227625369943,
    "unit": "ns",
    "upper_bound": 459.24762088217983
  },
  "throughput": [],
  "iteration_count": [
    2170,
    4340,
    6510,
    8680,
    10850,
    13020,
    15190,
    17360,
    19530,
    21700,
    23870,
    26040,
    28210,
    30380,
    32550,
    34720,
    36890,
    39060,
    41230,
    43400,
    45570,
    47740,
    49910,
    52080,
    54250,
    56420,
    58590,
    60760,
    62930,
    65100,
    67270,
    69440,
    71610,
    73780,
    75950,
    78120,
    80290,
    82460,
    84630,
    86800,
    88970,
    91140,
    93310,
    95480,
    97650,
    99820,
    101990,
    104160,
    106330,
    108500,
    110670,
    112840,
    115010,
    117180,
    119350,
    121520,
    123690,
    125860,
    128030,
    130200,
    132370,
    134540,
    136710,
    138880,
    141050,
    143220,
    145390,
    147560,
    149730,
    151900,
    154070,
    156240,
    158410,
    160580,
    162750,
    164920,
    167090,
    169260,
    171430,
    173600,
    175770,
    177940,
    180110,
    182280,
    184450,
    186620,
    188790,
    190960,
    193130,
    195300,
    197470,
    199640,
    201810,
    203980,
    206150,
    208320,
    210490,
    212660,
    214830,
    217000
  ],
  "unit": "ns",
  "median": {
    "estimate": 459.01542731462087,
    "lower_bound": 457.8431643625192,
    "unit": "ns",
    "upper_bound": 459.2865685062381
  }
}