{
  "typical": {
    "estimate": 256.31223687771194,
    "lower_bound": 256.2034245304365,
    "unit": "ns",
    "upper_bound": 256.4134563311257
  },
  "mean": {
    "estimate": 256.6106550000903,
    "lower_bound": 256.43413286643846,
    "unit": "ns",
    "upper_bound": 256.83431709479976
  },
  "median_abs_dev": {
    "estimate": 0.6381986615146268,
    "lower_bound": 0.42886209133848185,
    "unit": "ns",
    "upper_bound": 0.7582946278877907
  },
  "slope": {
    "estimate": 256.31223687771194,
    "lower_bound": 256.2034245304365,
    "unit": "ns",
    "upper_bound": 256.4134563311257
  },
  "unit": "ns",
  "throughput": [],
  "report_directory": "/home/user/workspaces/ranim-bench/ranim/target/criterion/reports/extract/rectangle",
  "iteration_count": [
    3792,
    7584,
    11376,
    15168,
    18960,
    22752,
    26544,
    30336,
    34128,
    37920,
    41712,
    45504,
    49296,
    53088,
    56880,
    60672,
    64464,
    68256,
    72048,
    75840,
    79632,
    83424,
    87216,
    91008,
    94800,
    98592,
    102384,
    106176,
    109968,
    113760,
    117552,
    121344,
    125136,
    128928,
    132720,
    136512,
    140304,
    144096,
    147888,
    151680,
    155472,
    159264,
    163056,
    166848,
    170640,
    174432,
    178224,
    182016,
    185808,
    189600,
    193392,
    197184,
    200976,
    204768,
    208560,
    212352,
    216144,
    219936,
    223728,
    227520,
    231312,
    235104,
    238896,
    242688,
    246480,
    250272,
    254064,
    257856,
    261648,
    265440,
    269232,
    273024,
    276816,
    280608,
    284400,
    288192,
    291984,
    295776,
    299568,
    303360,
    307152,
    310944,
    314736,
    318528,
    322320,
    326112,
    329904,
    333696,
    337488,
    341280,
    345072,
    348864,
    352656,
    356448,
    360240,
    364032,
    367824,
    371616,
    375408,
    379200
  ],
  "measured_values": [
    1003732.0,
    1949085.0,
    2913793.0,
    3933575.0,
    4875542.0,
    5865828.0,
    6830026.0,
    7785167.0,
    8786945.0,
    9744851.0,
    10720671.0,
    11715195.0,
    12667841.0,
    13676603.0,
    14651330.0,
    15659661.0,
    16614440.0,
    17539896.0,
    18508172.0,
    19510842.0,
    20481882.0,
    21426012.0,
    22387084.0,
    23387150.0,
    24371605.0,
    25326997.0,
    26311242.0,
    27302931.0,
    28251991.0,
    29256174.0,
    30205343.0,
    31174991.0,
    32171459.0,
    33033626.0,
    34025385.0,
    34975928.0,
    35936729.0,
    36918359.0,
    37903206.0,
    38923629.0,
    39836010.0,
    40842307.0,
    41797077.0,
    42789889.0,
    43882196.0,
    44635569.0,
    45541427.0,
    46577610.0,
    47420661.0,
    48476360.0,
    49463721.0,
    50515693.0,
    51494570.0,
    52442516.0,
    53418918.0,
    54383586.0,
    55305344.0,
    56393715.0,
    57354487.0,
    58233584.0,
    59303050.0,
    60201244.0,
    61112823.0,
    62248633.0,
    63067588.0,
    64128056.0,
    65029235.0,
    65987142.0,
    66920001.0,
    67961804.0,
    69119636.0,
    69594986.0,
    70823520.0,
    71782828.0,
    72817629.0,
    73615084.0,
    74633864.0,
    75900419.0,
    76710017.0,
    77733095.0,
    78709326.0,
    79745478.0,
    80737298.0,
    81691687.0,
    82639705.0,
    83688602.0,
    84513107.0,
    85536035.0,
    86589060.0,
    87435887.0,
    88457563.0,
    89691336.0,
    90431474.0,
    91435286.0,
    92535118.0,
    93333716.0,
    94300819.0,
    95335960.0,
    96415744.0,
    97402805.0
  ],
  "median": {
    "estimate": 256.43688315039503,
    "lower_bound": 256.33571901677954,
    "unit": "ns",
    "upper_bound": 256.6145292383425
  },
  "change": {
    "change": "NoChange",
    "mean": {
      "estimate": -0.00668970422194437,
      "lower_bound": -0.007437452798942912,
      "unit": "%",
      "upper_bound": -0.005773391170793391
    },
    "median": {
      "estimate": -0.007376780660441007,
      "lower_bound": -0.007778613909367627,
      "unit": "%",
      "upper_bound": -0.006786977271900363
    }
  }
}