{
  "slope": {
    "estimate": 263.90848237158275,
    "lower_bound": 263.85495134335133,
    "unit": "ns",
    "upper_bound": 263.96935694725676
  },
  "mean": {
    "estimate": 264.15818168599776,
    "lower_bound": 264.06210902988124,
    "unit": "ns",
    "upper_bound": 264.25934070943623
  },
  "iteration_count": [
    3741,
    7482,
    11223,
    14964,
    18705,
    22446,
    26187,
    29928,
    33669,
    37410,
    41151,
    44892,
    48633,
    52374,
    56115,
    59856,
    63597,
    67338,
    71079,
    74820,
    78561,
    82302,
    86043,
    89784,
    93525,
    97266,
    101007,
    104748,
    108489,
    112230,
    115971,
    119712,
    123453,
    127194,
    130935,
    134676,
    138417,
    142158,
    145899,
    149640,
    153381,
    157122,
    160863,
    164604,
    168345,
    172086,
    175827,
    179568,
    183309,
    187050,
    190791,
    194532,
    198273,
    202014,
    205755,
    209496,
    213237,
    216978,
    220719,
    224460,
    228201,
    231942,
    235683,
    239424,
    243165,
    246906,
    250647,
    254388,
    258129,
    261870,
    265611,
    269352,
    273093,
    276834,
    280575,
    284316,
    288057,
    291798,
    295539,
    299280,
    303021,
    306762,
    310503,
    314244,
    317985,
    321726,
    325467,
    329208,
    332949,
    336690,
    340431,
    344172,
    347913,
    351654,
    355395,
    359136,
    362877,
    366618,
    370359,
    374100
  ],
  "report_directory": "/home/user/workspaces/ranim-bench/ranim/target/criterion/reports/extract/square",
  "throughput": [],
  "median": {
    "estimate": 263.9494366727058,
    "lower_bound": 263.8440601085216,
    "unit": "ns",
    "upper_bound": 264.107401637675
  },
  "median_abs_dev": {
    "estimate": 0.3618482839563577,
    "lower_bound": 0.2274564407853414,
    "unit": "ns",
    "upper_bound": 0.5805330292741976
  },
  "change": {
    "change": "Regressed",
    "mean": {
      "estimate": 0.026389985802518723,
      "lower_bound": 0.0256459438906045,
      "unit": "%",
      "upper_bound": 0.02712206458644345
    },
    "median": {
      "estimate": 0.025901329076137625,
      "lower_bound": 0.025070994733445984,
      "unit": "%",
      "upper_bound": 0.02685422167119933
    }
  },
  "unit": "ns",
  "measured_values": [
    985097.0,
    1976396.0,
    2968846.0,
    3957871.0,
    4954900.0,
    5937242.0,
    6922830.0,
    7921112.0,
    8915375.0,
    9900353.0,
    10901279.0,
    11879433.0,
    12873757.0,
    13866218.0,
    14865852.0,
    15851531.0,
    16835044.0,
    17843325.0,
    18814816.0,
    19806897.0,
    20812361.0,
    21807768.0,
    22802352.0,
    23804361.0,
    24777916.0,
    25770107.0,
    26756507.0,
    27736223.0,
    28707033.0,
    29756300.0,
    30690251.0,
    31790314.0,
    32761044.0,
    33585489.0,
    34512898.0,
    35517752.0,
    36501387.0,
    37488438.0,
    38478363.0,
    39481465.0,
    40502960.0,
    41448542.0,
    42460149.0,
    43411142.0,
    44404314.0,
    45390123.0,
    46333982.0,
    47346841.0,
    48324023.0,
    49410410.0,
    50334804.0,
    51362119.0,
    52306530.0,
    53321914.0,
    54281353.0,
    55399259.0,
    56300428.0,
    57222918.0,
    58237109.0,
    59245610.0,
    60196313.0,
    61170490.0,
    62165495.0,
    63177583.0,
    64123496.0,
    65134271.0,
    66194930.0,
    67151774.0,
    68115792.0,
    69199844.0,
    70121522.0,
    71205144.0,
    72149554.0,
    73019055.0,
    74029679.0,
    75009467.0,
    75953547.0,
    76938553.0,
    77917229.0,
    78949814.0,
    79980918.0,
    80924076.0,
    81945732.0,
    82928895.0,
    83994833.0,
    84880885.0,
    85811890.0,
    86776309.0,
    87832699.0,
    88783322.0,
    89812160.0,
    90767922.0,
    91836686.0,
    92722988.0,
    93709618.0,
    94940175.0,
    95742941.0,
    96681480.0,
    97749282.0,
    98830609.0
  ],
  "typical": {
    "estimate": 263.90848237158275,
    "lower_bound": 263.85495134335133,
    "unit": "ns",
    "upper_bound": 263.96935694725676
  }
}