{
  "measured_values": [
    1429806167.0,
    2889524375.0,
    4307340958.0,
    5780027875.0,
    7223468250.0,
    8703391333.0,
    10084085166.0,
    11606258000.0,
    12996301375.0,
    14418677416.0
  ],
  "typical": {
    "estimate": 1444625520.0935066,
    "lower_bound": 1442005731.5520809,
    "unit": "ns",
    "upper_bound": 1448000030.9665737
  },
  "slope": {
    "estimate": 1444625520.0935066,
    "lower_bound": 1442005731.5520809,
    "unit": "ns",
    "upper_bound": 1448000030.9665737
  },
  "throughput": [],
  "report_directory": "/Volumes/Files/_ranim/ranim-bench/ranim/target/criterion/reports/render/transform_squares/20",
  "mean": {
    "estimate": 1442788158.7603967,
    "lower_bound": 1438836712.0898414,
    "unit": "ns",
    "upper_bound": 1446280156.3035712
  },
  "iteration_count": [
    1,
    2,
    3,
    4,
    5,
    6,
    7,
    8,
    9,
    10
  ],
  "change": {
    "change": "Improved",
    "mean": {
      "estimate": -0.22650523737077977,
      "lower_bound": -0.2301372526144985,
      "unit": "%",
      "upper_bound": -0.22292261246215256
    },
    "median": {
      "estimate": -0.22510576956054285,
      "lower_bound": -0.2311762337499116,
      "unit": "%",
      "upper_bound": -0.2214107617438457
    }
  },
  "unit": "ns",
  "median_abs_dev": {
    "estimate": 4652249.989092879,
    "lower_bound": 283070.0330995023,
    "unit": "ns",
    "upper_bound": 10960048.275770364
  },
  "median": {
    "estimate": 1444363568.0555556,
    "lower_bound": 1438824030.4666667,
    "unit": "ns",
    "upper_bound": 1447663704.8333335
  }
}