{
  "iteration_count": [
    1,
    2,
    3,
    4,
    5,
    6,
    7,
    8,
    9,
    10
  ],
  "slope": {
    "estimate": 4801085065.262338,
    "lower_bound": 4797775751.828282,
    "unit": "ns",
    "upper_bound": 4804246028.024575
  },
  "report_directory": "/Volumes/Files/_ranim/ranim-bench/ranim/target/criterion/reports/render/transform_squares/40",
  "median_abs_dev": {
    "estimate": 8969020.375484882,
    "lower_bound": 2900276.047310211,
    "unit": "ns",
    "upper_bound": 17032013.940688133
  },
  "change": {
    "change": "Improved",
    "mean": {
      "estimate": -0.18113540310534315,
      "lower_bound": -0.183739755894778,
      "unit": "%",
      "upper_bound": -0.17853773639873743
    },
    "median": {
      "estimate": -0.1804306286524726,
      "lower_bound": -0.18509836162285132,
      "unit": "%",
      "upper_bound": -0.1777961401150353
    }
  },
  "throughput": [],
  "typical": {
    "estimate": 4801085065.262338,
    "lower_bound": 4797775751.828282,
    "unit": "ns",
    "upper_bound": 4804246028.024575
  },
  "median": {
    "estimate": 4800032527.678572,
    "lower_bound": 4792637903.5,
    "unit": "ns",
    "upper_bound": 4806453169.416666
  },
  "mean": {
    "estimate": 4800672002.163492,
    "lower_bound": 4794937608.127778,
    "unit": "ns",
    "upper_bound": 4807122373.083333
  },
  "measured_values": [
    4789789458.0,
    9645340625.0,
    14360621958.0,
    19173658958.0,
    24044891625.0,
    28823568083.0,
    33595791375.0,
    38363890792.0,
    43249624042.0,
    48006662875.0
  ],
  "unit": "ns"
}