{
  "measured_values": [
    1284000.0,
    1935300.0,
    2938200.0,
    3824800.0,
    5508500.0,
    5862700.0,
    6690400.0,
    8448100.0,
    8698200.0,
    9571800.0,
    10638700.0,
    12388600.0,
    13567800.0,
    13721900.0,
    16287300.0,
    16174200.0,
    16535100.0,
    17472900.0,
    18284900.0,
    19456600.0,
    20234800.0,
    21291800.0,
    22148700.0,
    23276300.0,
    24161000.0,
    25297500.0,
    27727100.0,
    28256100.0,
    28431700.0,
    29140500.0,
    29950000.0,
    31549700.0,
    32932700.0,
    32734200.0,
    34020900.0,
    36169300.0,
    37139800.0,
    37110400.0,
    37672800.0,
    38676500.0,
    42782600.0,
    40617700.0,
    41943200.0,
    42457600.0,
    44379600.0,
    45087800.0,
    47351900.0,
    46681100.0,
    47816800.0,
    49037500.0,
    56510800.0,
    51525900.0,
    51497000.0,
    54445700.0,
    54333700.0,
    55225100.0,
    55515300.0,
    56138300.0,
    60331700.0,
    58614900.0,
    61105100.0,
    61333900.0,
    61349100.0,
    61831400.0,
    63956600.0,
    65258400.0,
    67617300.0,
    66452400.0,
    67503100.0,
    67898600.0,
    68782300.0,
    71454600.0,
    75281600.0,
    74800900.0,
    75151300.0,
    81094400.0,
    79943200.0,
    75870100.0,
    77595800.0,
    78077200.0,
    79834700.0,
    79440000.0,
    81697600.0,
    81808900.0,
    84083400.0,
    84983200.0,
    88734000.0,
    86663100.0,
    88769300.0,
    88598100.0,
    89089100.0,
    90803100.0,
    94385700.0,
    91534900.0,
    93756900.0,
    95901100.0,
    100823800.0,
    95791400.0,
    97558900.0,
    97941300.0
  ],
  "unit": "ns",
  "median_abs_dev": {
    "estimate": 16.180531850623094,
    "lower_bound": 11.823379377881023,
    "unit": "ns",
    "upper_bound": 23.97146980811971
  },
  "median": {
    "estimate": 929.1815229825844,
    "lower_bound": 925.9857819905212,
    "unit": "ns",
    "upper_bound": 934.529028436019
  },
  "report_directory": "E:\\_ranim\\ranim-bench\\ranim\\target\\criterion\\reports\\extract\\arc",
  "typical": {
    "estimate": 939.844598508093,
    "lower_bound": 934.6567765045556,
    "unit": "ns",
    "upper_bound": 945.5762234614627
  },
  "iteration_count": [
    1055,
    2110,
    3165,
    4220,
    5275,
    6330,
    7385,
    8440,
    9495,
    10550,
    11605,
    12660,
    13715,
    14770,
    15825,
    16880,
    17935,
    18990,
    20045,
    21100,
    22155,
    23210,
    24265,
    25320,
    26375,
    27430,
    28485,
    29540,
    30595,
    31650,
    32705,
    33760,
    34815,
    35870,
    36925,
    37980,
    39035,
    40090,
    41145,
    42200,
    43255,
    44310,
    45365,
    46420,
    47475,
    48530,
    49585,
    50640,
    51695,
    52750,
    53805,
    54860,
    55915,
    56970,
    58025,
    59080,
    60135,
    61190,
    62245,
    63300,
    64355,
    65410,
    66465,
    67520,
    68575,
    69630,
    70685,
    71740,
    72795,
    73850,
    74905,
    75960,
    77015,
    78070,
    79125,
    80180,
    81235,
    82290,
    83345,
    84400,
    85455,
    86510,
    87565,
    88620,
    89675,
    90730,
    91785,
    92840,
    93895,
    94950,
    96005,
    97060,
    98115,
    99170,
    100225,
    101280,
    102335,
    103390,
    104445,
    105500
  ],
  "throughput": [],
  "slope": {
    "estimate": 939.844598508093,
    "lower_bound": 934.6567765045556,
    "unit": "ns",
    "upper_bound": 945.5762234614627
  },
  "change": {
    "change": "NoChange",
    "mean": {
      "estimate": 0.01353310987439671,
      "lower_bound": 0.0046746928073607315,
      "unit": "%",
      "upper_bound": 0.023082815495755422
    },
    "median": {
      "estimate": 0.004993356505277768,
      "lower_bound": -0.0003851865797367404,
      "unit": "%",
      "upper_bound": 0.012888379877184608
    }
  },
  "mean": {
    "estimate": 941.4325083183692,
    "lower_bound": 934.4527301808992,
    "unit": "ns",
    "upper_bound": 949.8731809172136
  }
}