{
  "median_abs_dev": {
    "estimate": 14.789899566390387,
    "lower_bound": 10.26514693191908,
    "unit": "ns",
    "upper_bound": 17.907343092587922
  },
  "change": {
    "change": "NoChange",
    "mean": {
      "estimate": 0.01192053446905117,
      "lower_bound": 0.005391812190959409,
      "unit": "%",
      "upper_bound": 0.018436980483835
    },
    "median": {
      "estimate": 0.010532985547623053,
      "lower_bound": 0.005270051063578141,
      "unit": "%",
      "upper_bound": 0.017010159261420833
    }
  },
  "typical": {
    "estimate": 800.0448839300511,
    "lower_bound": 795.7846231579255,
    "unit": "ns",
    "upper_bound": 805.0363547783352
  },
  "slope": {
    "estimate": 800.0448839300511,
    "lower_bound": 795.7846231579255,
    "unit": "ns",
    "upper_bound": 805.0363547783352
  },
  "report_directory": "E:\\_ranim\\ranim-bench\\ranim\\target\\criterion\\reports\\extract\\square",
  "throughput": [],
  "unit": "ns",
  "iteration_count": [
    1235,
    2470,
    3705,
    4940,
    6175,
    7410,
    8645,
    9880,
    11115,
    12350,
    13585,
    14820,
    16055,
    17290,
    18525,
    19760,
    20995,
    22230,
    23465,
    24700,
    25935,
    27170,
    28405,
    29640,
    30875,
    32110,
    33345,
    34580,
    35815,
    37050,
    38285,
    39520,
    40755,
    41990,
    43225,
    44460,
    45695,
    46930,
    48165,
    49400,
    50635,
    51870,
    53105,
    54340,
    55575,
    56810,
    58045,
    59280,
    60515,
    61750,
    62985,
    64220,
    65455,
    66690,
    67925,
    69160,
    70395,
    71630,
    72865,
    74100,
    75335,
    76570,
    77805,
    79040,
    80275,
    81510,
    82745,
    83980,
    85215,
    86450,
    87685,
    88920,
    90155,
    91390,
    92625,
    93860,
    95095,
    96330,
    97565,
    98800,
    100035,
    101270,
    102505,
    103740,
    104975,
    106210,
    107445,
    108680,
    109915,
    111150,
    112385,
    113620,
    114855,
    116090,
    117325,
    118560,
    119795,
    121030,
    122265,
    123500
  ],
  "measured_values": [
    960800.0,
    1948700.0,
    2920100.0,
    3812200.0,
    4798800.0,
    5906900.0,
    7030300.0,
    7723100.0,
    8617500.0,
    9693500.0,
    10608900.0,
    11597600.0,
    12545200.0,
    13457800.0,
    14396800.0,
    15962700.0,
    17375700.0,
    17368900.0,
    18413200.0,
    19290200.0,
    21389500.0,
    21597100.0,
    23773400.0,
    23292400.0,
    24118200.0,
    25433700.0,
    27200700.0,
    27685200.0,
    28148300.0,
    29230400.0,
    30468000.0,
    31181800.0,
    31864300.0,
    33952400.0,
    33892300.0,
    34727300.0,
    35853000.0,
    36688700.0,
    40654700.0,
    39339700.0,
    40095700.0,
    41266000.0,
    41591500.0,
    42410600.0,
    43519500.0,
    44306400.0,
    45501800.0,
    48196500.0,
    47277200.0,
    50038300.0,
    49116900.0,
    50405200.0,
    51007200.0,
    53646200.0,
    53749600.0,
    54209500.0,
    56247500.0,
    56570600.0,
    59428300.0,
    58806300.0,
    59718600.0,
    60784200.0,
    60772800.0,
    67720400.0,
    63904500.0,
    66998600.0,
    65690500.0,
    65728400.0,
    66755800.0,
    68655700.0,
    73083400.0,
    73910700.0,
    71334700.0,
    71398800.0,
    74419900.0,
    75446300.0,
    76561800.0,
    85699900.0,
    79195800.0,
    81690500.0,
    80312200.0,
    80518000.0,
    82651000.0,
    84827700.0,
    84169100.0,
    83931900.0,
    84848000.0,
    86395500.0,
    87736600.0,
    88508300.0,
    89361000.0,
    91552600.0,
    91230600.0,
    94168200.0,
    94490600.0,
    93159300.0,
    94360300.0,
    96426000.0,
    96843000.0,
    96650700.0
  ],
  "median": {
    "estimate": 792.0774704377943,
    "lower_bound": 788.549257759784,
    "unit": "ns",
    "upper_bound": 795.08245284882
  },
  "mean": {
    "estimate": 796.4130439260558,
    "lower_bound": 792.9311498759256,
    "unit": "ns",
    "upper_bound": 800.2358911107048
  }
}