{
  "id": "render/static_squares/10",
  "iteration_count": [
    1,
    2,
    3,
    4,
    5,
    6,
    7,
    8,
    9,
    10
  ],
  "measured_values": [
    903355208.0,
    1799882333.0,
    2832403833.0,
    3655455750.0,
    4649379458.0,
    5416713292.0,
    6266402917.0,
    7273230625.0,
    8228893000.0,
    9121055625.0
  ],
  "unit": "ns",
  "typical": {
    "estimate": 910884649.5688312,
    "lower_bound": 904817755.707642,
    "upper_bound": 916873167.6308724,
    "unit": "ns"
  },
  "mean": {
    "estimate": 912473761.5050398,
    "lower_bound": 904632620.2609128,
    "upper_bound": 921737985.7875892,
    "unit": "ns"
  },
  "median": {
    "estimate": 910629695.3125,
    "lower_bound": 901648187.25,
    "upper_bound": 921869914.55,
    "unit": "ns"
  },
  "median_abs_dev": {
    "estimate": 11207443.15434064,
    "lower_bound": 1642633.2562540772,
    "upper_bound": 23061022.94341174,
    "unit": "ns"
  }
}