{
  "id": "render/static_squares/20",
  "iteration_count": [
    1,
    2,
    3,
    4,
    5,
    6,
    7,
    8,
    9,
    10
  ],
  "measured_values": [
    1903411542.0,
    3740781708.0,
    5710777083.0,
    7555206959.0,
    9458502583.0,
    11355247833.0,
    12772087542.0,
    15285551083.0,
    17279077333.0,
    20201270959.0
  ],
  "unit": "ns",
  "typical": {
    "estimate": 1925650807.7948053,
    "lower_bound": 1868870775.6849315,
    "upper_bound": 1975643437.8031228,
    "unit": "ns"
  },
  "mean": {
    "estimate": 1902574071.614087,
    "lower_bound": 1876326068.969012,
    "upper_bound": 1934438369.410476,
    "unit": "ns"
  },
  "median": {
    "estimate": 1897976423.75,
    "lower_bound": 1881045685.3,
    "upper_bound": 1911744921.2222223,
    "unit": "ns"
  },
  "median_abs_dev": {
    "estimate": 16228647.263696415,
    "lower_bound": 2772140.041259676,
    "upper_bound": 64024787.53915783,
    "unit": "ns"
  }
}