{
  "slope": {
    "estimate": 280105016.2181818,
    "lower_bound": 279147708.0505804,
    "unit": "ns",
    "upper_bound": 280840433.68550116
  },
  "throughput": [],
  "mean": {
    "estimate": 279006409.0227778,
    "lower_bound": 276536231.41063887,
    "unit": "ns",
    "upper_bound": 280556858.51666665
  },
  "typical": {
    "estimate": 280105016.2181818,
    "lower_bound": 279147708.0505804,
    "unit": "ns",
    "upper_bound": 280840433.68550116
  },
  "report_directory": "/home/user/workspaces/ranim-bench/ranim/target/criterion/reports/render/transform_squares/10",
  "iteration_count": [
    1,
    2,
    3,
    4,
    5,
    6,
    7,
    8,
    9,
    10
  ],
  "unit": "ns",
  "median": {
    "estimate": 280404735.4666667,
    "lower_bound": 278691368.7777778,
    "unit": "ns",
    "upper_bound": 280788307.125
  },
  "median_abs_dev": {
    "estimate": 642809.6227328008,
    "lower_bound": 102846.32931407732,
    "unit": "ns",
    "upper_bound": 2479208.5273819147
  },
  "change": {
    "change": "Improved",
    "mean": {
      "estimate": -0.5526712469164302,
      "lower_bound": -0.5570746735157729,
      "unit": "%",
      "upper_bound": -0.5492757331757885
    },
    "median": {
      "estimate": -0.5499532964161284,
      "lower_bound": -0.55306210874448,
      "unit": "%",
      "upper_bound": -0.5486997164057312
    }
  },
  "measured_values": [
    268765885.0,
    560207583.0,
    840558355.0,
    1123735561.0,
    1403116763.0,
    1669819066.0,
    1964499068.0,
    2245941752.0,
    2508222319.0,
    2810710631.0
  ]
}