{
  "id": "render/static_squares/10",
  "iteration_count": [
    1,
    2,
    3,
    4,
    5,
    6,
    7,
    8,
    9,
    10
  ],
  "measured_values": [
    951056100.0,
    1923224700.0,
    2871100400.0,
    4025163700.0,
    4850294500.0,
    5753378200.0,
    6840417000.0,
    7679547100.0,
    8537934700.0,
    9633100100.0
  ],
  "unit": "ns",
  "typical": {
    "estimate": 963051720.2597402,
    "lower_bound": 955726691.9520549,
    "upper_bound": 973242699.3690852,
    "unit": "ns"
  },
  "mean": {
    "estimate": 965406334.5515872,
    "lower_bound": 957028550.3055556,
    "upper_bound": 976312232.4404762,
    "unit": "ns"
  },
  "median": {
    "estimate": 960777868.75,
    "lower_bound": 954976233.3333333,
    "upper_bound": 970256219.2857144,
    "unit": "ns"
  },
  "median_abs_dev": {
    "estimate": 9655753.558576137,
    "lower_bound": 2013358.4092557728,
    "upper_bound": 20246748.830548335,
    "unit": "ns"
  }
}