{
  "id": "render/static_squares/20",
  "iteration_count": [
    1,
    2,
    3,
    4,
    5,
    6,
    7,
    8,
    9,
    10
  ],
  "measured_values": [
    1416729900.0,
    2727861100.0,
    4046840400.0,
    5344200600.0,
    6834665900.0,
    8023414600.0,
    9582756800.0,
    10773400900.0,
    12138981900.0,
    13586817800.0
  ],
  "unit": "ns",
  "typical": {
    "estimate": 1353478214.8051949,
    "lower_bound": 1346100531.985294,
    "upper_bound": 1360613374.9326086,
    "unit": "ns"
  },
  "mean": {
    "estimate": 1359292426.297619,
    "lower_bound": 1347580116.2270834,
    "upper_bound": 1374341919.0119047,
    "unit": "ns"
  },
  "median": {
    "estimate": 1353814290.0,
    "lower_bound": 1343005766.6666667,
    "upper_bound": 1366933180.0,
    "unit": "ns"
  },
  "median_abs_dev": {
    "estimate": 17224216.389209032,
    "lower_bound": 1757795.238793014,
    "upper_bound": 30569293.961286664,
    "unit": "ns"
  }
}