{
  "id": "render/static_squares/40",
  "iteration_count": [
    1,
    2,
    3,
    4,
    5,
    6,
    7,
    8,
    9,
    10
  ],
  "measured_values": [
    2713625200.0,
    5357563800.0,
    8066190900.0,
    10785059800.0,
    13554329400.0,
    16190252000.0,
    18944789600.0,
    21643125600.0,
    24428333500.0,
    27069710900.0
  ],
  "unit": "ns",
  "typical": {
    "estimate": 2706471081.038961,
    "lower_bound": 2701478207.111111,
    "upper_bound": 2709995053.1559796,
    "unit": "ns"
  },
  "mean": {
    "estimate": 2701966314.539683,
    "lower_bound": 2694823892.969047,
    "upper_bound": 2708203114.888889,
    "unit": "ns"
  },
  "median": {
    "estimate": 2705894607.142857,
    "lower_bound": 2693552816.666667,
    "upper_bound": 2710865880.0,
    "unit": "ns"
  },
  "median_abs_dev": {
    "estimate": 11304725.959300878,
    "lower_bound": 1171543.0862009523,
    "upper_bound": 18761545.817265633,
    "unit": "ns"
  }
}