{
  "id": "render/static_squares/5",
  "iteration_count": [
    1,
    2,
    3,
    4,
    5,
    6,
    7,
    8,
    9,
    10
  ],
  "measured_values": [
    910751300.0,
    1793456300.0,
    2617228500.0,
    3485698400.0,
    4320659400.0,
    5206249100.0,
    6072344800.0,
    6968277900.0,
    7738882100.0,
    8732098000.0
  ],
  "unit": "ns",
  "typical": {
    "estimate": 868458416.3636364,
    "lower_bound": 863919192.8994083,
    "upper_bound": 872354040.5617201,
    "unit": "ns"
  },
  "mean": {
    "estimate": 875475176.829365,
    "lower_bound": 867391038.6031746,
    "upper_bound": 885618771.5083333,
    "unit": "ns"
  },
  "median": {
    "estimate": 871229668.75,
    "lower_bound": 865920031.6666667,
    "upper_bound": 884568825.0,
    "unit": "ns"
  },
  "median_abs_dev": {
    "estimate": 5391716.168027899,
    "lower_bound": 1019111.4231571556,
    "upper_bound": 19643019.12244303,
    "unit": "ns"
  }
}