{
  "report_directory": "/home/user/workspaces/ranim-bench/ranim/target/criterion/reports/extract/polygon/10",
  "median": {
    "estimate": 412.25957737814383,
    "lower_bound": 411.92620773930753,
    "unit": "ns",
    "upper_bound": 412.6752903580234
  },
  "throughput": [],
  "unit": "ns",
  "change": {
    "change": "Regressed",
    "mean": {
      "estimate": 0.03335747904979858,
      "lower_bound": 0.031011290905569405,
      "unit": "%",
      "upper_bound": 0.035749158546410975
    },
    "median": {
      "estimate": 0.035323197802384465,
      "lower_bound": 0.03426965033469154,
      "unit": "%",
      "upper_bound": 0.03673944105702928
    }
  },
  "median_abs_dev": {
    "estimate": 5.956223102402511,
    "lower_bound": 3.409065985810986,
    "unit": "ns",
    "upper_bound": 6.274307518831564
  },
  "mean": {
    "estimate": 412.95027896550874,
    "lower_bound": 412.1794346608189,
    "unit": "ns",
    "upper_bound": 413.729475157267
  },
  "typical": {
    "estimate": 411.5419376397439,
    "lower_bound": 410.6813107357211,
    "unit": "ns",
    "upper_bound": 412.5613591141926
  },
  "slope": {
    "estimate": 411.5419376397439,
    "lower_bound": 410.6813107357211,
    "unit": "ns",
    "upper_bound": 412.5613591141926
  },
  "iteration_count": [
    2455,
    4910,
    7365,
    9820,
    12275,
    14730,
    17185,
    19640,
    22095,
    24550,
    27005,
    29460,
    31915,
    34370,
    36825,
    39280,
    41735,
    44190,
    46645,
    49100,
    51555,
    54010,
    56465,
    58920,
    61375,
    63830,
    66285,
    68740,
    71195,
    73650,
    76105,
    78560,
    81015,
    83470,
    85925,
    88380,
    90835,
    93290,
    95745,
    98200,
    100655,
    103110,
    105565,
    108020,
    110475,
    112930,
    115385,
    117840,
    120295,
    122750,
    125205,
    127660,
    130115,
    132570,
    135025,
    137480,
    139935,
    142390,
    144845,
    147300,
    149755,
    152210,
    154665,
    157120,
    159575,
    162030,
    164485,
    166940,
    169395,
    171850,
    174305,
    176760,
    179215,
    181670,
    184125,
    186580,
    189035,
    191490,
    193945,
    196400,
    198855,
    201310,
    203765,
    206220,
    208675,
    211130,
    213585,
    216040,
    218495,
    220950,
    223405,
    225860,
    228315,
    230770,
    233225,
    235680,
    238135,
    240590,
    243045,
    245500
  ],
  "measured_values": [
    1022101.0,
    2001481.0,
    3008795.0,
    4008694.0,
    5071711.0,
    6014333.0,
    7028689.0,
    8063764.0,
    9036973.0,
    10082056.0,
    11092626.0,
    12055025.0,
    13098275.0,
    14086202.0,
    15132318.0,
    16083365.0,
    17133017.0,
    18285734.0,
    19241801.0,
    20240417.0,
    21346506.0,
    22266846.0,
    23259240.0,
    24381870.0,
    25281971.0,
    26336273.0,
    27381427.0,
    28332855.0,
    29357831.0,
    30383628.0,
    31374020.0,
    32350154.0,
    33373167.0,
    34959618.0,
    36086245.0,
    37005102.0,
    38091985.0,
    39057729.0,
    40041338.0,
    41069721.0,
    42115166.0,
    43173935.0,
    44373219.0,
    45259494.0,
    46274842.0,
    47347178.0,
    48346496.0,
    49495344.0,
    50432777.0,
    51094951.0,
    52146317.0,
    53229001.0,
    54171171.0,
    55224641.0,
    56348143.0,
    57248655.0,
    58366085.0,
    59314066.0,
    60449089.0,
    61449429.0,
    62519279.0,
    63512947.0,
    64455408.0,
    65476187.0,
    66434338.0,
    66708062.0,
    67821044.0,
    68794122.0,
    69767902.0,
    70873870.0,
    71793999.0,
    72849833.0,
    73897322.0,
    74848720.0,
    75794187.0,
    77016995.0,
    78121039.0,
    78917667.0,
    79986966.0,
    81028333.0,
    81922514.0,
    82158677.0,
    83154108.0,
    84177892.0,
    85162032.0,
    86062333.0,
    87116374.0,
    88248972.0,
    89119920.0,
    90151358.0,
    91251776.0,
    92030950.0,
    93061276.0,
    94030928.0,
    94974241.0,
    96142245.0,
    97105205.0,
    97963668.0,
    99150329.0,
    100740978.0
  ]
}