{
  "measured_values": [
    992164.0,
    2001602.0,
    2979640.0,
    3984649.0,
    4966974.0,
    5973015.0,
    6959949.0,
    7950731.0,
    8954417.0,
    9959897.0,
    10941210.0,
    11982237.0,
    12973841.0,
    13936630.0,
    14922382.0,
    15904919.0,
    16933322.0,
    18054778.0,
    19050961.0,
    20030371.0,
    21042703.0,
    22012416.0,
    23057319.0,
    24051167.0,
    25111129.0,
    26056986.0,
    27045304.0,
    28060922.0,
    29046324.0,
    30061752.0,
    31067492.0,
    32038677.0,
    33091296.0,
    34487069.0,
    35440992.0,
    36420221.0,
    37455838.0,
    38466557.0,
    39449383.0,
    40528792.0,
    41522459.0,
    42720441.0,
    43543707.0,
    44548616.0,
    45597668.0,
    46585715.0,
    47645787.0,
    48625397.0,
    49627941.0,
    50667064.0,
    51616629.0,
    52671540.0,
    53729329.0,
    54706104.0,
    55725691.0,
    56790882.0,
    57676225.0,
    58705480.0,
    59754150.0,
    60669000.0,
    61814803.0,
    62720345.0,
    63762272.0,
    64741683.0,
    65695685.0,
    66020206.0,
    67163604.0,
    68195393.0,
    69218876.0,
    70279369.0,
    71379868.0,
    72235445.0,
    73217170.0,
    74317017.0,
    75262224.0,
    76422143.0,
    77346760.0,
    78312987.0,
    79333074.0,
    80339915.0,
    81337009.0,
    81489575.0,
    82639878.0,
    83657590.0,
    84519068.0,
    85599599.0,
    86516713.0,
    87745773.0,
    88731034.0,
    89628991.0,
    90658586.0,
    91635111.0,
    92929874.0,
    93610874.0,
    94631532.0,
    95662519.0,
    96613867.0,
    97401397.0,
    98620739.0,
    99257264.0
  ],
  "median": {
    "estimate": 1245.4498685276517,
    "lower_bound": 1244.2203469693725,
    "unit": "ns",
    "upper_bound": 1247.2991246289175
  },
  "slope": {
    "estimate": 1244.7550326860255,
    "lower_bound": 1242.8140312121734,
    "unit": "ns",
    "upper_bound": 1247.026134434947
  },
  "unit": "ns",
  "typical": {
    "estimate": 1244.7550326860255,
    "lower_bound": 1242.8140312121734,
    "unit": "ns",
    "upper_bound": 1247.026134434947
  },
  "change": {
    "change": "NoChange",
    "mean": {
      "estimate": 0.006468823203618523,
      "lower_bound": 0.00380133104454164,
      "unit": "%",
      "upper_bound": 0.008911568515213795
    },
    "median": {
      "estimate": 0.00845331688784734,
      "lower_bound": 0.007308425670663699,
      "unit": "%",
      "upper_bound": 0.009970710923054238
    }
  },
  "throughput": [],
  "iteration_count": [
    805,
    1610,
    2415,
    3220,
    4025,
    4830,
    5635,
    6440,
    7245,
    8050,
    8855,
    9660,
    10465,
    11270,
    12075,
    12880,
    13685,
    14490,
    15295,
    16100,
    16905,
    17710,
    18515,
    19320,
    20125,
    20930,
    21735,
    22540,
    23345,
    24150,
    24955,
    25760,
    26565,
    27370,
    28175,
    28980,
    29785,
    30590,
    31395,
    32200,
    33005,
    33810,
    34615,
    35420,
    36225,
    37030,
    37835,
    38640,
    39445,
    40250,
    41055,
    41860,
    42665,
    43470,
    44275,
    45080,
    45885,
    46690,
    47495,
    48300,
    49105,
    49910,
    50715,
    51520,
    52325,
    53130,
    53935,
    54740,
    55545,
    56350,
    57155,
    57960,
    58765,
    59570,
    60375,
    61180,
    61985,
    62790,
    63595,
    64400,
    65205,
    66010,
    66815,
    67620,
    68425,
    69230,
    70035,
    70840,
    71645,
    72450,
    73255,
    74060,
    74865,
    75670,
    76475,
    77280,
    78085,
    78890,
    79695,
    80500
  ],
  "report_directory": "/home/user/workspaces/ranim-bench/ranim/target/criterion/reports/extract/polygon/40",
  "mean": {
    "estimate": 1246.4842104662694,
    "lower_bound": 1244.7435207766982,
    "unit": "ns",
    "upper_bound": 1248.2620303755984
  },
  "median_abs_dev": {
    "estimate": 12.572397961895753,
    "lower_bound": 10.327874127280946,
    "unit": "ns",
    "upper_bound": 15.27809850105524
  }
}