{
  "throughput": [],
  "report_directory": "/home/user/workspaces/ranim-bench/ranim/target/criterion/reports/extract/polygon/5",
  "median_abs_dev": {
    "estimate": 3.6149959286173106,
    "lower_bound": 2.427993003929709,
    "unit": "ns",
    "upper_bound": 5.299324597942299
  },
  "slope": {
    "estimate": 281.12749738357803,
    "lower_bound": 280.3612285387895,
    "unit": "ns",
    "upper_bound": 282.0328235316311
  },
  "iteration_count": [
    3604,
    7208,
    10812,
    14416,
    18020,
    21624,
    25228,
    28832,
    32436,
    36040,
    39644,
    43248,
    46852,
    50456,
    54060,
    57664,
    61268,
    64872,
    68476,
    72080,
    75684,
    79288,
    82892,
    86496,
    90100,
    93704,
    97308,
    100912,
    104516,
    108120,
    111724,
    115328,
    118932,
    122536,
    126140,
    129744,
    133348,
    136952,
    140556,
    144160,
    147764,
    151368,
    154972,
    158576,
    162180,
    165784,
    169388,
    172992,
    176596,
    180200,
    183804,
    187408,
    191012,
    194616,
    198220,
    201824,
    205428,
    209032,
    212636,
    216240,
    219844,
    223448,
    227052,
    230656,
    234260,
    237864,
    241468,
    245072,
    248676,
    252280,
    255884,
    259488,
    263092,
    266696,
    270300,
    273904,
    277508,
    281112,
    284716,
    288320,
    291924,
    295528,
    299132,
    302736,
    306340,
    309944,
    313548,
    317152,
    320756,
    324360,
    327964,
    331568,
    335172,
    338776,
    342380,
    345984,
    349588,
    353192,
    356796,
    360400
  ],
  "typical": {
    "estimate": 281.12749738357803,
    "lower_bound": 280.3612285387895,
    "unit": "ns",
    "upper_bound": 282.0328235316311
  },
  "median": {
    "estimate": 281.1899635513986,
    "lower_bound": 280.3576103180374,
    "unit": "ns",
    "upper_bound": 281.39347421783606
  },
  "change": {
    "change": "Improved",
    "mean": {
      "estimate": -0.03812666384356089,
      "lower_bound": -0.04090889101179005,
      "unit": "%",
      "upper_bound": -0.03557704140613047
    },
    "median": {
      "estimate": -0.04027351961208914,
      "lower_bound": -0.04311441559928608,
      "unit": "%",
      "upper_bound": -0.03770012415151636
    }
  },
  "mean": {
    "estimate": 282.2067062310379,
    "lower_bound": 281.4726665353039,
    "unit": "ns",
    "upper_bound": 282.9616339607762
  },
  "unit": "ns",
  "measured_values": [
    1021730.0,
    2012502.0,
    3010858.0,
    4018221.0,
    5031726.0,
    6029391.0,
    7039329.0,
    8037495.0,
    9044638.0,
    10057451.0,
    11068180.0,
    12077597.0,
    13082115.0,
    14121939.0,
    15092563.0,
    16138218.0,
    17116286.0,
    18210172.0,
    19231712.0,
    20252911.0,
    21261366.0,
    22271514.0,
    23217062.0,
    24248931.0,
    25392790.0,
    26354017.0,
    27354246.0,
    28349918.0,
    29301856.0,
    30311213.0,
    31263422.0,
    32277088.0,
    33459820.0,
    35460400.0,
    36448838.0,
    37457113.0,
    38450480.0,
    39495683.0,
    40548221.0,
    41634613.0,
    42625696.0,
    43639011.0,
    44743836.0,
    45814309.0,
    46664446.0,
    47795902.0,
    48839583.0,
    49822391.0,
    50891339.0,
    51610451.0,
    52627543.0,
    53564923.0,
    54460957.0,
    55742726.0,
    56760740.0,
    57807547.0,
    58842262.0,
    59860124.0,
    60871836.0,
    61987602.0,
    62946103.0,
    64018458.0,
    65001867.0,
    65989623.0,
    67002237.0,
    66870388.0,
    67925071.0,
    68988529.0,
    69978139.0,
    70998115.0,
    72046486.0,
    72977725.0,
    73994897.0,
    75046514.0,
    76026044.0,
    77053816.0,
    78080054.0,
    79106213.0,
    80051299.0,
    81080774.0,
    82214795.0,
    82103475.0,
    83125557.0,
    84231725.0,
    85054872.0,
    86087062.0,
    87087863.0,
    88175276.0,
    89017750.0,
    90087048.0,
    91028979.0,
    92058113.0,
    92969275.0,
    93954596.0,
    95157427.0,
    96024858.0,
    97221476.0,
    98627248.0,
    99736031.0,
    100659407.0
  ]
}