{
  "throughput": [],
  "typical": {
    "estimate": 239.83103536214156,
    "lower_bound": 238.9510107970321,
    "unit": "ns",
    "upper_bound": 240.73392920802965
  },
  "measured_values": [
    1027804.0,
    2048645.0,
    3065929.0,
    4100236.0,
    5131846.0,
    6149401.0,
    7170673.0,
    8184822.0,
    9229146.0,
    10255668.0,
    11258875.0,
    12308601.0,
    13295718.0,
    14327650.0,
    15372666.0,
    16413245.0,
    17425309.0,
    18438445.0,
    19418179.0,
    20455581.0,
    21459169.0,
    22546525.0,
    23511240.0,
    24500121.0,
    25542482.0,
    26559586.0,
    27605694.0,
    28627808.0,
    29692391.0,
    30716629.0,
    31712993.0,
    32724586.0,
    33796414.0,
    34853032.0,
    35905443.0,
    36827026.0,
    37873775.0,
    38949380.0,
    39968738.0,
    40940065.0,
    42031319.0,
    43060255.0,
    44112836.0,
    45163914.0,
    46162864.0,
    47141314.0,
    48257835.0,
    49314344.0,
    50655311.0,
    51897189.0,
    52631329.0,
    53675934.0,
    54699830.0,
    55941188.0,
    56816194.0,
    57702600.0,
    58506640.0,
    59461796.0,
    60546697.0,
    61483029.0,
    62584182.0,
    63500033.0,
    64550460.0,
    65549910.0,
    66598895.0,
    67525137.0,
    68578680.0,
    69722332.0,
    72113846.0,
    74110633.0,
    75508386.0,
    76554104.0,
    77567199.0,
    78826681.0,
    79644608.0,
    80886617.0,
    81724732.0,
    82759429.0,
    83919614.0,
    84997352.0,
    86024735.0,
    87297462.0,
    88433471.0,
    89282947.0,
    89302733.0,
    88625692.0,
    89682411.0,
    90755981.0,
    91743830.0,
    92728011.0,
    93756877.0,
    94787246.0,
    95847742.0,
    96905612.0,
    97899091.0,
    98904851.0,
    99992248.0,
    101016535.0,
    102066701.0,
    103109974.0
  ],
  "slope": {
    "estimate": 239.83103536214156,
    "lower_bound": 238.9510107970321,
    "unit": "ns",
    "upper_bound": 240.73392920802965
  },
  "mean": {
    "estimate": 238.39790479493465,
    "lower_bound": 237.8060460479384,
    "unit": "ns",
    "upper_bound": 239.02433907109284
  },
  "report_directory": "/home/user/workspaces/ranim-bench/ranim/target/criterion/reports/extract/polygon/10",
  "unit": "ns",
  "change": null,
  "median_abs_dev": {
    "estimate": 1.0820533792989455,
    "lower_bound": 0.6497469756634805,
    "unit": "ns",
    "upper_bound": 1.4672659763211828
  },
  "median": {
    "estimate": 236.91815499101875,
    "lower_bound": 236.7411493003668,
    "unit": "ns",
    "upper_bound": 237.5355425469818
  },
  "iteration_count": [
    4330,
    8660,
    12990,
    17320,
    21650,
    25980,
    30310,
    34640,
    38970,
    43300,
    47630,
    51960,
    56290,
    60620,
    64950,
    69280,
    73610,
    77940,
    82270,
    86600,
    90930,
    95260,
    99590,
    103920,
    108250,
    112580,
    116910,
    121240,
    125570,
    129900,
    134230,
    138560,
    142890,
    147220,
    151550,
    155880,
    160210,
    164540,
    168870,
    173200,
    177530,
    181860,
    186190,
    190520,
    194850,
    199180,
    203510,
    207840,
    212170,
    216500,
    220830,
    225160,
    229490,
    233820,
    238150,
    242480,
    246810,
    251140,
    255470,
    259800,
    264130,
    268460,
    272790,
    277120,
    281450,
    285780,
    290110,
    294440,
    298770,
    303100,
    307430,
    311760,
    316090,
    320420,
    324750,
    329080,
    333410,
    337740,
    342070,
    346400,
    350730,
    355060,
    359390,
    363720,
    368050,
    372380,
    376710,
    381040,
    385370,
    389700,
    394030,
    398360,
    402690,
    407020,
    411350,
    415680,
    420010,
    424340,
    428670,
    433000
  ]
}