{
  "report_directory": "/home/user/workspaces/ranim-bench/ranim/target/criterion/reports/extract/polygon/40",
  "measured_values": [
    1024577.0,
    1964484.0,
    2948525.0,
    3940561.0,
    4923219.0,
    5931566.0,
    6911368.0,
    7899216.0,
    8868208.0,
    9869100.0,
    10855877.0,
    11799992.0,
    12782569.0,
    13826583.0,
    14774506.0,
    15784055.0,
    16786640.0,
    17795648.0,
    18816007.0,
    19703396.0,
    20711211.0,
    21642121.0,
    22713527.0,
    23662872.0,
    24677069.0,
    25776999.0,
    26661481.0,
    27563647.0,
    28549701.0,
    29580701.0,
    30657447.0,
    31598506.0,
    32581505.0,
    33575313.0,
    34536802.0,
    35535109.0,
    36465759.0,
    37410606.0,
    38444370.0,
    39332119.0,
    40334744.0,
    41357288.0,
    42370574.0,
    43337502.0,
    44261720.0,
    45273172.0,
    46249768.0,
    47143970.0,
    48280298.0,
    49186482.0,
    50204346.0,
    51394275.0,
    52140094.0,
    53190782.0,
    54139285.0,
    55125850.0,
    56075386.0,
    56953607.0,
    58058225.0,
    58974026.0,
    60111568.0,
    61104654.0,
    62164399.0,
    62950335.0,
    63909478.0,
    64868832.0,
    65899801.0,
    66920901.0,
    68274560.0,
    69198887.0,
    70180794.0,
    71158963.0,
    72157732.0,
    73145660.0,
    74130572.0,
    75139049.0,
    76163175.0,
    77010727.0,
    78011150.0,
    79076414.0,
    80080602.0,
    81168768.0,
    82105679.0,
    83044815.0,
    84016583.0,
    85070154.0,
    85974184.0,
    87007137.0,
    87939248.0,
    88946443.0,
    89877854.0,
    90891811.0,
    91861304.0,
    93111646.0,
    93891681.0,
    94841257.0,
    95817502.0,
    96875593.0,
    97759414.0,
    98866878.0
  ],
  "median_abs_dev": {
    "estimate": 1.4372512595644604,
    "lower_bound": 1.034796688315488,
    "unit": "ns",
    "upper_bound": 1.840668909201855
  },
  "slope": {
    "estimate": 579.372447308847,
    "lower_bound": 579.0758028639759,
    "unit": "ns",
    "upper_bound": 579.6241361607599
  },
  "typical": {
    "estimate": 579.372447308847,
    "lower_bound": 579.0758028639759,
    "unit": "ns",
    "upper_bound": 579.6241361607599
  },
  "iteration_count": [
    1704,
    3408,
    5112,
    6816,
    8520,
    10224,
    11928,
    13632,
    15336,
    17040,
    18744,
    20448,
    22152,
    23856,
    25560,
    27264,
    28968,
    30672,
    32376,
    34080,
    35784,
    37488,
    39192,
    40896,
    42600,
    44304,
    46008,
    47712,
    49416,
    51120,
    52824,
    54528,
    56232,
    57936,
    59640,
    61344,
    63048,
    64752,
    66456,
    68160,
    69864,
    71568,
    73272,
    74976,
    76680,
    78384,
    80088,
    81792,
    83496,
    85200,
    86904,
    88608,
    90312,
    92016,
    93720,
    95424,
    97128,
    98832,
    100536,
    102240,
    103944,
    105648,
    107352,
    109056,
    110760,
    112464,
    114168,
    115872,
    117576,
    119280,
    120984,
    122688,
    124392,
    126096,
    127800,
    129504,
    131208,
    132912,
    134616,
    136320,
    138024,
    139728,
    141432,
    143136,
    144840,
    146544,
    148248,
    149952,
    151656,
    153360,
    155064,
    156768,
    158472,
    160176,
    161880,
    163584,
    165288,
    166992,
    168696,
    170400
  ],
  "throughput": [],
  "median": {
    "estimate": 579.2232276995305,
    "lower_bound": 578.3809002664636,
    "unit": "ns",
    "upper_bound": 579.5026909189155
  },
  "change": null,
  "unit": "ns",
  "mean": {
    "estimate": 579.101048551538,
    "lower_bound": 578.682060183159,
    "unit": "ns",
    "upper_bound": 579.6881422363471
  }
}