{
  "unit": "ns",
  "throughput": [],
  "typical": {
    "estimate": 213.4726392931143,
    "lower_bound": 213.30420211537896,
    "unit": "ns",
    "upper_bound": 213.67478607823608
  },
  "median_abs_dev": {
    "estimate": 0.670543810306613,
    "lower_bound": 0.38064129216926257,
    "unit": "ns",
    "upper_bound": 0.931679316341374
  },
  "median": {
    "estimate": 214.19277600603235,
    "lower_bound": 214.02018252436437,
    "unit": "ns",
    "upper_bound": 214.2920487946412
  },
  "report_directory": "/home/user/workspaces/ranim-bench/ranim/target/criterion/reports/extract/polygon/5",
  "measured_values": [
    1001384.0,
    1999493.0,
    3010435.0,
    3998554.0,
    5092574.0,
    5984901.0,
    6973111.0,
    8035251.0,
    8969287.0,
    10003594.0,
    10981284.0,
    11956368.0,
    12972731.0,
    13976119.0,
    14984887.0,
    16026007.0,
    17004137.0,
    17982939.0,
    18960769.0,
    19956072.0,
    21020576.0,
    21965403.0,
    22987116.0,
    24006935.0,
    24953536.0,
    26029000.0,
    26932409.0,
    27982235.0,
    28969974.0,
    29949256.0,
    30890336.0,
    31992732.0,
    33060301.0,
    33974290.0,
    34969042.0,
    36037433.0,
    36975959.0,
    37985468.0,
    38893767.0,
    40054292.0,
    41044886.0,
    42004652.0,
    42971851.0,
    44052354.0,
    45039181.0,
    45895491.0,
    46948794.0,
    48043635.0,
    48919973.0,
    49911628.0,
    50976663.0,
    51957188.0,
    53052249.0,
    54155256.0,
    54907279.0,
    56620059.0,
    57005638.0,
    58011481.0,
    58966728.0,
    59930562.0,
    61074956.0,
    61920586.0,
    62872495.0,
    63984959.0,
    64940898.0,
    66051809.0,
    66940651.0,
    67950772.0,
    68959140.0,
    69959682.0,
    70978349.0,
    71585608.0,
    72483717.0,
    73392826.0,
    74511793.0,
    75440941.0,
    76492539.0,
    77456221.0,
    78514293.0,
    79436117.0,
    80571113.0,
    81479242.0,
    82411535.0,
    83396869.0,
    84298915.0,
    85158542.0,
    86254975.0,
    87393559.0,
    88380435.0,
    89263584.0,
    90422987.0,
    91147037.0,
    92155575.0,
    93443802.0,
    94330629.0,
    95334619.0,
    96454106.0,
    97374757.0,
    98428711.0,
    99311339.0
  ],
  "slope": {
    "estimate": 213.4726392931143,
    "lower_bound": 213.30420211537896,
    "unit": "ns",
    "upper_bound": 213.67478607823608
  },
  "iteration_count": [
    4663,
    9326,
    13989,
    18652,
    23315,
    27978,
    32641,
    37304,
    41967,
    46630,
    51293,
    55956,
    60619,
    65282,
    69945,
    74608,
    79271,
    83934,
    88597,
    93260,
    97923,
    102586,
    107249,
    111912,
    116575,
    121238,
    125901,
    130564,
    135227,
    139890,
    144553,
    149216,
    153879,
    158542,
    163205,
    167868,
    172531,
    177194,
    181857,
    186520,
    191183,
    195846,
    200509,
    205172,
    209835,
    214498,
    219161,
    223824,
    228487,
    233150,
    237813,
    242476,
    247139,
    251802,
    256465,
    261128,
    265791,
    270454,
    275117,
    279780,
    284443,
    289106,
    293769,
    298432,
    303095,
    307758,
    312421,
    317084,
    321747,
    326410,
    331073,
    335736,
    340399,
    345062,
    349725,
    354388,
    359051,
    363714,
    368377,
    373040,
    377703,
    382366,
    387029,
    391692,
    396355,
    401018,
    405681,
    410344,
    415007,
    419670,
    424333,
    428996,
    433659,
    438322,
    442985,
    447648,
    452311,
    456974,
    461637,
    466300
  ],
  "change": null,
  "mean": {
    "estimate": 213.9999739579976,
    "lower_bound": 213.83129307147,
    "unit": "ns",
    "upper_bound": 214.1789121968738
  }
}